Date,Berkeley_Temperature,CRU_Temperature,NASA_Temperature,NOAA_Temperature,Global_Temp_Avg,Warming_Velocity_12m,Warming_Velocity_10y,Temp_Volatility_12m,Trend_Component,Seasonal_Component,Residual_Component,Decade
1850-01-01,-0.38,-0.734,,-1.046,-0.72,,,,-0.503663220969533,-0.15187379046662094,-0.06446298856384602,1850
1850-02-01,-0.186,-0.36,,-0.777,-0.441,,,,-0.5002481100708782,0.007191662098680913,0.05205644797219727,1850
1850-03-01,-0.22,-0.627,,-0.853,-0.567,,,,-0.4966838816024893,-0.12877186927449893,0.05845575087698823,1850
1850-04-01,-0.738,-0.605,,-0.99,-0.778,,,,-0.4929336212945116,-0.31890161078334406,0.03383523207785566,1850
1850-05-01,-0.276,-0.532,,-0.839,-0.549,,,,-0.4889981493779399,-0.025394834558553094,-0.03460701606350708,1850
1850-06-01,-0.239,-0.352,,-0.62,-0.404,,,,-0.48490665774919883,0.10118799665111415,-0.020281338901915302,1850
1850-07-01,-0.16,-0.176,,-0.532,-0.289,,,,-0.48069127598203876,0.19532251693049374,-0.0036312409484549613,1850
1850-08-01,-0.17,-0.223,,-0.607,-0.333,,,,-0.47639045671549635,0.1281012358681839,0.015289220847312435,1850
1850-09-01,-0.253,-0.394,,-0.687,-0.445,,,,-0.4720695429135224,0.05831775653901304,-0.03124821362549063,1850
1850-10-01,-0.161,-0.516,,-0.813,-0.497,,,,-0.46785265862452324,0.00920381678980235,-0.038351158165279065,1850
1850-11-01,-0.102,-0.277,,-0.734,-0.371,,,,-0.46391070787056,0.0954785131440642,-0.002567805273504198,1850
1850-12-01,-0.483,-0.322,,-0.641,-0.482,,,0.1466,-0.4600191508996312,0.011577358289619567,-0.03355820738998838,1850
1851-01-01,-0.408,-0.266,,-0.771,-0.482,0.238,,0.1275,-0.4526270022568564,-0.13400071857435672,0.10462772083121313,1850
1851-02-01,-0.304,-0.467,,-0.732,-0.501,-0.06,,0.1274,-0.44385033623626946,-0.039637788693023326,-0.017511875070707228,1850
1851-03-01,-0.332,-0.641,,-0.882,-0.618,-0.051,,0.1315,-0.4342693181327974,-0.11168685954273072,-0.07204382232447187,1850
1851-04-01,-0.596,-0.528,,-0.944,-0.689,0.089,,0.1146,-0.42441368158871456,-0.25559518004805426,-0.008991138363231121,1850
1851-05-01,-0.254,-0.222,,-0.777,-0.418,0.131,,0.1127,-0.41460183978335924,-0.019891377539171855,0.016493217322531117,1850
1851-06-01,-0.129,-0.207,,-0.583,-0.306,0.098,,0.1205,-0.4050077894546091,0.09689388388460958,0.002113905569999519,1850
1851-07-01,-0.096,-0.136,,-0.433,-0.222,0.067,,0.13,-0.3962021240313991,0.17661574669063712,-0.002413622659238057,1850
1851-08-01,-0.283,-0.148,,-0.409,-0.28,0.053,,0.135,-0.3883819121512351,0.1114965872999176,-0.0031146751486825774,1850
1851-09-01,-0.16,-0.146,,-0.611,-0.306,0.139,,0.1406,-0.38119797825228396,0.05950853731046527,0.015689440941818678,1850
1851-10-01,-0.079,-0.045,,-0.568,-0.231,0.266,,0.1499,-0.3743519858811187,0.02358624315856745,0.1197657427225512,1850
1851-11-01,-0.153,-0.108,,-0.642,-0.301,0.07,,0.1529,-0.36778688674482873,0.0560139742130175,0.01077291253181123,1850
1851-12-01,-0.159,-0.248,,-0.625,-0.344,0.138,,0.1516,-0.36126014952786023,0.011881881772720732,0.005378267755139499,1850
1852-01-01,-0.304,-0.346,,-0.669,-0.44,0.042,,0.1498,-0.3551417801544884,-0.11546193546802834,0.030603715622516736,1850
1852-02-01,-0.299,-0.496,,-0.861,-0.552,-0.051,,0.1539,-0.3496314677086087,-0.07973813842842443,-0.12263039386296692,1850
1852-03-01,-0.506,-0.567,,-0.954,-0.676,-0.058,,0.1623,-0.34463699661241837,-0.09269251354709405,-0.2386704898404876,1850
1852-04-01,-0.445,-0.575,,-0.806,-0.609,0.08,,0.1505,-0.34041157888857454,-0.18863769573213626,-0.07995072537928916,1850
1852-05-01,-0.149,-0.113,,-0.645,-0.302,0.116,,0.1522,-0.3372531484716154,-0.017080038762182462,0.05233318723379787,1850
1852-06-01,-0.147,-0.077,,-0.426,-0.217,0.089,,0.1583,-0.3350711175073995,0.08888595156189541,0.029185165945504077,1850
1852-07-01,-0.049,0.009,,-0.502,-0.181,0.041,,0.1622,-0.33341280478797075,0.1556327181245957,-0.003219913336624969,1850
1852-08-01,-0.149,-0.149,,-0.528,-0.275,0.005,,0.1625,-0.33182265023974783,0.09641934795632298,-0.0395966977165752,1850
1852-09-01,-0.063,-0.006,,-0.487,-0.185,0.121,,0.1703,-0.33013508703214206,0.05981942781071066,0.08531565922143142,1850
1852-10-01,-0.129,-0.158,,-0.566,-0.284,-0.053,,0.1674,-0.32870648368389377,0.041674355119101905,0.0030321285647919027,1850
1852-11-01,0.033,-0.275,,-0.638,-0.293,0.008,,0.1677,-0.3279793729771046,0.02039170055524613,0.014587672421858489,1850
1852-12-01,-0.278,0.064,,-0.531,-0.248,0.096,,0.1709,-0.32849240451618805,0.008674592612989477,0.07181781190319858,1850
1853-01-01,-0.396,-0.204,,-0.778,-0.459,-0.019,,0.1719,-0.33074932754922504,-0.10151278049667066,-0.02673789195410431,1850
1853-02-01,-0.158,-0.399,,-0.838,-0.465,0.087,,0.1646,-0.33494823822394265,-0.11639844233854357,-0.0136533194375138,1850
1853-03-01,-0.237,-0.273,,-0.827,-0.446,0.23,,0.1335,-0.3410227611139422,-0.07678497289487296,-0.02819226599118485,1850
1853-04-01,-0.109,-0.401,,-0.853,-0.454,0.155,,0.1095,-0.3486586852776395,-0.1203412235689638,0.014999908846603294,1850
1853-05-01,-0.212,-0.27,,-0.624,-0.369,-0.067,,0.1103,-0.35733102306280906,-0.017934664743165542,0.006265687805974585,1850
1853-06-01,-0.078,-0.124,,-0.521,-0.241,-0.024,,0.1084,-0.36583324866680367,0.07547804180598734,0.04935520686081635,1850
1853-07-01,-0.062,-0.072,,-0.404,-0.179,0.002,,0.1087,-0.3729655772621963,0.1273544477115114,0.06661112955068493,1850
1853-08-01,-0.187,-0.04,,-0.572,-0.266,0.009,,0.1091,-0.3785105226515415,0.07872157989051307,0.033788942761028395,1850
1853-09-01,-0.209,-0.266,,-0.695,-0.39,-0.205,,0.1011,-0.38314711648274286,0.056518911787119624,-0.06337179530437681,1850
1853-10-01,-0.312,-0.373,,-0.706,-0.464,-0.18,,0.1051,-0.38737014983375245,0.05186349295151647,-0.128493343117764,1850
1853-11-01,-0.44,-0.401,,-0.737,-0.526,-0.233,,0.1135,-0.3912851716062266,-0.01726152182445053,-0.1174533065693229,1850
1853-12-01,-0.165,-0.326,,-0.643,-0.378,-0.13,,0.1062,-0.3947716016294806,-0.0010236965161866467,0.01779529814566727,1850
1854-01-01,-0.425,-0.403,,-0.824,-0.551,-0.092,,0.1149,-0.39733459576919905,-0.0845309249338277,-0.0691344792969733,1850
1854-02-01,-0.441,-0.392,,-0.74,-0.524,-0.059,,0.1194,-0.39850946983507846,-0.08531203448697579,-0.04017849567794579,1850
1854-03-01,-0.139,-0.247,,-0.726,-0.371,0.075,,0.1187,-0.3977831041898232,-0.02907444846792024,0.05585755265774345,1850
1854-04-01,-0.151,-0.327,,-0.693,-0.39,0.064,,0.1171,-0.3945361216410143,-0.06525716854187702,0.06979329018289132,1850
1854-05-01,-0.438,-0.277,,-0.656,-0.457,-0.088,,0.1186,-0.38863402365662647,-0.03450597019953437,-0.03386000614383916,1850
1854-06-01,-0.272,-0.302,,-0.578,-0.384,-0.143,,0.1085,-0.3809771340236806,0.054890820890514926,-0.057913686866834346,1850
1854-07-01,-0.171,-0.162,,-0.596,-0.31,-0.131,,0.0882,-0.3729036151624458,0.10017290665284354,-0.03726929149039776,1850
1854-08-01,-0.049,-0.233,,-0.624,-0.302,-0.036,,0.083,-0.36570572307821786,0.0657143133548128,-0.002008590276594946,1850
1854-09-01,-0.051,-0.216,,-0.603,-0.29,0.1,,0.091,-0.35994540895054483,0.024303863869216437,0.045641545081328394,1850
1854-10-01,-0.105,-0.099,,-0.561,-0.255,0.209,,0.0998,-0.35553784038159625,0.04967174337958228,0.050866097002013944,1850
1854-11-01,-0.088,-0.412,,-0.618,-0.373,0.153,,0.0909,-0.35249854555004123,-0.03880926967368208,0.018307815223723323,1850
1854-12-01,-0.188,-0.454,,-0.641,-0.428,-0.05,,0.0918,-0.35096661486240577,-0.029332318288580052,-0.04770106684901415,1850
1855-01-01,-0.215,-0.17,,-0.698,-0.361,0.19,,0.0758,-0.3504459776132611,-0.048279077713885274,0.03772505532714637,1850
1855-02-01,0.043,-0.313,,-0.716,-0.329,0.195,,0.0589,-0.3505529580620103,-0.044981920855170054,0.06653487891718035,1850
1855-03-01,0.006,-0.345,,-0.686,-0.342,0.029,,0.0587,-0.3514346601506345,-0.0007631862593199912,0.01019784640995447,1850
1855-04-01,-0.089,-0.211,,-0.74,-0.347,0.043,,0.0575,-0.3533194463435164,-0.05758182735307597,0.06390127369659243,1850
1855-05-01,-0.18,-0.368,,-0.695,-0.414,0.043,,0.0511,-0.35610460631569807,-0.04107776992931617,-0.016817623754985744,1850
1855-06-01,-0.125,-0.333,,-0.616,-0.358,0.026,,0.0498,-0.35968371918565406,0.055048739296448504,-0.053365020110794414,1850
1855-07-01,-0.305,-0.315,,-0.734,-0.451,-0.141,,0.0575,-0.36410670520605576,0.08110591694586763,-0.16799921173981186,1850
1855-08-01,-0.124,-0.202,,-0.625,-0.317,-0.015,,0.0564,-0.3690754900128453,0.05124208233244299,0.0008334076804022983,1850
1855-09-01,-0.151,-0.259,,-0.744,-0.385,-0.095,,0.0529,-0.3744101079206586,0.007862979572971234,-0.01845287165231263,1850
1855-10-01,-0.033,-0.2,,-0.624,-0.286,-0.031,,0.0477,-0.38016204193959163,0.0477513596778779,0.04641068226171374,1850
1855-11-01,-0.198,-0.374,,-0.702,-0.425,-0.052,,0.0506,-0.3865616683975745,-0.035799796658889285,-0.0026385349435362193,1850
1855-12-01,-0.29,-0.408,,-0.655,-0.451,-0.023,,0.0534,-0.39371576473463843,-0.04778243043119617,-0.009501804834165406,1850
1856-01-01,-0.236,-0.083,,-0.431,-0.25,0.111,,0.064,-0.4019341478505793,-0.01843778173420711,0.1703719295847864,1850
1856-02-01,-0.209,-0.347,,-0.627,-0.394,-0.065,,0.0637,-0.4114816438596663,-0.02361821067607009,0.041099854535736335,1850
1856-03-01,-0.092,-0.371,,-0.733,-0.399,-0.057,,0.0636,-0.4223895225693968,0.005967404443926336,0.017422118125470454,1850
1856-04-01,-0.467,-0.314,,-0.881,-0.554,-0.207,,0.0815,-0.43473898467854794,-0.07329879109855557,-0.04596222422289653,1850
1856-05-01,-0.186,-0.293,,-0.751,-0.41,0.004,,0.0814,-0.4483417109578839,-0.05121472738435001,0.08955643834223392,1850
1856-06-01,-0.155,-0.225,,-0.64,-0.34,0.018,,0.0822,-0.46282921166043317,0.06972655461380665,0.05310265704662648,1850
1856-07-01,-0.168,-0.223,,-0.698,-0.363,0.088,,0.08,-0.47825976892460426,0.06658061512172901,0.04867915380287524,1850
1856-08-01,-0.345,-0.249,,-0.87,-0.488,-0.171,,0.0827,-0.4943936890734346,0.05255351085686569,-0.04615982178343103,1850
1856-09-01,-0.44,-0.402,,-0.823,-0.555,-0.17,,0.0945,-0.5104729805067946,0.005371416375965906,-0.04989843586917142,1850
1856-10-01,-0.296,-0.446,,-0.966,-0.569,-0.283,,0.0961,-0.5257746708793644,0.03882532830630362,-0.08205065742693918,1850
1856-11-01,-0.354,-0.561,,-0.781,-0.565,-0.14,,0.1033,-0.539390399666184,-0.03337792830635056,0.007768327972534572,1850
1856-12-01,-0.677,-0.423,,-0.67,-0.59,-0.139,,0.1115,-0.5506377997895051,-0.054703725254142674,0.01534152504364783,1850
1857-01-01,-0.508,-0.494,,-0.718,-0.573,-0.323,,0.0949,-0.5593742751492233,-0.008592062569221594,-0.005033662281554996,1850
1857-02-01,-0.53,-0.442,,-0.959,-0.644,-0.25,,0.1008,-0.565672107909625,-0.020112587950951097,-0.058215304139423996,1850
1857-03-01,-0.533,-0.488,,-0.82,-0.614,-0.215,,0.0995,-0.569558395870146,0.006085696665735046,-0.05052730079558898,1850
1857-04-01,-0.607,-0.675,,-0.922,-0.735,-0.181,,0.1169,-0.5706549588439835,-0.07139639174470677,-0.09294864941130965,1850
1857-05-01,-0.386,-0.654,,-0.958,-0.666,-0.256,,0.115,-0.569111480658729,-0.062385056333807705,-0.03450346300746332,1850
1857-06-01,-0.338,-0.291,,-0.724,-0.451,-0.111,,0.0992,-0.5654346201483376,0.08678502601090538,0.027649594137432176,1850
1857-07-01,-0.414,-0.404,,-0.739,-0.519,-0.156,,0.0778,-0.5604240873053048,0.06588219441716206,-0.024458107111857252,1850
1857-08-01,-0.338,-0.356,,-0.768,-0.487,0.001,,0.0779,-0.5548338331743741,0.06522044452389504,0.0026133886504789983,1850
1857-09-01,-0.305,-0.368,,-0.827,-0.5,0.055,,0.0811,-0.5489567093990226,0.006163857258344702,0.04279285214067796,1850
1857-10-01,-0.259,-0.467,,-0.857,-0.528,0.041,,0.0823,-0.5424862346914885,0.02796195607994549,-0.013475721388456985,1850
1857-11-01,-0.291,-0.662,,-0.762,-0.572,-0.007,,0.0823,-0.5355926893388193,-0.0351771775736636,-0.0012301330875170713,1850
1857-12-01,-0.245,-0.289,,-0.612,-0.382,0.208,,0.0987,-0.5288795554648448,-0.04923725832787828,0.19611681379272305,1850
1858-01-01,-0.541,-0.336,,-0.749,-0.542,0.031,,0.0986,-0.5226012923913607,-0.03723949619360664,0.017840788584967293,1850
1858-02-01,-0.333,-0.488,,-0.79,-0.537,0.107,,0.0944,-0.5169517365654029,-0.03398065123021561,0.013932387795618562,1850
1858-03-01,-0.113,-0.566,,-0.733,-0.471,0.143,,0.0939,-0.5121295504276391,-0.00743431796777633,0.04856386839541543,1850
1858-04-01,-0.363,-0.43,,-0.843,-0.545,0.19,,0.0694,-0.5079951042084474,-0.035130791142502005,-0.0018741046490506896,1850
1858-05-01,-0.444,-0.523,,-0.851,-0.606,0.06,,0.0591,-0.5042644881517432,-0.050491161815673105,-0.05124435003258365,1850
1858-06-01,-0.383,-0.36,,-0.687,-0.477,-0.026,,0.0571,-0.5007065194372857,0.08885641819162346,-0.06514989875433774,1850
1858-07-01,-0.257,-0.341,,-0.671,-0.423,0.096,,0.0628,-0.49676984370104277,0.037637295288263255,0.03613254841277952,1850
1858-08-01,-0.266,-0.288,,-0.596,-0.383,0.104,,0.0721,-0.4920028286506688,0.07876689305362027,0.030235935597048513,1850
1858-09-01,-0.366,-0.28,,-0.829,-0.492,0.008,,0.0721,-0.48616277932304247,0.03643762099351978,-0.04227484167047729,1850
1858-10-01,-0.254,-0.292,,-0.664,-0.403,0.125,,0.0761,-0.4795244986220969,0.020537912576088804,0.05598658604600809,1850
1858-11-01,-0.411,-0.404,,-0.804,-0.54,0.032,,0.0733,-0.47258895857447286,-0.03711411419427759,-0.030296927231249604,1850
1858-12-01,-0.45,-0.455,,-0.849,-0.585,-0.203,,0.0711,-0.4657244575265219,-0.037652494450085915,-0.08162304802339215,1850
1859-01-01,-0.544,-0.405,,-0.771,-0.573,-0.031,,0.0733,-0.45924502048328214,-0.08591695428782876,-0.027838025228889063,1850
1859-02-01,-0.394,-0.351,,-0.693,-0.479,0.058,,0.0728,-0.45306021688142223,-0.04425999100996519,0.01832020789138744,1850
1859-03-01,-0.344,-0.322,,-0.714,-0.46,0.011,,0.0732,-0.4467532017082004,-0.027146612060173048,0.013899813768373404,1850
1859-04-01,-0.111,-0.189,,-0.673,-0.324,0.221,,0.0867,-0.43997852533865484,0.01152641319827711,0.1044521121403777,1850
1859-05-01,-0.071,-0.17,,-0.543,-0.261,0.345,,0.0972,-0.4329043699495372,-0.01698450254492464,0.18888887249446182,1850
1859-06-01,-0.053,-0.24,,-0.637,-0.31,0.167,,0.1046,-0.4261487394209243,0.07977783020169135,0.03637090921923297,1850
1859-07-01,-0.383,-0.29,,-0.851,-0.508,-0.085,,0.1065,-0.4206873191735559,0.030189672202610873,-0.11750235302905504,1850
1859-08-01,-0.213,-0.266,,-0.544,-0.341,0.042,,0.1093,-0.4171813514822467,0.0912293758444794,-0.015048024362232681,1850
1859-09-01,-0.472,-0.401,,-0.837,-0.57,-0.078,,0.1149,-0.41575761604607314,0.06187853599063869,-0.21612091994456545,1850
1859-10-01,-0.18,-0.247,,-0.788,-0.405,-0.002,,0.1149,-0.4165625198379576,0.010882123382415412,0.0006803964555421871,1850
1859-11-01,-0.27,-0.31,,-0.672,-0.417,0.123,,0.1112,-0.4193226137121481,-0.03870382746145217,0.04102644117360027,1850
1859-12-01,-0.427,-0.311,,-0.43,-0.389,0.196,,0.1012,-0.42330413920906584,-0.02681470964206077,0.06111884885112662,1850
1860-01-01,-0.289,-0.39,,-0.79,-0.49,0.083,0.23,0.0923,-0.4279237378359563,-0.14806899815933167,0.08599273599528795,1860
1860-02-01,-0.212,-0.478,,-0.815,-0.502,-0.023,-0.061,0.094,-0.4328848252961261,-0.09190873330132317,0.02279355859744925,1860
1860-03-01,-0.106,-0.789,,-0.964,-0.62,-0.16,-0.053,0.1108,-0.4383148547359863,-0.04316574128512567,-0.13851940397888807,1860
1860-04-01,-0.121,-0.31,,-0.856,-0.429,-0.105,0.349,0.1059,-0.44508119595000095,0.047800156597314014,-0.031718960647313055,1860
1860-05-01,-0.105,-0.371,,-0.768,-0.415,-0.154,0.134,0.0909,-0.4537492069234758,0.031698788128477005,0.007050418794998847,1860
1860-06-01,-0.21,-0.213,,-0.758,-0.394,-0.084,0.01,0.082,-0.463416349613645,0.09313760107676089,-0.023721251463115933,1860
1860-07-01,-0.297,-0.211,,-0.782,-0.43,0.078,-0.141,0.0806,-0.472295086468677,0.03388041225207494,0.00841467421660208,1860
1860-08-01,-0.393,-0.137,,-0.641,-0.39,-0.049,-0.057,0.0757,-0.4794315391857565,0.09126185503511801,-0.0018303158493615523,1860
1860-09-01,-0.199,-0.177,,-0.689,-0.355,0.215,0.09,0.0711,-0.48450992819804106,0.08359604348981914,0.04591388470822194,1860
1860-10-01,-0.246,-0.391,,-0.949,-0.529,-0.124,-0.032,0.075,-0.48778862676632184,0.0030046357871926946,-0.04421600902087086,1860
1860-11-01,-0.241,-0.622,,-0.787,-0.55,-0.133,-0.179,0.0799,-0.48999407743399415,-0.028857064915402235,-0.031148857650603712,1860
1860-12-01,-0.446,-0.797,,-0.998,-0.747,-0.358,-0.265,0.1122,-0.4921233583013896,0.00021648687641520007,-0.2550931285750256,1860
1861-01-01,-0.321,-0.905,,-1.057,-0.761,-0.271,-0.279,0.1372,-0.4949017955353111,-0.20353362029496513,-0.06256458416972377,1860
1861-02-01,-0.783,-0.681,,-1.209,-0.891,-0.389,-0.39,0.1757,-0.4984437272140548,-0.16032785046390013,-0.23222842232204516,1860
1861-03-01,-0.296,-0.422,,-0.852,-0.523,0.097,0.095,0.174,-0.5026083603448652,-0.062121391909242284,0.041729752254107466,1860
1861-04-01,0.008,-0.396,,-0.845,-0.411,0.018,0.278,0.1751,-0.5072539159247296,0.05019076361124107,0.04606315231348851,1860
1861-05-01,-0.315,-0.697,,-0.998,-0.67,-0.255,-0.252,0.1749,-0.5123471959969217,0.0746563928466432,-0.2323091968497215,1860
1861-06-01,-0.155,-0.272,,-0.803,-0.41,-0.016,-0.104,0.1737,-0.5177234054323829,0.10364809808780935,0.00407530734457362,1860
1861-07-01,-0.277,-0.349,,-0.74,-0.455,-0.025,-0.233,0.1722,-0.5235597713600488,0.05513130579073196,0.013428465569316872,1860
1861-08-01,-0.26,-0.098,,-0.826,-0.395,-0.005,-0.115,0.1717,-0.5303951845954538,0.07773311872670789,0.05766206586874584,1860
1861-09-01,-0.207,-0.334,,-0.804,-0.448,-0.093,-0.142,0.1636,-0.5385921488553288,0.09412635016728271,-0.0035342013119539217,1860
1861-10-01,-0.372,-0.516,,-0.783,-0.557,-0.028,-0.326,0.1633,-0.547583423242423,0.002773848924522245,-0.01219042568209927,1860
1861-11-01,0.018,-0.488,,-0.665,-0.378,0.172,-0.077,0.1723,-0.5567797035459706,-0.01166623138911663,0.19044593493508727,1860
1861-12-01,-0.546,-0.408,,-0.749,-0.568,0.179,-0.224,0.1615,-0.5657826601112658,0.021085152391069475,-0.023302492279803633,1860
1862-01-01,-0.62,-0.83,,-1.025,-0.825,-0.064,-0.385,0.1703,-0.5739011321402093,-0.22375243083421692,-0.02734643702557371,1860
1862-02-01,-0.638,-0.797,,-1.046,-0.827,0.064,-0.275,0.1591,-0.581076707883887,-0.18309552864865838,-0.06282776346745456,1860
1862-03-01,-0.505,-0.538,,-0.995,-0.679,-0.156,-0.003,0.164,-0.587543064786838,-0.06346223667925824,-0.027994698533903795,1860
1862-04-01,-0.364,-0.533,,-0.829,-0.575,-0.164,0.034,0.1579,-0.5932623392217976,0.023444299628971002,-0.005181960407173336,1860
1862-05-01,-0.274,-0.345,,-0.847,-0.489,0.181,-0.187,0.1556,-0.5975162163112981,0.09792209115811308,0.01059412515318503,1860
1862-06-01,-0.285,-0.275,,-0.821,-0.46,-0.05,-0.243,0.1521,-0.5995768036111344,0.11465583574385355,0.02492096786728082,1860
1862-07-01,-0.377,-0.356,,-0.826,-0.52,-0.065,-0.339,0.1494,-0.5994763562988646,0.08597659776084735,-0.006500241461982692,1860
1862-08-01,-0.356,-0.5,,-0.894,-0.583,-0.188,-0.308,0.1401,-0.5987032683547906,0.06222702670858146,-0.046523758353790856,1860
1862-09-01,-0.272,-0.399,,-0.92,-0.53,-0.082,-0.345,0.1352,-0.6001511097395215,0.054005225321753544,0.016145884417767875,1860
1862-10-01,-0.096,-0.501,,-0.946,-0.514,0.043,-0.23,0.1365,-0.6044109918883248,-0.004170840660818557,0.09458183254914332,1860
1862-11-01,-0.41,-0.685,,-0.82,-0.638,-0.26,-0.345,0.1215,-0.6092982588541636,0.015274538923500522,-0.04397628006933696,1860
1862-12-01,-0.733,-0.898,,-1.198,-0.943,-0.375,-0.695,0.1557,-0.6137440606712697,0.01848810817897036,-0.3477440475077006,1860
1863-01-01,-0.527,-0.087,,-0.774,-0.463,0.362,-0.004,0.1499,-0.6174299117934302,-0.2067205630205637,0.36115047481399387,1860
1863-02-01,-0.486,-0.284,,-0.904,-0.558,0.269,-0.093,0.1322,-0.6198476950165344,-0.18577896426164986,0.24762665927818417,1860
1863-03-01,-0.238,-0.414,,-0.875,-0.509,0.17,-0.063,0.1296,-0.6209832555116725,-0.0739532325388197,0.18593648805049223,1860
1863-04-01,-0.172,-0.336,,-0.783,-0.43,0.145,0.024,0.1353,-0.6216045277618045,-0.013789293461956842,0.20539382122376137,1860
1863-05-01,-0.27,-0.391,,-0.869,-0.51,-0.021,-0.141,0.1345,-0.6227380780940645,0.10171448263770494,0.011023595456359447,1860
1863-06-01,-0.431,-0.418,,-0.883,-0.577,-0.117,-0.336,0.1312,-0.6249815382423782,0.13270438258394854,-0.08472284434157029,1860
1863-07-01,-0.404,-0.357,,-0.894,-0.552,-0.032,-0.373,0.1305,-0.6267601787502213,0.11877777484107489,-0.04401759609085365,1860
1863-08-01,-0.53,-0.335,,-0.873,-0.579,0.004,-0.313,0.1305,-0.6246571580850508,0.040873779448100105,0.004783378636950775,1860
1863-09-01,-0.503,-0.405,,-0.993,-0.634,-0.104,-0.244,0.1313,-0.6182579146654092,0.026523351385784485,-0.042265436720375194,1860
1863-10-01,-0.384,-0.561,,-1.006,-0.65,-0.136,-0.186,0.1314,-0.6094179845962989,-0.015245578772197222,-0.025336436631503867,1860
1863-11-01,-0.238,-0.5,,-0.741,-0.493,0.145,0.033,0.1329,-0.5994897173109774,0.03279118896639892,0.07369852834457857,1860
1863-12-01,-0.245,-0.506,,-0.777,-0.509,0.434,-0.131,0.0656,-0.5894225005708815,-0.000614445027808405,0.0810369455986899,1860
1864-01-01,-0.426,-0.825,,-1.01,-0.754,-0.291,-0.203,0.0858,-0.5799485750225948,-0.14509871965486637,-0.028952705322538907,1860
1864-02-01,-0.53,-0.605,,-1.027,-0.721,-0.163,-0.197,0.0971,-0.571365565515802,-0.1214483283934272,-0.02818610609077077,1860
1864-03-01,-0.47,-0.531,,-0.999,-0.667,-0.158,-0.296,0.0978,-0.563785288635031,-0.09132665896644653,-0.01188805239852253,1860
1864-04-01,-0.559,-0.557,,-0.799,-0.638,-0.208,-0.248,0.0845,-0.5571481601450745,-0.06139378111450443,-0.019458058740421058,1860
1864-05-01,-0.266,-0.346,,-0.696,-0.436,0.074,0.021,0.0943,-0.5510946808248884,0.04807921058615613,0.06701547023873233,1860
1864-06-01,-0.113,-0.116,,-0.66,-0.296,0.281,0.088,0.1292,-0.544559849952712,0.1329712948974589,0.11558855505525312,1860
1864-07-01,-0.07,-0.287,,-0.69,-0.349,0.203,-0.039,0.1451,-0.5365146435071693,0.15040802847279364,0.03710661503437562,1860
1864-08-01,-0.372,-0.344,,-0.881,-0.532,0.047,-0.23,0.1452,-0.5270891978535046,0.044877130022970266,-0.04978793216946564,1860
1864-09-01,-0.267,-0.526,,-0.821,-0.538,0.096,-0.248,0.1432,-0.5168481416603674,0.01922296815945526,-0.04037482649908786,1860
1864-10-01,-0.264,-0.672,,-0.865,-0.6,0.05,-0.345,0.1407,-0.5060839664342359,-0.02992492964252733,-0.0639911039232367,1860
1864-11-01,-0.144,-0.492,,-0.754,-0.463,0.03,-0.09,0.1419,-0.49502315061995833,0.046722085884492275,-0.014698935264533974,1860
1864-12-01,-0.305,-0.627,,-0.872,-0.601,-0.092,-0.173,0.1425,-0.4837628062466291,-0.018045788677999174,-0.09919140507537166,1860
1865-01-01,-0.107,-0.23,,-0.475,-0.271,0.483,0.09,0.1476,-0.47212635423787463,-0.08944526584302169,0.2905716200808963,1860
1865-02-01,-0.003,-0.513,,-0.716,-0.411,0.31,-0.082,0.1337,-0.4599968849074097,-0.08105162875267025,0.13004851366007997,1860
1865-03-01,-0.024,-0.717,,-0.868,-0.536,0.131,-0.194,0.1222,-0.4470613373246744,-0.10593397276773504,0.0169953100924094,1860
1865-04-01,-0.107,-0.545,,-0.856,-0.503,0.135,-0.156,0.1113,-0.4329834464050063,-0.10425413597615071,0.03423758238115704,1860
1865-05-01,-0.15,-0.495,,-0.784,-0.476,-0.04,-0.062,0.1111,-0.4183885550144892,-0.008479695530872664,-0.04913174945463811,1860
1865-06-01,-0.044,-0.251,,-0.552,-0.282,0.014,0.076,0.1131,-0.4049019120983055,0.13960575413004742,-0.01670384203174191,1860
1865-07-01,0.213,-0.297,,-0.514,-0.199,0.15,0.252,0.1333,-0.3942378852402907,0.17040184614808446,0.02483603909220622,1860
1865-08-01,-0.042,-0.247,,-0.57,-0.286,0.246,0.031,0.1386,-0.3871829177654171,0.04941586433128168,0.0517670534341354,1860
1865-09-01,0.046,-0.233,,-0.545,-0.244,0.294,0.141,0.1437,-0.38390155687688493,0.02604303811919966,0.11385851875768527,1860
1865-10-01,-0.17,-0.329,,-0.582,-0.36,0.24,-0.074,0.1304,-0.3834963757531544,-0.02471341573317086,0.04820979148632526,1860
1865-11-01,-0.054,-0.338,,-0.715,-0.369,0.094,0.056,0.1281,-0.3848049029240902,0.0629142336603383,-0.04710933073624812,1860
1865-12-01,-0.062,-0.513,,-0.669,-0.415,0.186,0.036,0.1084,-0.38740717423690924,-0.06073396940869052,0.03314114364559978,1860
1866-01-01,-0.155,-0.23,,-0.522,-0.302,-0.031,-0.052,0.1064,-0.39144733196098064,-0.03865326763685257,0.1281005995978332,1860
1866-02-01,-0.179,-0.472,,-0.641,-0.431,-0.02,-0.037,0.1073,-0.3969400080219071,-0.08028547269891347,0.046225480720820555,1860
1866-03-01,-0.179,-0.748,,-0.772,-0.566,-0.03,-0.167,0.1119,-0.4041665899336517,-0.09541008558148172,-0.06642332448486654,1860
1866-04-01,-0.282,-0.549,,-0.97,-0.6,-0.097,-0.046,0.1251,-0.4134678856180232,-0.1165670871463664,-0.06996502723561032,1860
1866-05-01,-0.64,-0.599,,-0.921,-0.72,-0.244,-0.31,0.1581,-0.42423321311528955,-0.038530425214671926,-0.25723636167003855,1860
1866-06-01,-0.163,-0.13,,-0.571,-0.288,-0.006,0.052,0.1577,-0.4352559025240948,0.11626001303717594,0.030995889486918893,1860
1866-07-01,-0.066,-0.053,,-0.619,-0.246,-0.047,0.117,0.1528,-0.4458449061807639,0.15927127636336777,0.040573629817396095,1860
1866-08-01,-0.13,-0.291,,-0.714,-0.378,-0.092,0.11,0.1487,-0.4559168606412451,0.049542672981070346,0.028374187660174743,1860
1866-09-01,-0.322,-0.462,,-0.65,-0.478,-0.234,0.077,0.14,-0.46554620606904984,0.045950244022407,-0.058404037953357135,1860
1866-10-01,-0.219,-0.46,,-0.885,-0.521,-0.161,0.048,0.1405,-0.4748561906965051,0.017047929680949588,-0.06319173898444452,1860
1866-11-01,0.121,-0.363,,-0.739,-0.327,0.042,0.238,0.143,-0.48334792413462585,0.062227544631002996,0.09412037950362284,1860
1866-12-01,0.131,-0.443,,-0.69,-0.334,0.081,0.256,0.1461,-0.49042749553916437,-0.08747033779181507,0.24389783333097942,1860
1867-01-01,-0.291,-0.501,,-0.815,-0.536,-0.234,0.037,0.1427,-0.49585319185693333,0.005006081732602973,-0.04515288987566968,1860
1867-02-01,-0.393,-0.408,,-1.118,-0.64,-0.209,0.004,0.1523,-0.49951089203392085,-0.10917254040252133,-0.03131656756355783,1860
1867-03-01,-0.129,-0.712,,-0.853,-0.565,0.001,0.049,0.1523,-0.5014041223008093,-0.08096485471857352,0.017368977019382892,1860
1867-04-01,-0.337,-0.489,,-1.073,-0.633,-0.033,0.102,0.1551,-0.5016188782571819,-0.10335564627011476,-0.0280254754727034,1860
1867-05-01,-0.274,-0.616,,-0.906,-0.599,0.121,0.067,0.1408,-0.4996515365159532,-0.03782952944749593,-0.06151893403655084,1860
1867-06-01,-0.238,-0.35,,-0.647,-0.412,-0.124,0.039,0.1311,-0.49513212250519123,0.07780065142479489,0.005331471080396333,1860
1867-07-01,-0.311,-0.259,,-0.763,-0.444,-0.198,0.075,0.1109,-0.48820162962893415,0.14567629075440655,-0.10147466112547238,1860
1867-08-01,-0.44,-0.325,,-0.749,-0.505,-0.127,-0.018,0.1053,-0.47946572056183895,0.050373140356849734,-0.07590741979501076,1860
1867-09-01,-0.135,-0.194,,-0.759,-0.363,0.115,0.137,0.1124,-0.46973043968533584,0.04348067997443881,0.06324975971089702,1860
1867-10-01,-0.162,-0.157,,-0.799,-0.373,0.148,0.155,0.1167,-0.45952023467157505,0.031360670346261485,0.05515956432531355,1860
1867-11-01,-0.214,-0.291,,-0.605,-0.37,-0.043,0.202,0.1123,-0.4492465582356282,0.06326487343464203,0.015981684800986162,1860
1867-12-01,-0.475,-0.492,,-0.713,-0.56,-0.226,-0.178,0.104,-0.43892472974476937,-0.09151968716469491,-0.029555583090535742,1860
1868-01-01,-0.257,-0.707,,-0.953,-0.639,-0.103,-0.097,0.1112,-0.4284314114691069,-0.005972015488440717,-0.20459657304245238,1860
1868-02-01,-0.244,-0.711,,-0.749,-0.568,0.072,-0.031,0.1053,-0.4183768602162225,-0.13343820537236145,-0.016184934411415997,1860
1868-03-01,-0.023,-0.332,,-0.722,-0.359,0.206,0.112,0.1108,-0.40945557149818207,-0.07474833704423235,0.12520390854241442,1860
1868-04-01,0.001,-0.384,,-0.953,-0.445,0.188,0.1,0.1009,-0.4018405974246462,-0.06025191198971904,0.017092509414365187,1860
1868-05-01,-0.031,-0.282,,-0.794,-0.369,0.23,0.237,0.0958,-0.3955629480944624,0.0004889230882395705,0.026074025006222856,1860
1868-06-01,-0.109,-0.298,,-0.73,-0.379,0.033,0.098,0.0975,-0.39116243867043254,0.05401894565080688,-0.04185650698037435,1860
1868-07-01,0.012,-0.047,,-0.641,-0.225,0.219,0.198,0.1169,-0.38871074166039343,0.14848170881616787,0.015229032844225554,1860
1868-08-01,-0.103,-0.195,,-0.625,-0.308,0.197,0.075,0.1191,-0.3874645251600685,0.04521999952715288,0.034244525632915634,1860
1868-09-01,-0.042,-0.375,,-0.691,-0.369,-0.006,0.123,0.1189,-0.38719600087689754,0.03883695194980662,-0.020640951072909086,1860
1868-10-01,0.154,-0.243,,-0.597,-0.229,0.144,0.174,0.1301,-0.387878465260295,0.012722835299065495,0.14615562996122952,1860
1868-11-01,-0.053,-0.451,,-0.825,-0.443,-0.073,0.097,0.1302,-0.38944950470413014,0.05209258815552328,-0.10564308345139312,1860
1868-12-01,0.176,-0.335,,-0.541,-0.233,0.327,0.352,0.1297,-0.39163224635270505,-0.10802556370163509,0.26665781005434014,1860
1869-01-01,-0.045,-0.304,,-0.621,-0.323,0.316,0.25,0.1014,-0.3940908611301528,-0.03136393638076278,0.10245479751091557,1860
1869-02-01,0.124,0.137,,-0.483,-0.074,0.494,0.405,0.1068,-0.3959692011168448,-0.14314336137538214,0.46511256249222693,1860
1869-03-01,-0.203,-0.651,,-0.731,-0.528,-0.169,-0.068,0.1233,-0.3973413975265606,-0.07551525587244634,-0.05514334660099307,1860
1869-04-01,-0.031,-0.412,,-0.775,-0.406,0.039,-0.082,0.1204,-0.39879598165301594,-0.0012967195326976154,-0.005907298814286477,1860
1869-05-01,-0.016,-0.311,,-0.543,-0.29,0.079,-0.029,0.1199,-0.400504738849957,0.040904997984149864,0.06959974086580717,1860
1869-06-01,-0.053,-0.396,,-0.717,-0.389,-0.01,-0.079,0.1204,-0.40191972345155647,0.05316172285321432,-0.040241999401657846,1860
1869-07-01,-0.223,-0.432,,-0.701,-0.452,-0.227,0.056,0.1222,-0.40293988992863905,0.16853370663170986,-0.21759381670307076,1860
1869-08-01,-0.264,-0.178,,-0.655,-0.366,-0.058,-0.025,0.1221,-0.4040768075205256,0.05594485480086153,-0.01786804728033592,1860
1869-09-01,-0.216,-0.169,,-0.777,-0.387,-0.018,0.183,0.1226,-0.4055919257487061,0.02525059870702644,-0.006658672958320344,1860
1869-10-01,-0.308,-0.291,,-0.798,-0.466,-0.237,-0.061,0.1216,-0.4076217678783818,-0.015949833545141918,-0.042428398576476345,1860
1869-11-01,0.041,-0.291,,-0.648,-0.299,0.144,0.118,0.1201,-0.40973657156477783,0.016262538606386455,0.09447403295839141,1860
1869-12-01,-0.129,-0.525,,-0.786,-0.48,-0.247,-0.091,0.1192,-0.41182913466145943,-0.10859659941578337,0.040425734077242814,1860
1870-01-01,-0.45,-0.214,,-0.824,-0.496,-0.173,-0.006,0.1231,-0.4143806130552223,-0.05651767733335502,-0.025101709611422718,1870
1870-02-01,-0.209,-0.457,,-0.968,-0.545,-0.471,-0.043,0.0832,-0.4176026807854889,-0.1406742901638842,0.01327697094937308,1870
1870-03-01,-0.135,-0.495,,-0.862,-0.497,0.031,0.123,0.0802,-0.42159855162995713,-0.08774237443003906,0.012340926059996205,1870
1870-04-01,0.112,-0.357,,-0.863,-0.369,0.037,0.06,0.0816,-0.4267444139240882,0.02043473397628045,0.03730967994780776,1870
1870-05-01,-0.164,-0.304,,-0.829,-0.432,-0.142,-0.017,0.0706,-0.43334284152585606,0.07779681955384149,-0.07645397802798543,1870
1870-06-01,-0.186,-0.207,,-0.625,-0.339,0.05,0.055,0.0747,-0.44105001699103735,0.06518407230101458,0.036865944690022745,1870
1870-07-01,-0.112,-0.083,,-0.56,-0.252,0.2,0.178,0.0895,-0.44906718342663676,0.1908153108903795,0.0062518725362572525,1870
1870-08-01,-0.216,-0.256,,-0.643,-0.372,-0.006,0.018,0.0893,-0.456019675807812,0.07262007177888222,0.01139960402892981,1870
1870-09-01,-0.362,-0.202,,-0.695,-0.42,-0.033,-0.065,0.089,-0.4605665019865587,0.020211746007555122,0.020354755979003603,1870
1870-10-01,-0.385,-0.428,,-0.835,-0.549,-0.083,-0.02,0.0963,-0.46253734581601536,-0.05123148830993905,-0.03523116587404562,1870
1870-11-01,-0.272,-0.255,,-0.861,-0.463,-0.164,0.087,0.0888,-0.4633481093902476,-0.009300179576967348,0.009648288967214924,1870
1870-12-01,-0.439,-0.675,,-0.89,-0.668,-0.188,0.079,0.1113,-0.46439317000124913,-0.09803975582792274,-0.10556707417082811,1870
1871-01-01,-0.369,-0.591,,-0.942,-0.634,-0.138,0.127,0.123,-0.4660671748285122,-0.09160992048933587,-0.07632290468215192,1870
1871-02-01,-0.246,-0.688,,-0.958,-0.631,-0.086,0.26,0.1305,-0.46829431538264976,-0.12092190380126526,-0.041783780816085025,1870
1871-03-01,-0.042,-0.171,,-0.639,-0.284,0.213,0.239,0.1405,-0.47050447545571816,-0.08398061075349195,0.27048508620921013,1870
1871-04-01,-0.136,-0.222,,-0.708,-0.355,0.014,0.056,0.1413,-0.4722579289537816,-0.0017278596776546104,0.11898578863143622,1870
1871-05-01,0.093,-0.348,,-0.801,-0.352,0.08,0.318,0.1441,-0.47277150025814707,0.08643532358998736,0.034336176668159746,1870
1871-06-01,-0.164,-0.27,,-0.585,-0.34,-0.001,0.07,0.144,-0.4717612441618076,0.06589003001889752,0.06587121414291003,1870
1871-07-01,-0.081,-0.073,,-0.594,-0.249,0.003,0.206,0.1444,-0.469400873849438,0.1857530611204666,0.03464781272897138,1870
1871-08-01,-0.171,-0.324,,-0.713,-0.403,-0.031,-0.008,0.1432,-0.4662130012164765,0.09978450402925272,-0.03657150281277627,1870
1871-09-01,-0.314,-0.357,,-0.841,-0.504,-0.084,-0.056,0.1439,-0.4632738130399532,0.030365994601060518,-0.0710921815611073,1870
1871-10-01,-0.269,-0.373,,-0.893,-0.512,0.037,0.045,0.1421,-0.4612478671094391,-0.046243240674584365,-0.0045088922159765565,1870
1871-11-01,-0.23,-0.542,,-0.91,-0.561,-0.098,-0.183,0.1457,-0.46002008168944675,-0.03813738046896568,-0.06284253784158766,1870
1871-12-01,-0.19,-0.52,,-0.797,-0.502,0.166,0.066,0.131,-0.45840508860908735,-0.08655366189191949,0.04295875050100684,1870
1872-01-01,-0.211,-0.594,,-0.898,-0.568,0.066,0.257,0.1235,-0.4553420410839962,-0.07286463608148017,-0.03979332283452358,1870
1872-02-01,-0.159,-0.627,,-0.83,-0.539,0.092,0.288,0.1128,-0.4509914767376112,-0.08845973348273378,0.0004512102203449442,1870
1872-03-01,-0.247,-0.519,,-0.802,-0.523,-0.239,0.156,0.1054,-0.44605242262023453,-0.08345669228940947,0.006509114909643954,1870
1872-04-01,-0.294,-0.366,,-0.906,-0.522,-0.167,0.053,0.1026,-0.4408457453011353,-0.03947717009469612,-0.041677084604168635,1870
1872-05-01,-0.004,-0.121,,-0.707,-0.277,0.075,0.212,0.112,-0.43536739969053645,0.07387181384832774,0.08449558584220868,1870
1872-06-01,-0.24,-0.267,,-0.777,-0.428,-0.088,0.032,0.1063,-0.4300101853069151,0.04253413931836679,-0.0405239540114517,1870
1872-07-01,-0.101,-0.109,,-0.631,-0.28,-0.031,0.24,0.1008,-0.4255660495776403,0.15662906968019658,-0.011063020102556276,1870
1872-08-01,0.038,0.033,,-0.569,-0.166,0.237,0.417,0.1328,-0.42237181392768014,0.1078152887069753,0.14855652522070484,1870
1872-09-01,-0.047,-0.155,,-0.688,-0.297,0.207,0.233,0.1383,-0.4202206861769104,0.04210186105080678,0.08111882512610363,1870
1872-10-01,-0.316,-0.174,,-0.792,-0.427,0.085,0.087,0.1359,-0.4189925944820654,-0.03208390480350031,0.02407649928556571,1870
1872-11-01,-0.38,-0.292,,-0.806,-0.493,0.068,0.145,0.131,-0.4186131503921708,-0.05163627026887951,-0.022750579338949695,1870
1872-12-01,-0.234,-0.521,,-0.835,-0.53,-0.028,0.413,0.1329,-0.4195856414907216,-0.043110421374230615,-0.06730393713504784,1870
1873-01-01,-0.202,-0.237,,-0.818,-0.419,0.149,0.044,0.1246,-0.4219753712584212,-0.02689698172359345,0.029872352982014683,1870
1873-02-01,-0.176,-0.272,,-0.767,-0.405,0.134,0.153,0.1177,-0.4253795601714861,-0.06592234496274736,0.08630190513423341,1870
1873-03-01,-0.118,-0.39,,-1.012,-0.507,0.016,0.002,0.1162,-0.42916753560455484,-0.10098444038805299,0.02315197599260782,1870
1873-04-01,-0.225,-0.462,,-0.973,-0.553,-0.031,-0.123,0.1195,-0.4327804865454002,-0.08031275232343874,-0.03990676113116115,1870
1873-05-01,-0.205,-0.319,,-0.752,-0.425,-0.148,0.085,0.1133,-0.43650125177644805,0.049066899781820134,-0.0375656480053721,1870
1873-06-01,-0.281,-0.297,,-0.655,-0.411,0.017,0.166,0.1132,-0.4405613982548945,0.010269125035849239,0.019292273219045253,1870
1873-07-01,-0.18,-0.158,,-0.665,-0.334,-0.054,0.218,0.1086,-0.4452500864766448,0.1289714445369053,-0.017721358060260484,1870
1873-08-01,-0.127,-0.217,,-0.621,-0.322,-0.156,0.257,0.0824,-0.4510318229490526,0.1051551297997385,0.023876693149314066,1870
1873-09-01,-0.305,-0.378,,-0.752,-0.478,-0.181,0.156,0.0724,-0.4581667790217338,0.07215878124114243,-0.09199200221940856,1870
1873-10-01,-0.351,-0.377,,-0.701,-0.476,-0.049,0.174,0.0728,-0.46623129630787974,-0.015897305041370057,0.006128601349249807,1870
1873-11-01,-0.232,-0.429,,-0.719,-0.46,0.033,0.033,0.0715,-0.4741094253570787,-0.05554555436002663,0.06965497971710527,1870
1873-12-01,-0.099,-0.32,,-0.87,-0.43,0.1,0.079,0.0661,-0.4806347197911614,-0.01781466749774765,0.06844938728890904,1870
1874-01-01,-0.189,-0.182,,-0.778,-0.383,0.036,0.371,0.0677,-0.485873261617224,-0.003629893503943645,0.10650315512116765,1870
1874-02-01,-0.414,-0.429,,-0.936,-0.593,-0.188,0.128,0.0813,-0.49023542969719036,-0.0461757404801993,-0.056588829822610265,1870
1874-03-01,-0.47,-0.664,,-1.013,-0.716,-0.209,-0.049,0.1118,-0.4939160177579747,-0.09014582403381267,-0.13193815820821259,1870
1874-04-01,-0.431,-0.422,,-0.94,-0.598,-0.045,0.04,0.1157,-0.49696273588033374,-0.07973501073957083,-0.02130225338009545,1870
1874-05-01,-0.383,-0.311,,-0.867,-0.52,-0.095,-0.084,0.1157,-0.4994046586692095,0.005106326141422708,-0.025701667472213197,1870
1874-06-01,-0.54,-0.556,,-0.795,-0.63,-0.219,-0.334,0.1215,-0.5015277439266465,0.005296688997143195,-0.13376894507049675,1870
1874-07-01,-0.31,-0.171,,-0.707,-0.396,-0.062,-0.047,0.1152,-0.5030465860677101,0.11612019488796826,-0.009073608820258205,1870
1874-08-01,-0.25,-0.287,,-0.801,-0.446,-0.124,0.086,0.1026,-0.5031259047114849,0.07659053458902992,-0.019464629877545048,1870
1874-09-01,-0.178,-0.16,,-0.69,-0.343,0.135,0.195,0.1134,-0.5005079885071076,0.08656910425004476,0.07093888425706285,1870
1874-10-01,-0.378,-0.467,,-0.852,-0.566,-0.09,0.034,0.1146,-0.49512834692667346,0.010921079207020899,-0.08179273228034739,1870
1874-11-01,-0.344,-0.422,,-0.909,-0.558,-0.098,-0.095,0.1145,-0.48818214713913627,-0.06210690053484977,-0.007710952326013987,1870
1874-12-01,-0.253,-0.316,,-0.756,-0.442,-0.012,0.159,0.1137,-0.48094987817288654,-0.040309268591968345,0.07925914676485485,1870
1875-01-01,-0.159,-0.576,,-0.745,-0.493,-0.11,-0.222,0.1062,-0.47411551686178105,-0.0013290455596523683,-0.01755543757856659,1870
1875-02-01,-0.16,-0.443,,-0.862,-0.488,0.105,-0.077,0.1045,-0.46803653205892065,-0.030872176293289127,0.010908708352209806,1870
1875-03-01,-0.312,-0.559,,-0.835,-0.569,0.147,-0.033,0.0859,-0.46307238690365154,-0.04908027139132665,-0.05684734170502176,1870
1875-04-01,-0.291,-0.34,,-0.853,-0.495,0.103,0.008,0.0806,-0.45983371215841184,-0.058662512915210345,0.0234962250736222,1870
1875-05-01,-0.158,-0.251,,-0.745,-0.385,0.135,0.091,0.0861,-0.458492153764955,-0.041667934109694854,0.11516008787464982,1870
1875-06-01,-0.3,-0.265,,-0.641,-0.402,0.228,-0.12,0.0755,-0.4584683074995254,0.000980332941258732,0.05548797455826665,1870
1875-07-01,-0.183,-0.181,,-0.691,-0.352,0.044,-0.153,0.0801,-0.45925826555025845,0.12059698356065156,-0.013338718010393102,1870
1875-08-01,-0.252,-0.227,,-0.802,-0.427,0.019,-0.141,0.0807,-0.46084288550268027,0.03979197533124476,-0.005949089828564458,1870
1875-09-01,-0.117,-0.237,,-0.769,-0.374,-0.031,-0.13,0.077,-0.46324088026319693,0.08499984027834907,0.004241039984847872,1870
1875-10-01,0.004,-0.23,,-0.823,-0.35,0.216,0.01,0.0759,-0.4659078973307162,0.03211185416479579,0.08379604316592043,1870
1875-11-01,-0.151,-0.507,,-1.011,-0.556,0.002,-0.187,0.0756,-0.46879345386701815,-0.09057700044760675,0.003370454314624849,1870
1875-12-01,-0.399,-0.585,,-1.032,-0.672,-0.23,-0.257,0.1001,-0.47228362068547874,-0.06382358536442265,-0.13589279395009862,1870
1876-01-01,-0.29,-0.503,,-0.807,-0.533,-0.04,-0.231,0.1018,-0.47602291422765247,-0.024884348213467175,-0.03209273755888037,1870
1876-02-01,-0.263,-0.328,,-0.991,-0.527,-0.039,-0.096,0.1032,-0.47956576742094015,0.010314472696928815,-0.05774870527598874,1870
1876-03-01,-0.108,-0.338,,-0.79,-0.412,0.157,0.154,0.0994,-0.4821697087219894,0.02073132420519055,0.04943838451679888,1870
1876-04-01,-0.305,-0.394,,-0.832,-0.51,-0.015,0.09,0.1,-0.48259275136402957,-0.05107388739291604,0.02366663875694558,1870
1876-05-01,-0.486,-0.548,,-1.006,-0.68,-0.295,0.04,0.1154,-0.47967819495667513,-0.0691770257414936,-0.13114477930183127,1870
1876-06-01,-0.4,-0.324,,-0.745,-0.49,-0.088,-0.202,0.1126,-0.4728636981421118,0.0007425645461655091,-0.017878866404053673,1870
1876-07-01,-0.07,-0.201,,-0.699,-0.323,0.029,-0.077,0.116,-0.4623195260681797,0.11533232842492731,0.02398719764325241,1870
1876-08-01,-0.309,-0.326,,-0.822,-0.486,-0.059,-0.108,0.1145,-0.44871956323493206,0.029508108712465272,-0.06678854547753316,1870
1876-09-01,-0.358,-0.436,,-0.827,-0.54,-0.166,-0.062,0.1087,-0.4329427732103451,0.06930756756319283,-0.17636479435284774,1870
1876-10-01,-0.087,-0.306,,-0.771,-0.388,-0.038,0.133,0.1042,-0.4157357634369227,0.04805286433088595,-0.02031710089396327,1870
1876-11-01,-0.241,-0.601,,-0.932,-0.591,-0.035,-0.264,0.1061,-0.3973778558501239,-0.07308516657560328,-0.12053697757427279,1870
1876-12-01,-0.224,-0.627,,-0.861,-0.571,0.101,-0.237,0.0958,-0.3772985133625604,-0.07596701848289372,-0.11773446815454586,1870
1877-01-01,-0.066,-0.409,,-0.694,-0.39,0.143,0.146,0.1007,-0.3548840254145078,-0.034586002581185896,-0.0005299720043063227,1870
1877-02-01,0.109,-0.195,,-0.621,-0.236,0.291,0.404,0.1239,-0.329688824818136,0.03238778049141519,0.06130104432672079,1870
1877-03-01,0.048,-0.07,,-0.599,-0.207,0.205,0.358,0.1447,-0.30218919630225854,0.061181880583659434,0.03400731571859911,1870
1877-04-01,-0.037,-0.316,,-0.694,-0.349,0.161,0.284,0.1462,-0.27362832131093384,-0.05525301024454906,-0.020118668444517096,1870
1877-05-01,0.032,-0.403,,-0.721,-0.364,0.316,0.235,0.1256,-0.24473186565671917,-0.09358589748284483,-0.02568223686043597,1870
1877-06-01,-0.082,-0.109,,-0.519,-0.237,0.253,0.175,0.1322,-0.21649108321429414,-0.00048210475301497103,-0.020026812032690883,1870
1877-07-01,0.152,0.017,,-0.397,-0.076,0.247,0.368,0.16,-0.19018386903241347,0.10074575773224581,0.013438111300167643,1870
1877-08-01,0.103,0.23,,-0.414,-0.027,0.459,0.478,0.1828,-0.16794233766281016,0.01970183566208092,0.12124050200072925,1870
1877-09-01,0.05,0.127,,-0.471,-0.098,0.442,0.265,0.1815,-0.15155783337272552,0.043949983140429055,0.009607850232296461,1870
1877-10-01,0.099,0.125,,-0.361,-0.046,0.342,0.327,0.192,-0.14113257297465703,0.03841127251191555,0.056721300462741486,1870
1877-11-01,0.229,0.043,,-0.368,-0.032,0.559,0.338,0.1729,-0.13504551315910007,-0.06033473526951758,0.16338024842861765,1870
1877-12-01,0.282,-0.028,,-0.502,-0.083,0.488,0.477,0.1361,-0.1313459642602749,-0.055631990038555595,0.10397795429883049,1870
1878-01-01,0.06,-0.041,,-0.52,-0.167,0.223,0.472,0.1188,-0.12943719106348806,-0.025609815783620534,-0.011952993152891417,1870
1878-02-01,0.179,0.261,,-0.434,0.002,0.238,0.57,0.1247,-0.12974590136081654,0.01981557494350637,0.11193032641731017,1870
1878-03-01,0.327,0.403,,-0.279,0.15,0.357,0.509,0.1478,-0.13312505774355887,0.07099057191465849,0.21213448582890038,1870
1878-04-01,0.309,0.21,,-0.401,0.039,0.388,0.484,0.1325,-0.14005465220326863,-0.04853778521041992,0.22759243741368854,1870
1878-05-01,0.013,-0.092,,-0.572,-0.217,0.147,0.152,0.1083,-0.15070387889848594,-0.06917120744635816,0.0028750863448440966,1870
1878-06-01,-0.041,0.018,,-0.362,-0.128,0.109,0.251,0.0966,-0.1645260210542918,-0.010355566464825662,0.046881587519117446,1870
1878-07-01,0.142,-0.062,,-0.367,-0.096,-0.02,0.129,0.0971,-0.1809241263066081,0.06302267162100543,0.021901454685602673,1870
1878-08-01,0.02,-0.045,,-0.544,-0.19,-0.163,0.118,0.1035,-0.1999830090208887,0.025379478500272057,-0.015396469479383362,1870
1878-09-01,0.008,0.028,,-0.521,-0.162,-0.064,0.207,0.1066,-0.22078648589519465,0.018393076170264522,0.04039340972493011,1870
1878-10-01,-0.045,-0.148,,-0.665,-0.286,-0.24,-0.057,0.1216,-0.2425426686456943,0.01695303094989278,-0.06041036230419844,1870
1878-11-01,-0.022,-0.119,,-0.685,-0.275,-0.243,0.168,0.1296,-0.26519079495895026,-0.03537678434058874,0.025567579299538984,1870
1878-12-01,0.032,-0.29,,-0.672,-0.31,-0.227,-0.077,0.1402,-0.2880079058829024,-0.009630360332881996,-0.012361733784215567,1870
1879-01-01,0.073,-0.212,,-0.701,-0.28,-0.113,0.043,0.1461,-0.3096264936667092,-0.02719873183338728,0.05682522550009644,1870
1879-02-01,-0.078,-0.237,,-0.87,-0.395,-0.397,-0.321,0.1543,-0.32971702272155995,-0.0018820861211168043,-0.06340089115732328,1870
1879-03-01,-0.031,-0.247,,-0.644,-0.307,-0.457,0.221,0.1177,-0.3485235967310903,0.06234893709507766,-0.020825340363987366,1870
1879-04-01,-0.068,-0.357,,-0.843,-0.423,-0.462,-0.017,0.1006,-0.36582743849337085,-0.02933904646617257,-0.027833515040456558,1870
1879-05-01,-0.157,-0.33,,-0.732,-0.406,-0.189,-0.116,0.1084,-0.3813050851876006,-0.007982130156260366,-0.016712784656139068,1870
1879-06-01,-0.354,-0.25,,-0.692,-0.432,-0.304,-0.043,0.1074,-0.3942600572340757,-0.022079081132887857,-0.015660861633036427,1870
1879-07-01,-0.3,-0.273,,-0.65,-0.408,-0.312,0.044,0.0908,-0.4039964761793724,0.02886305583838702,-0.03286657965901457,1870
1879-08-01,-0.32,-0.262,,-0.747,-0.443,-0.253,-0.077,0.0864,-0.4103092561441706,0.03517347739791176,-0.0678642212537412,1870
1879-09-01,-0.37,-0.229,,-0.794,-0.464,-0.302,-0.077,0.0713,-0.41363624327678034,-0.014752730121452248,-0.03561102660176746,1870
1879-10-01,-0.1,-0.15,,-0.859,-0.37,-0.084,0.096,0.0664,-0.41443371893879155,-0.013284399798622476,0.05771811873741406,1870
1879-11-01,-0.167,-0.375,,-0.896,-0.479,-0.204,-0.18,0.0642,-0.4128727791114946,-0.03272451536172669,-0.03340270552677865,1870
1879-12-01,-0.384,-0.542,,-0.933,-0.62,-0.31,-0.14,0.0863,-0.4094515338412544,0.014500226733372354,-0.22504869289211799,1870
1880-01-01,-0.333,-0.382,-0.19,-1.01,-0.479,-0.199,0.017,0.0756,-0.404834974976219,-0.025771776328063035,-0.04839324869571793,1880
1880-02-01,-0.252,-0.433,-0.25,-1.111,-0.512,-0.117,0.033,0.0775,-0.3990499977223965,-0.011023281973192973,-0.10192672030441047,1880
1880-03-01,-0.173,-0.182,-0.09,-0.819,-0.316,-0.009,0.181,0.076,-0.39215807311970285,0.05637827513378327,0.019779797985919556,1880
1880-04-01,-0.213,-0.325,-0.17,-0.755,-0.366,0.057,0.003,0.0793,-0.38415807663198914,0.00033715707509309107,0.017820919556896075,1880
1880-05-01,-0.109,-0.318,-0.1,-0.753,-0.32,0.086,0.112,0.0864,-0.375277230247594,0.037370767989140685,0.017906462258453326,1880
1880-06-01,-0.318,-0.367,-0.21,-0.698,-0.398,0.034,-0.059,0.087,-0.36590142413636806,-0.045933266236110985,0.01383469037247903,1880
1880-07-01,-0.265,-0.32,-0.19,-0.789,-0.391,0.017,-0.139,0.0875,-0.35597285425517755,0.01266007180524955,-0.04768721755007199,1880
1880-08-01,-0.121,-0.095,-0.1,-0.605,-0.23,0.213,0.142,0.1046,-0.34534781593364144,0.04308692052734496,0.07226089540629649,1880
1880-09-01,-0.291,-0.288,-0.15,-0.812,-0.385,0.079,0.035,0.1035,-0.33464471613018415,-0.037264846326816134,-0.013090437542999711,1880
1880-10-01,-0.22,-0.375,-0.23,-0.79,-0.404,-0.034,0.145,0.1029,-0.3247996287775316,-0.03321626091680039,-0.04598411030566801,1880
1880-11-01,-0.09,-0.259,-0.22,-0.742,-0.328,0.151,0.135,0.1027,-0.3164008508326298,-0.053019057948930394,0.04141990878156021,1880
1880-12-01,0.04,-0.294,-0.19,-0.703,-0.287,0.333,0.381,0.0788,-0.3098271580772993,0.035255449953096665,-0.012428291875797304,1880
1881-01-01,-0.224,-0.174,-0.19,-0.696,-0.321,0.158,0.313,0.0714,-0.30499400085533424,-0.04943001628854537,0.0334240171438796,1880
1881-02-01,0.06,-0.2,-0.15,-0.739,-0.257,0.255,0.374,0.0568,-0.30163563542815913,0.025772340007081566,0.018863295421077564,1880
1881-03-01,-0.142,-0.215,0.03,-0.75,-0.269,0.047,0.015,0.0597,-0.2994063062343583,0.06832456667365183,-0.03791826043929353,1880
1881-04-01,0.023,-0.053,0.04,-0.595,-0.146,0.22,0.209,0.0784,-0.2980933106549333,0.0038942982346337456,0.14819901242029954,1880
1881-05-01,0.017,-0.099,0.07,-0.529,-0.135,0.185,0.217,0.0933,-0.297604124438957,0.04948622582510231,0.11311789861385468,1880
1881-06-01,-0.279,-0.39,-0.18,-0.717,-0.391,0.007,-0.051,0.0926,-0.2977190636412586,-0.07114630477734837,-0.022134631581393005,1880
1881-07-01,-0.151,-0.183,0.01,-0.632,-0.239,0.152,0.01,0.0887,-0.298531993063507,0.009555258620516026,0.049976734442990944,1880
1881-08-01,-0.145,-0.132,-0.03,-0.691,-0.25,-0.02,0.153,0.0878,-0.30054677790187956,0.047921814409288166,0.0026249634925913923,1880
1881-09-01,-0.275,-0.287,-0.15,-0.812,-0.381,0.004,0.123,0.0874,-0.30393500747166907,-0.03454618378069328,-0.04251880874763764,1880
1881-10-01,-0.159,-0.217,-0.21,-0.826,-0.353,0.051,0.159,0.0821,-0.3085667061051758,-0.050050660180833526,0.00561736628600934,1880
1881-11-01,-0.344,-0.37,-0.18,-0.876,-0.442,-0.114,0.119,0.0939,-0.3141396637232893,-0.0515216647622234,-0.07633867151448731,1880
1881-12-01,-0.079,-0.237,-0.07,-0.589,-0.244,0.043,0.258,0.0948,-0.32006120384897346,0.04228633056951108,0.03377487327946238,1880
1882-01-01,0.001,-0.012,0.16,-0.541,-0.098,0.223,0.47,0.1082,-0.3259314653455433,-0.062031176470287996,0.2899626418158313,1880
1882-02-01,-0.198,-0.098,0.14,-0.776,-0.233,0.024,0.306,0.1086,-0.3312999718246471,0.07643892424338232,0.02186104758126478,1880
1882-03-01,-0.081,-0.146,0.05,-0.735,-0.228,0.041,0.295,0.1091,-0.3358359061649345,0.057074614836264526,0.050761291328669966,1880
1882-04-01,-0.175,-0.289,-0.16,-0.851,-0.369,-0.223,0.153,0.1066,-0.339857057860756,-0.005940881915314191,-0.023202060223929843,1880
1882-05-01,-0.202,-0.29,-0.14,-0.707,-0.335,-0.2,-0.058,0.097,-0.34377334371021834,0.04098510687246602,-0.03221176316224772,1880
1882-06-01,-0.326,-0.358,-0.22,-0.807,-0.428,-0.037,0.0,0.1008,-0.34753365788882684,-0.06646998296741446,-0.013996359143758685,1880
1882-07-01,-0.231,-0.308,-0.16,-0.768,-0.367,-0.128,-0.087,0.1005,-0.35110506760134014,0.01886997089941136,-0.03476490329807119,1880
1882-08-01,-0.24,-0.224,-0.07,-0.703,-0.309,-0.059,-0.143,0.0987,-0.3542559271036676,0.028268946693856642,0.016986980409810948,1880
1882-09-01,-0.257,-0.145,-0.14,-0.764,-0.326,0.055,-0.029,0.0966,-0.35671879470847073,-0.022904177231059444,0.05362297193953014,1880
1882-10-01,-0.159,-0.382,-0.23,-0.965,-0.434,-0.081,-0.007,0.1025,-0.3583577150681383,-0.03766786860297666,-0.03797441632888504,1880
1882-11-01,-0.122,-0.385,-0.17,-0.892,-0.392,0.05,0.101,0.0979,-0.3597458290518364,-0.041184622071666815,0.008930451123503214,1880
1882-12-01,-0.331,-0.628,-0.36,-0.935,-0.564,-0.32,-0.034,0.1186,-0.3615634200694037,0.04929816045071882,-0.25173474038131505,1880
1883-01-01,-0.32,-0.44,-0.29,-0.875,-0.481,-0.383,-0.062,0.0971,-0.36397649873124704,-0.06470541857541953,-0.05231808269333338,1880
1883-02-01,-0.234,-0.448,-0.36,-0.976,-0.504,-0.271,-0.099,0.0932,-0.36699400568371043,0.08619400301134769,-0.2231999973276373,1880
1883-03-01,-0.085,-0.249,-0.12,-0.711,-0.291,-0.063,0.216,0.0843,-0.3708294270229269,0.036628561229450636,0.04320086579347632,1880
1883-04-01,-0.151,-0.417,-0.18,-0.846,-0.398,-0.029,0.155,0.0838,-0.3750920389820785,-0.03583733353270625,0.01292937251478471,1880
1883-05-01,-0.266,-0.323,-0.17,-0.633,-0.348,-0.013,0.077,0.0829,-0.3794916652686757,0.010139741199460933,0.021351924069214823,1880
1883-06-01,-0.16,-0.159,-0.06,-0.44,-0.205,0.223,0.206,0.1001,-0.3842347525135089,-0.05713609655583435,0.23637084906934328,1880
1883-07-01,-0.307,-0.216,-0.07,-0.664,-0.314,0.053,0.02,0.1021,-0.38962728554377957,0.01574949099481264,0.05987779454896691,1880
1883-08-01,-0.495,-0.278,-0.14,-0.785,-0.424,-0.115,-0.102,0.1002,-0.39640609270038757,0.013573200938870269,-0.041167108238482686,1880
1883-09-01,-0.289,-0.301,-0.22,-0.824,-0.408,-0.082,0.07,0.0982,-0.4051306966485996,-0.003873092270000144,0.0010037889185997573,1880
1883-10-01,-0.263,-0.323,-0.11,-0.968,-0.416,0.018,0.06,0.0977,-0.41551213634117096,-0.0010351977924472787,0.000547334133618238,1880
1883-11-01,-0.184,-0.373,-0.24,-0.855,-0.413,-0.021,0.047,0.0978,-0.4270203123335867,-0.013296637537073781,0.027316949870660523,1880
1883-12-01,-0.32,-0.403,-0.11,-0.869,-0.426,0.138,0.004,0.0835,-0.4392657441244462,0.0670456110578505,-0.05377986693340431,1880
1884-01-01,-0.332,-0.426,-0.13,-0.908,-0.449,0.032,-0.066,0.0806,-0.45152143484501567,-0.07756957500685799,0.08009100985187362,1880
1884-02-01,-0.08,-0.31,-0.08,-0.832,-0.326,0.178,0.267,0.0723,-0.4634984070320986,0.06612548093906773,0.07137292609303086,1880
1884-03-01,-0.272,-0.491,-0.36,-1.102,-0.556,-0.265,0.16,0.0858,-0.47501857154267585,0.003562115926858869,-0.08454354438418304,1880
1884-04-01,-0.389,-0.469,-0.4,-0.981,-0.56,-0.162,0.038,0.0989,-0.48604468653888383,-0.04759486510212069,-0.02636044835899548,1880
1884-05-01,-0.421,-0.546,-0.33,-0.843,-0.535,-0.187,-0.015,0.1039,-0.4964945727770763,-0.00485772470328706,-0.03364770251963667,1880
1884-06-01,-0.381,-0.488,-0.35,-0.788,-0.502,-0.297,0.128,0.081,-0.5062160581643683,-0.053656460062775295,0.05787251822714362,1880
1884-07-01,-0.489,-0.556,-0.3,-0.86,-0.551,-0.237,-0.155,0.0751,-0.5153012010295919,0.023974412401415644,-0.0596732113718238,1880
1884-08-01,-0.521,-0.42,-0.27,-0.855,-0.516,-0.092,-0.07,0.0754,-0.5235496416673691,0.0075628279732567315,-1.318630588764691e-05,1880
1884-09-01,-0.54,-0.498,-0.27,-0.931,-0.56,-0.152,-0.217,0.0765,-0.5307578327724959,0.00787946511913226,-0.03712163234663646,1880
1884-10-01,-0.284,-0.448,-0.25,-0.954,-0.484,-0.068,0.082,0.0735,-0.5366346716786554,0.031652173689017446,0.020982497989638027,1880
1884-11-01,-0.41,-0.569,-0.33,-0.966,-0.569,-0.156,-0.011,0.0724,-0.5407706008505188,0.013223971043828591,-0.041453370193309746,1880
1884-12-01,-0.327,-0.472,-0.31,-0.646,-0.439,-0.013,0.003,0.0713,-0.5427257552175103,0.08634788602069572,0.01737786919681461,1880
1885-01-01,-0.433,-0.645,-0.58,-0.963,-0.655,-0.206,-0.162,0.081,-0.5425440953332776,-0.07716580986142667,-0.03529009480529577,1880
1885-02-01,-0.417,-0.539,-0.34,-0.87,-0.542,-0.216,-0.054,0.0528,-0.540354312600463,0.011330928893282993,-0.012976616292820098,1880
1885-03-01,-0.422,-0.408,-0.27,-1.016,-0.529,0.027,0.04,0.0525,-0.5359259505267899,-0.037943810236110855,0.04486976076290078,1880
1885-04-01,-0.421,-0.618,-0.42,-1.025,-0.621,-0.061,-0.126,0.0577,-0.5295595068104254,-0.03239105939076237,-0.05904943379881222,1880
1885-05-01,-0.391,-0.592,-0.45,-0.808,-0.56,-0.025,-0.175,0.0579,-0.5222996944700413,-0.0025261626962343104,-0.03517414283372444,1880
1885-06-01,-0.62,-0.626,-0.44,-0.853,-0.635,-0.133,-0.233,0.0617,-0.5152604012107745,-0.048180851709314715,-0.07155874707991072,1880
1885-07-01,-0.456,-0.409,-0.34,-0.749,-0.489,0.062,-0.137,0.0646,-0.5084407238243984,0.04288984196801655,-0.023449118143618164,1880
1885-08-01,-0.47,-0.396,-0.31,-0.753,-0.482,0.034,-0.055,0.0669,-0.5015974924073788,0.012040485890915753,0.007557006516463072,1880
1885-09-01,-0.346,-0.348,-0.28,-0.829,-0.451,0.109,-0.077,0.0722,-0.49480150488038205,0.017905845012902266,0.02589565986747977,1880
1885-10-01,-0.217,-0.346,-0.23,-0.817,-0.402,0.082,-0.052,0.0811,-0.4881830221706858,0.044168024776197926,0.042014997394487885,1880
1885-11-01,-0.128,-0.368,-0.24,-0.792,-0.382,0.187,0.174,0.0906,-0.48196855606507233,0.01953463710435082,0.0804339189607215,1880
1885-12-01,-0.15,-0.204,-0.1,-0.656,-0.277,0.162,0.395,0.1125,-0.4766372677724482,0.09771585578490138,0.10192141198754678,1880
1886-01-01,-0.418,-0.458,-0.44,-0.903,-0.555,0.1,-0.022,0.1035,-0.47271284741445896,-0.07778305299130892,-0.004504099594232147,1880
1886-02-01,-0.324,-0.47,-0.5,-1.019,-0.578,-0.036,-0.051,0.1055,-0.470856455750069,-0.0747713148603955,-0.03237222938953549,1880
1886-03-01,-0.377,-0.467,-0.43,-1.103,-0.594,-0.065,-0.182,0.1089,-0.4715721852690323,-0.05148708079832977,-0.07094073393263794,1880
1886-04-01,-0.158,-0.343,-0.28,-0.865,-0.412,0.209,0.098,0.1048,-0.4748428340064118,-0.016043677724357684,0.07888651173076949,1880
1886-05-01,-0.277,-0.279,-0.24,-0.815,-0.403,0.157,0.277,0.1044,-0.4804169460332271,-0.00046862130062152963,0.0778855673338486,1880
1886-06-01,-0.498,-0.498,-0.35,-0.839,-0.546,0.089,-0.056,0.0944,-0.4873349130797657,-0.03572204677766882,-0.022943040142565596,1880
1886-07-01,-0.311,-0.297,-0.18,-0.745,-0.383,0.106,-0.06,0.0968,-0.49454938343322735,0.062003516042855165,0.0495458673903722,1880
1886-08-01,-0.432,-0.45,-0.31,-0.736,-0.482,0.0,0.004,0.0968,-0.5013757213553233,0.014125063819495427,0.005250657535827874,1880
1886-09-01,-0.447,-0.38,-0.24,-0.871,-0.484,-0.033,0.056,0.0971,-0.5074186377476018,0.026764684121266917,-0.0033460463736650903,1880
1886-10-01,-0.371,-0.399,-0.27,-0.934,-0.494,-0.092,-0.106,0.0959,-0.5126263026264872,0.0435268934685668,-0.024900590842079517,1880
1886-11-01,-0.479,-0.476,-0.28,-0.913,-0.537,-0.155,0.054,0.094,-0.5173519761287376,0.03208060957222925,-0.051728633443491656,1880
1886-12-01,-0.351,-0.381,-0.25,-0.82,-0.45,-0.173,0.121,0.0706,-0.5219079342301493,0.0873628660004086,-0.015454931770259361,1880
1887-01-01,-0.665,-0.734,-0.72,-1.253,-0.843,-0.288,-0.453,0.123,-0.5262769265691719,-0.059235293802283435,-0.25748777962854463,1880
1887-02-01,-0.578,-0.646,-0.57,-1.112,-0.726,-0.148,-0.49,0.1364,-0.5299957496149897,-0.1270877796115513,-0.06891647077345897,1880
1887-03-01,-0.342,-0.435,-0.35,-1.073,-0.55,0.044,-0.343,0.1351,-0.5327063330005738,-0.07442280002071168,0.057129133021285416,1880
1887-04-01,-0.35,-0.473,-0.34,-0.984,-0.537,-0.125,-0.188,0.1302,-0.5342498097875578,-7.474018834896425e-05,-0.0026754500240933066,1880
1887-05-01,-0.506,-0.512,-0.3,-0.946,-0.566,-0.163,-0.202,0.1234,-0.5344805850935102,0.014466837567280358,-0.045986252473770195,1880
1887-06-01,-0.489,-0.512,-0.25,-0.867,-0.53,0.016,-0.293,0.1235,-0.5331891749673068,-0.003931137048577976,0.0071203120158847,1880
1887-07-01,-0.339,-0.379,-0.26,-0.788,-0.442,-0.059,-0.366,0.1173,-0.5304485435692641,0.0697629494172701,0.018685594151994,1880
1887-08-01,-0.483,-0.438,-0.35,-0.843,-0.528,-0.046,-0.501,0.1155,-0.5263625453029732,0.007492280269261892,-0.00912973496628866,1880
1887-09-01,-0.476,-0.379,-0.25,-0.803,-0.477,0.007,-0.379,0.116,-0.520824779626968,0.014457753987120932,0.02936702563984711,1880
1887-10-01,-0.345,-0.434,-0.35,-0.973,-0.526,-0.032,-0.48,0.1147,-0.5137355056446663,0.04196394167326106,-0.05422843602859484,1880
1887-11-01,-0.303,-0.428,-0.26,-0.919,-0.478,0.059,-0.446,0.117,-0.505086866567008,0.02505083716498533,0.002036029402022632,1880
1887-12-01,-0.281,-0.489,-0.33,-0.965,-0.516,-0.066,-0.433,0.1132,-0.4950714161409628,0.07016412269833895,-0.09109270655737617,1880
1888-01-01,-0.416,-0.615,-0.34,-0.814,-0.546,0.297,-0.379,0.0698,-0.48345678721438107,-0.0377291830429422,-0.024814029742676824,1880
1888-02-01,-0.428,-0.585,-0.36,-0.978,-0.588,0.138,-0.59,0.0409,-0.46981800323267986,-0.11826818686450667,8.619009718657811e-05,1880
1888-03-01,-0.38,-0.593,-0.41,-0.911,-0.574,-0.024,-0.724,0.0428,-0.45417212321584904,-0.08320927150269379,-0.036618605281457106,1880
1888-04-01,-0.354,-0.344,-0.21,-0.939,-0.462,0.075,-0.501,0.0463,-0.43657762471076406,-0.004019615344064422,-0.021402759945171546,1880
1888-05-01,-0.32,-0.399,-0.22,-0.759,-0.424,0.142,-0.207,0.0512,-0.41696918710102,0.02559471209739242,-0.032625524996372446,1880
1888-06-01,-0.149,-0.315,-0.17,-0.711,-0.336,0.194,-0.208,0.0705,-0.3953999370407575,0.026802333538151344,0.0325976035026061,1880
1888-07-01,-0.335,-0.335,-0.11,-0.599,-0.345,0.097,-0.249,0.0814,-0.3722612564006766,0.05898426048687229,-0.03172300408619566,1880
1888-08-01,-0.281,-0.304,-0.16,-0.661,-0.352,0.176,-0.162,0.0882,-0.34942077780008607,0.0003766556382705211,-0.0029558778381844064,1880
1888-09-01,-0.225,-0.32,-0.12,-0.778,-0.361,0.116,-0.199,0.0934,-0.33123646362970727,-0.002520349976707425,-0.027243186393585306,1880
1888-10-01,-0.054,-0.158,0.01,-0.524,-0.182,0.344,0.104,0.12,-0.3207995214243768,0.04397751301404245,0.09482200841033434,1880
1888-11-01,-0.033,-0.256,0.02,-0.531,-0.2,0.278,0.075,0.1357,-0.3166541164906934,-0.004213705725166896,0.12086782221586029,1880
1888-12-01,0.052,-0.248,-0.04,-0.623,-0.215,0.301,0.095,0.1415,-0.3156863761642072,0.06143174004870211,0.039254636115505115,1880
1889-01-01,-0.059,-0.294,-0.09,-0.593,-0.259,0.287,0.021,0.1354,-0.3164031771231756,-0.030278950970348634,0.08768212809352424,1880
1889-02-01,0.102,-0.005,0.16,-0.475,-0.054,0.534,0.341,0.1406,-0.31864993066011515,-0.10512909378797478,0.3697790244480899,1880
1889-03-01,0.19,-0.079,0.06,-0.601,-0.108,0.466,0.199,0.1258,-0.3225785384823715,-0.07076935541713471,0.2853478938995062,1880
1889-04-01,0.033,-0.082,0.09,-0.591,-0.137,0.325,0.286,0.1164,-0.32843847063546977,-0.00640120114802523,0.19783967178349499,1880
1889-05-01,-0.074,-0.158,-0.01,-0.539,-0.195,0.229,0.211,0.1029,-0.33648683427178966,0.0378859351888881,0.10360089908290154,1880
1889-06-01,-0.262,-0.216,-0.1,-0.625,-0.301,0.035,0.131,0.1,-0.34782665888654013,0.04046770579462552,0.006358953091914643,1880
1889-07-01,-0.212,-0.291,-0.08,-0.653,-0.309,0.036,0.099,0.0966,-0.3630770296586113,0.0360953481527664,0.01798168150584495,1880
1889-08-01,-0.349,-0.315,-0.2,-0.665,-0.382,-0.03,0.061,0.1006,-0.3816684920416842,-0.003119333867018172,0.002787825908702357,1880
1889-09-01,-0.381,-0.349,-0.23,-0.742,-0.426,-0.065,0.038,0.1099,-0.4020561413534138,-0.00978103935348404,-0.014162819293102147,1880
1889-10-01,-0.237,-0.361,-0.25,-0.814,-0.416,-0.234,-0.046,0.1207,-0.42331788848222723,0.05958747586561203,-0.052269587383384775,1880
1889-11-01,-0.273,-0.509,-0.34,-0.909,-0.508,-0.308,-0.029,0.1402,-0.4443544362881729,-0.03648332089387767,-0.027162242817949434,1880
1889-12-01,-0.087,-0.346,-0.29,-0.837,-0.39,-0.175,0.23,0.1424,-0.4639380215751909,0.06676768384959186,0.007170337725598996,1880
1890-01-01,-0.333,-0.516,-0.42,-0.985,-0.564,-0.305,-0.085,0.1621,-0.4815341282824872,-0.027679314789906206,-0.05478655692760648,1890
1890-02-01,-0.279,-0.449,-0.45,-0.947,-0.531,-0.477,-0.019,0.1501,-0.49698514162332863,-0.10451207006967779,0.07049721169300638,1890
1890-03-01,-0.424,-0.616,-0.4,-0.964,-0.601,-0.493,-0.285,0.1435,-0.5099966590088671,-0.051810545348472785,-0.039192795642660094,1890
1890-04-01,-0.345,-0.492,-0.3,-0.998,-0.534,-0.397,-0.168,0.1224,-0.520481427976235,-0.004944768699674141,-0.008573803324090856,1890
1890-05-01,-0.354,-0.529,-0.4,-0.86,-0.536,-0.341,-0.216,0.1006,-0.5285642789128876,0.0575387512325894,-0.06497447231970188,1890
1890-06-01,-0.477,-0.485,-0.25,-0.907,-0.53,-0.229,-0.132,0.0892,-0.534093260197678,0.04630945999752732,-0.04221619979984936,1890
1890-07-01,-0.508,-0.486,-0.28,-0.837,-0.528,-0.219,-0.137,0.0725,-0.5369087389899232,0.01728585312357557,-0.008377114133652386,1890
1890-08-01,-0.484,-0.469,-0.39,-0.921,-0.566,-0.184,-0.336,0.0654,-0.5368991793030585,0.0033128418351907065,-0.03241366253213218,1890
1890-09-01,-0.495,-0.477,-0.36,-0.959,-0.573,-0.147,-0.188,0.0617,-0.5341166865123553,0.013591001167424227,-0.0524743146550688,1890
1890-10-01,-0.289,-0.437,-0.25,-0.837,-0.453,-0.037,-0.049,0.0566,-0.5288292023303917,0.06281815756954008,0.013011044760851576,1890
1890-11-01,-0.444,-0.667,-0.44,-1.047,-0.65,-0.142,-0.322,0.0664,-0.5215008470806232,-0.07681582393893398,-0.05168332898044292,1890
1890-12-01,-0.332,-0.381,-0.32,-0.846,-0.47,-0.08,-0.183,0.0529,-0.5127331216073494,0.03970883618537602,0.003024285421973416,1890
1891-01-01,-0.35,-0.574,-0.34,-0.929,-0.548,0.016,-0.227,0.0525,-0.5031199169406243,-0.01718544068192096,-0.02769464237745478,1890
1891-02-01,-0.493,-0.593,-0.46,-1.117,-0.666,-0.135,-0.409,0.0631,-0.493328513569994,-0.12641577625766517,-0.046255710172340814,1890
1891-03-01,-0.235,-0.356,-0.18,-0.873,-0.411,0.19,-0.142,0.0734,-0.4834984189724304,-0.019317698120430108,0.09181611709286053,1890
1891-04-01,-0.247,-0.438,-0.27,-0.887,-0.46,0.074,-0.314,0.0768,-0.47371858354232405,-0.0033802693409538493,0.017098852883277893,1890
1891-05-01,-0.217,-0.334,-0.16,-0.714,-0.356,0.18,-0.221,0.0921,-0.46424506992673814,0.04869964291992758,0.05954542700681059,1890
1891-06-01,-0.23,-0.365,-0.21,-0.701,-0.376,0.154,0.015,0.1006,-0.4564635956901811,0.0516281251159153,0.028835470574265776,1890
1891-07-01,-0.434,-0.4,-0.18,-0.78,-0.448,0.08,-0.209,0.1016,-0.4521589971892182,0.016114166345044582,-0.011955169155826395,1890
1891-08-01,-0.353,-0.361,-0.17,-0.787,-0.418,0.148,-0.168,0.1015,-0.45202208323847154,0.016084214500347128,0.01793786873812442,1890
1891-09-01,-0.246,-0.261,-0.15,-0.809,-0.367,0.206,0.014,0.1029,-0.4554500758536639,0.04282794367318955,0.045622132180474395,1890
1891-10-01,-0.196,-0.334,-0.21,-0.806,-0.386,0.067,-0.033,0.1056,-0.46180077975167294,0.07120893259103009,0.004591847160642815,1890
1891-11-01,-0.337,-0.53,-0.31,-0.976,-0.538,0.112,-0.096,0.0915,-0.470405759120154,-0.0863765218390274,0.01878228095918133,1890
1891-12-01,-0.156,-0.223,-0.04,-0.771,-0.298,0.172,-0.054,0.1017,-0.4803507585606126,0.0017736222560701842,0.18057713630454242,1890
1892-01-01,-0.194,-0.472,-0.29,-0.824,-0.445,0.103,-0.347,0.0958,-0.49086382846701543,-0.03611975497844482,0.08198358344546025,1890
1892-02-01,-0.212,-0.288,-0.12,-0.743,-0.341,0.325,-0.108,0.0639,-0.501626755254687,-0.14657175140975337,0.3071985066644404,1890
1892-03-01,-0.35,-0.522,-0.4,-0.891,-0.541,-0.13,-0.313,0.0753,-0.5129512188735396,0.0064511514472200115,-0.03449993257368045,1890
1892-04-01,-0.394,-0.537,-0.33,-0.959,-0.555,-0.095,-0.186,0.0849,-0.5250046187793912,-0.008370541391615612,-0.021624839828993214,1890
1892-05-01,-0.388,-0.452,-0.23,-0.963,-0.508,-0.152,-0.173,0.0854,-0.5375934275254483,0.03144165296692684,-0.001848225441478557,1890
1892-06-01,-0.483,-0.432,-0.21,-0.858,-0.496,-0.12,-0.068,0.0849,-0.5496389790734586,0.052151912111207704,0.0014870669622508714,1890
1892-07-01,-0.536,-0.59,-0.31,-0.982,-0.604,-0.156,-0.237,0.0965,-0.559493084372871,0.04480820282461612,-0.089315118451745,1890
1892-08-01,-0.477,-0.511,-0.27,-0.926,-0.546,-0.128,-0.237,0.0987,-0.5660344677770043,0.04129785762634535,-0.021263389849341063,1890
1892-09-01,-0.43,-0.387,-0.16,-0.924,-0.475,-0.108,-0.149,0.0934,-0.5688014318290497,0.05732515259858234,0.03647627923046737,1890
1892-10-01,-0.413,-0.437,-0.14,-1.035,-0.506,-0.12,-0.072,0.089,-0.5680483498088718,0.07565322922545381,-0.01360487941658206,1890
1892-11-01,-0.609,-0.662,-0.42,-1.123,-0.704,-0.166,-0.312,0.1083,-0.5648346204617903,-0.056916173519840664,-0.08224920601836894,1890
1892-12-01,-0.491,-0.789,-0.39,-0.958,-0.657,-0.359,-0.093,0.0958,-0.5602014244033641,-0.022440357750349624,-0.07435821784628638,1890
1893-01-01,-0.701,-1.04,-0.81,-1.214,-0.941,-0.496,-0.46,0.1479,-0.5548214054781768,-0.07279240823491333,-0.31338618628690984,1890
1893-02-01,-0.539,-0.846,-0.57,-1.025,-0.745,-0.404,-0.241,0.1359,-0.5485673462069435,-0.14539543837214264,-0.051037215420913884,1890
1893-03-01,-0.3,-0.421,-0.22,-1.041,-0.495,0.046,-0.204,0.1385,-0.541424752007956,-9.828805741591553e-05,0.046523040065371946,1890
1893-04-01,-0.311,-0.508,-0.27,-0.995,-0.521,0.034,-0.123,0.1399,-0.533612331534652,-0.015188483252898937,0.02780081478755092,1890
1893-05-01,-0.357,-0.57,-0.34,-0.931,-0.55,-0.042,-0.202,0.1379,-0.5253215314252492,0.016864726191808878,-0.041543194766559766,1890
1893-06-01,-0.36,-0.453,-0.25,-0.739,-0.45,0.046,-0.245,0.1418,-0.5170208026666271,0.03502570931245557,0.0319950933541715,1890
1893-07-01,-0.217,-0.253,-0.14,-0.731,-0.335,0.269,-0.021,0.1609,-0.5091189984657839,0.07480257273803403,0.09931642572774985,1890
1893-08-01,-0.385,-0.295,-0.25,-0.828,-0.44,0.106,-0.016,0.1656,-0.5024487240184138,0.06811354692957318,-0.0056648229111594395,1890
1893-09-01,-0.356,-0.369,-0.22,-0.902,-0.462,0.013,-0.054,0.1664,-0.4980779292592996,0.05095657184959652,-0.01487864259029692,1890
1893-10-01,-0.225,-0.305,-0.18,-0.838,-0.387,0.119,0.029,0.1737,-0.4960639162025493,0.06580662569987542,0.043257290502673906,1890
1893-11-01,-0.318,-0.402,-0.19,-1.0,-0.478,0.226,-0.065,0.1685,-0.49546651225623184,-0.01828117415140287,0.035747686407634705,1890
1893-12-01,-0.307,-0.477,-0.32,-0.991,-0.524,0.133,-0.098,0.1643,-0.49565154142895707,-0.03791767428166159,0.00956921571061864,1890
1894-01-01,-0.496,-0.63,-0.53,-1.195,-0.713,0.228,-0.264,0.1191,-0.4966510070716198,-0.09512277175140814,-0.12122622117697202,1890
1894-02-01,-0.334,-0.419,-0.29,-1.071,-0.528,0.217,-0.202,0.0937,-0.4982202040968579,-0.12484982794001892,0.0950700320368768,1890
1894-03-01,-0.342,-0.498,-0.23,-1.024,-0.524,-0.029,0.032,0.0942,-0.5001438517328382,-0.027512334935372307,0.003656186668210437,1890
1894-04-01,-0.272,-0.523,-0.45,-1.018,-0.566,-0.045,-0.006,0.0963,-0.5022655943748386,-0.02795644241474054,-0.035777963210420816,1890
1894-05-01,-0.302,-0.514,-0.31,-0.843,-0.492,0.058,0.043,0.0948,-0.504369773312775,-0.0009804536335136175,0.013350226946288624,1890
1894-06-01,-0.469,-0.58,-0.41,-0.962,-0.605,-0.155,-0.103,0.0991,-0.5062490569848171,0.029424327092911512,-0.12817527010809437,1890
1894-07-01,-0.232,-0.398,-0.24,-0.734,-0.401,-0.066,0.15,0.0903,-0.507590376889656,0.10536595081179417,0.0012244260778618843,1890
1894-08-01,-0.205,-0.355,-0.24,-0.717,-0.379,0.061,0.137,0.0961,-0.5077224783470192,0.08297960912660707,0.04574286922041215,1890
1894-09-01,-0.357,-0.44,-0.28,-0.901,-0.494,-0.032,0.066,0.0952,-0.5061336077874247,0.031280712267980876,-0.019147104480556232,1890
1894-10-01,-0.345,-0.399,-0.23,-0.96,-0.484,-0.097,0.0,0.0879,-0.5029886195112548,0.06105243518256922,-0.04206381567131434,1890
1894-11-01,-0.223,-0.451,-0.26,-0.977,-0.478,0.0,0.091,0.0879,-0.49877925386595967,0.01868607727342141,0.0020931765925382706,1890
1894-12-01,-0.383,-0.538,-0.21,-0.918,-0.512,0.012,-0.073,0.0879,-0.4937632571795462,-0.011986188293133936,-0.006250554527319874,1890
1895-01-01,-0.41,-0.636,-0.41,-0.989,-0.611,0.102,0.044,0.0701,-0.4878641109561799,-0.11432875970214264,-0.008807129341677489,1890
1895-02-01,-0.452,-0.632,-0.43,-1.07,-0.646,-0.118,-0.104,0.0809,-0.48119897278012197,-0.09252907033821324,-0.07227195688166482,1890
1895-03-01,-0.315,-0.61,-0.33,-0.961,-0.554,-0.03,-0.025,0.0816,-0.47388633867210883,-0.06215628210764135,-0.01795737922024987,1890
1895-04-01,-0.249,-0.448,-0.22,-0.804,-0.43,0.136,0.191,0.0838,-0.46563942118993884,-0.06792726358474349,0.10356668477468234,1890
1895-05-01,-0.24,-0.469,-0.28,-0.842,-0.458,0.034,0.102,0.0849,-0.45622851960616645,-0.0036236998746379478,0.0018522194808043846,1890
1895-06-01,-0.278,-0.421,-0.21,-0.784,-0.423,0.182,0.212,0.0815,-0.44574980396754027,0.0253635989034205,-0.0026137949358802093,1890
1895-07-01,-0.171,-0.338,-0.17,-0.651,-0.332,0.069,0.157,0.0903,-0.4349149920744692,0.10332266393083231,-0.0004076718563630899,1890
1895-08-01,-0.223,-0.374,-0.17,-0.688,-0.364,0.015,0.118,0.0919,-0.4245006221251234,0.09148234019864511,-0.03098171807352168,1890
1895-09-01,-0.266,-0.388,-0.12,-0.829,-0.401,0.093,0.05,0.0947,-0.4146331311286442,0.022697668745001304,-0.009064537616357116,1890
1895-10-01,-0.204,-0.314,-0.1,-0.876,-0.374,0.11,0.028,0.0989,-0.4051764002729094,0.055791793155007534,-0.02461539288209813,1890
1895-11-01,-0.108,-0.312,-0.17,-0.741,-0.333,0.145,0.049,0.1059,-0.39599499555357304,0.02502808370641909,0.03796691184715395,1890
1895-12-01,-0.228,-0.36,-0.14,-0.84,-0.392,0.12,-0.115,0.1055,-0.3868828115710296,0.009968649841053416,-0.0150858382700238,1890
1896-01-01,-0.153,-0.314,-0.23,-0.775,-0.368,0.243,0.187,0.0929,-0.3774240536578072,-0.04501096666686846,0.05443502032467562,1890
1896-02-01,-0.211,-0.329,-0.13,-0.868,-0.384,0.262,0.194,0.061,-0.367238042389248,-0.09484266992517991,0.07808071231442792,1890
1896-03-01,-0.211,-0.58,-0.26,-0.868,-0.48,0.074,0.114,0.046,-0.35636053098839193,-0.09258199917885519,-0.03105746983275287,1890
1896-04-01,-0.254,-0.529,-0.31,-0.953,-0.511,-0.081,-0.099,0.0564,-0.34567375195093886,-0.09579441923378587,-0.06953182881527531,1890
1896-05-01,-0.192,-0.347,-0.16,-0.833,-0.383,0.075,0.02,0.0537,-0.33588568173528804,-0.004112081132474951,-0.043002237132237,1890
1896-06-01,-0.09,-0.224,-0.11,-0.608,-0.258,0.165,0.288,0.0658,-0.3272340578115835,0.03856997493397023,0.03066408287761324,1890
1896-07-01,-0.141,-0.185,-0.03,-0.609,-0.241,0.091,0.142,0.0764,-0.3194919840908168,0.08978033358496797,-0.01128834949415114,1890
1896-08-01,-0.04,-0.173,-0.05,-0.581,-0.211,0.153,0.271,0.0898,-0.31226574225192705,0.08203398861942864,0.019231753632498405,1890
1896-09-01,-0.201,-0.155,-0.08,-0.68,-0.279,0.122,0.205,0.0918,-0.3055836584970928,0.03126552504342185,-0.004681866546329072,1890
1896-10-01,-0.032,-0.117,0.06,-0.647,-0.184,0.19,0.31,0.1032,-0.29971225763944276,0.047429592897225176,0.06828266474221759,1890
1896-11-01,-0.074,-0.308,-0.05,-0.706,-0.284,0.049,0.253,0.1043,-0.29506610353585955,0.006299528501672071,0.004766575034187481,1890
1896-12-01,0.029,-0.083,-0.05,-0.705,-0.202,0.19,0.248,0.1085,-0.2919516797141908,0.013779120483457969,0.0761725592307328,1890
1897-01-01,-0.076,-0.29,-0.15,-0.732,-0.312,0.056,0.531,0.1073,-0.29069646156251755,0.01185856869624001,-0.033162107133722474,1890
1897-02-01,-0.187,-0.338,-0.17,-0.879,-0.394,-0.01,0.332,0.1079,-0.29160599154387673,-0.10187637549476498,-0.0005176329613583164,1890
1897-03-01,-0.117,-0.41,-0.14,-0.844,-0.378,0.102,0.172,0.0969,-0.29451416981775097,-0.10159198325886251,0.018106153076613507,1890
1897-04-01,-0.008,-0.109,-0.03,-0.656,-0.201,0.31,0.336,0.0754,-0.29888463090563805,-0.10788871950367077,0.2057733504093088,1890
1897-05-01,-0.05,-0.121,-0.02,-0.687,-0.22,0.163,0.346,0.069,-0.3045748423125614,-0.010828337446210505,0.09540317975877188,1890
1897-06-01,-0.115,-0.17,-0.12,-0.683,-0.272,-0.014,0.258,0.069,-0.3115980970854928,0.05404812963497735,-0.01445003254948457,1890
1897-07-01,-0.053,-0.19,-0.03,-0.635,-0.227,0.014,0.215,0.0696,-0.32010776346540626,0.0774294489662697,0.015678314499136536,1890
1897-08-01,-0.089,-0.183,-0.09,-0.611,-0.243,-0.032,0.285,0.0679,-0.3301529857517122,0.07410740471816232,0.013045581033549858,1890
1897-09-01,-0.162,-0.176,-0.09,-0.742,-0.292,-0.013,0.185,0.0683,-0.34129799992636983,0.052394840558084,-0.0030968406317141706,1890
1897-10-01,-0.116,-0.206,-0.13,-0.815,-0.317,-0.133,0.209,0.0642,-0.3532197414377153,0.04467958466440364,-0.008459843226688357,1890
1897-11-01,-0.208,-0.41,-0.19,-0.744,-0.388,-0.104,0.09,0.0716,-0.36565861642964187,-0.0312901799334581,0.008948796363099976,1890
1897-12-01,-0.176,-0.453,-0.21,-0.697,-0.384,-0.182,0.132,0.0712,-0.3784310186292562,0.008441474203595386,-0.014010455574339165,1890
1898-01-01,-0.049,-0.185,-0.03,-0.84,-0.276,0.036,0.27,0.0715,-0.39130456489566134,0.0338849859163269,0.08141957897933444,1890
1898-02-01,-0.367,-0.544,-0.31,-1.009,-0.558,-0.164,0.03,0.1009,-0.4039018778379162,-0.10775403282911507,-0.046344089332968796,1890
1898-03-01,-0.431,-0.833,-0.51,-1.137,-0.728,-0.35,-0.154,0.1566,-0.41578468632917537,-0.07852081359108451,-0.23369450007974008,1890
1898-04-01,-0.319,-0.66,-0.3,-0.967,-0.562,-0.361,-0.1,0.1616,-0.42646694246461025,-0.0967408943371782,-0.038792163198211604,1890
1898-05-01,-0.302,-0.548,-0.3,-0.871,-0.505,-0.285,-0.081,0.1581,-0.4359531236278513,-0.0062858288240058725,-0.06276104754814282,1890
1898-06-01,-0.194,-0.334,-0.19,-0.724,-0.36,-0.088,-0.024,0.1538,-0.4442604703398304,0.0420974490935382,0.04216302124629223,1890
1898-07-01,-0.224,-0.391,-0.22,-0.692,-0.382,-0.155,-0.037,0.1438,-0.45096244988966894,0.05640960891904551,0.012552840970623425,1890
1898-08-01,-0.364,-0.395,-0.27,-0.692,-0.43,-0.187,-0.078,0.1331,-0.4556951879781173,0.06432421843067425,-0.038629030452556945,1890
1898-09-01,-0.234,-0.36,-0.22,-0.747,-0.39,-0.098,-0.029,0.1266,-0.45823973762476666,0.0649125374007446,0.0033272002240220533,1890
1898-10-01,-0.369,-0.476,-0.35,-0.944,-0.535,-0.218,-0.353,0.1229,-0.45806572920913324,0.05032765050335286,-0.12726192129421965,1890
1898-11-01,-0.316,-0.495,-0.38,-0.985,-0.544,-0.156,-0.344,0.1231,-0.45487983930904563,-0.042526405003999006,-0.04659375568695545,1890
1898-12-01,-0.358,-0.467,-0.24,-0.835,-0.475,-0.091,-0.26,0.12,-0.44877788279657255,-0.007394121141934639,-0.01882799606149277,1890
1899-01-01,-0.239,-0.344,-0.17,-0.89,-0.411,-0.135,-0.152,0.1046,-0.4404052032947665,0.00977096942043774,0.019634233874328777,1890
1899-02-01,-0.286,-0.528,-0.38,-0.964,-0.54,0.018,-0.486,0.1036,-0.430441781723259,-0.08709189556534466,-0.02246632271139637,1890
1899-03-01,-0.29,-0.563,-0.37,-0.937,-0.54,0.188,-0.432,0.0741,-0.41917947302463016,-0.04195579106189366,-0.0788647359134762,1890
1899-04-01,-0.257,-0.418,-0.2,-0.878,-0.438,0.124,-0.301,0.069,-0.4067787498165631,-0.050570158917947035,0.019348908734510117,1890
1899-05-01,-0.18,-0.358,-0.23,-0.789,-0.389,0.116,-0.194,0.0706,-0.39317103685357496,-0.011654256879832804,0.01582529373340774,1890
1899-06-01,-0.325,-0.507,-0.32,-0.858,-0.503,-0.143,-0.202,0.0654,-0.3789328838082286,0.032560081527408885,-0.15662719771918027,1890
1899-07-01,-0.205,-0.364,-0.16,-0.67,-0.35,0.032,-0.041,0.0696,-0.3651308364456405,0.02918778251983974,-0.014056946074199217,1890
1899-08-01,-0.088,-0.237,-0.08,-0.646,-0.263,0.167,0.119,0.0903,-0.35245412151603117,0.042975524458473684,0.04647859705755747,1890
1899-09-01,-0.115,-0.143,-0.04,-0.609,-0.227,0.163,0.199,0.1099,-0.3408501459892187,0.049845004679517864,0.06400514130970081,1890
1899-10-01,-0.049,-0.176,-0.04,-0.725,-0.248,0.287,0.168,0.1171,-0.3300925121407692,0.04479368168749875,0.037298830453270426,1890
1899-11-01,0.116,-0.047,0.12,-0.655,-0.116,0.428,0.392,0.1364,-0.32016577539158375,-0.0415641434848065,0.24572991887639023,1890
1899-12-01,-0.077,-0.448,-0.27,-0.635,-0.358,0.117,0.032,0.1327,-0.3111842322377651,-0.009592870363184,-0.03722289739905088,1890
1900-01-01,-0.227,-0.481,-0.37,-0.88,-0.489,-0.078,0.075,0.137,-0.30325474381350176,-0.016162464703464247,-0.16958279148303396,1900
1900-02-01,0.135,-0.192,-0.06,-0.587,-0.176,0.364,0.355,0.1367,-0.29636675139148994,-0.05338023125554739,0.17374698264703733,1900
1900-03-01,-0.042,-0.199,0.0,-0.731,-0.243,0.297,0.358,0.1237,-0.2902458161224965,-0.009698209068256202,0.0569440251907527,1900
1900-04-01,-0.096,-0.225,-0.09,-0.726,-0.284,0.154,0.25,0.1178,-0.2851461554925953,-0.0044171550561633525,0.005563310548758693,1900
1900-05-01,-0.139,-0.301,-0.09,-0.694,-0.306,0.083,0.23,0.1148,-0.2811506487665905,-0.007276312245100648,-0.01757303898830881,1900
1900-06-01,-0.057,-0.223,-0.1,-0.606,-0.246,0.257,0.284,0.0951,-0.2777678405331189,0.01443570144444448,0.017332139088674425,1900
1900-07-01,-0.139,-0.21,-0.13,-0.665,-0.286,0.064,0.242,0.0923,-0.2744609384209852,0.009038313736554882,-0.02057737531556969,1900
1900-08-01,-0.124,-0.21,-0.09,-0.678,-0.275,-0.012,0.291,0.0923,-0.2715684015739187,0.029510184973137253,-0.03294178339921855,1900
1900-09-01,-0.087,-0.193,-0.06,-0.724,-0.266,-0.039,0.307,0.0913,-0.2698869479243485,0.026351559518363824,-0.02246461159401536,1900
1900-10-01,0.06,-0.058,0.09,-0.623,-0.133,0.115,0.32,0.0999,-0.26991927594840875,0.030686472690255706,0.10623280325815304,1900
1900-11-01,-0.089,-0.257,-0.07,-0.719,-0.284,-0.168,0.366,0.0882,-0.2716896318862806,-0.036960825659088294,0.024650457545368903,1900
1900-12-01,0.016,-0.213,-0.07,-0.622,-0.222,0.136,0.248,0.0859,-0.2750168171358223,-0.01196394061221056,0.06498075774803289,1900
1901-01-01,-0.195,-0.264,-0.23,-0.787,-0.369,0.12,0.179,0.0611,-0.27979493571168407,-0.030406673806054985,-0.05879839048226093,1900
1901-02-01,-0.089,-0.258,-0.1,-0.78,-0.307,-0.131,0.359,0.0568,-0.2860891141322803,-0.015086644177534823,-0.005824241690184917,1900
1901-03-01,-0.096,-0.18,0.06,-0.618,-0.209,0.034,0.202,0.059,-0.2939377857804993,0.02101320020978284,0.06392458557071645,1900
1901-04-01,-0.002,-0.165,-0.03,-0.622,-0.205,0.079,0.255,0.0611,-0.3032003692309061,0.0025205430990557316,0.09567982613185039,1900
1901-05-01,-0.041,-0.234,-0.16,-0.689,-0.281,0.025,0.075,0.0598,-0.3139082475521253,0.002239178381695517,0.030669069170429775,1900
1901-06-01,-0.158,-0.256,-0.12,-0.725,-0.315,-0.069,0.061,0.0619,-0.3264100013949537,0.011785091921840317,-0.00037509052688661226,1900
1901-07-01,-0.169,-0.346,-0.14,-0.699,-0.338,-0.052,0.11,0.0654,-0.34040398429445534,0.010868998881292672,-0.00846501458683735,1900
1901-08-01,-0.191,-0.211,-0.2,-0.699,-0.325,-0.05,0.093,0.0675,-0.35511526249748954,0.011851383382819058,0.018263879114670478,1900
1901-09-01,-0.239,-0.356,-0.22,-0.808,-0.406,-0.14,-0.039,0.0779,-0.369829060308008,0.00797287824346608,-0.04414381793545813,1900
1901-10-01,-0.281,-0.336,-0.29,-0.862,-0.442,-0.309,-0.056,0.0748,-0.3842528083631084,0.006893970957382006,-0.06464116259427366,1900
1901-11-01,-0.307,-0.374,-0.17,-0.798,-0.412,-0.128,0.126,0.08,-0.398121007137845,-0.02414615813682311,0.010267165274668144,1900
1901-12-01,-0.2,-0.466,-0.28,-0.694,-0.41,-0.188,-0.112,0.0776,-0.41110862483046284,-0.01588334547594224,0.01699197030640509,1900
1902-01-01,-0.205,-0.425,-0.17,-0.807,-0.402,-0.033,0.043,0.0794,-0.4228990007849277,0.011570893458439525,0.009328107326488144,1900
1902-02-01,-0.065,-0.224,-0.09,-0.706,-0.271,0.036,0.07,0.0814,-0.4336364691438342,-0.061071908629654094,0.22370837777348826,1900
1902-03-01,-0.336,-0.456,-0.27,-0.969,-0.508,-0.299,0.033,0.0851,-0.44370188402420957,0.03610729449941541,-0.10040541047520585,1900
1902-04-01,-0.266,-0.444,-0.27,-0.864,-0.461,-0.256,0.094,0.0742,-0.45320978124286926,-0.006012311400639667,-0.001777907356491082,1900
1902-05-01,-0.301,-0.435,-0.32,-0.791,-0.462,-0.181,0.046,0.0703,-0.4621492076856531,0.014025775573226283,-0.013876567887573188,1900
1902-06-01,-0.309,-0.45,-0.32,-0.728,-0.452,-0.137,0.044,0.067,-0.4704255808248808,0.023125178472661337,-0.004699597647780551,1900
1902-07-01,-0.31,-0.411,-0.28,-0.723,-0.431,-0.093,0.173,0.0636,-0.47831662011961157,0.024435497580509977,0.022881122539101573,1900
1902-08-01,-0.369,-0.431,-0.3,-0.777,-0.469,-0.144,0.077,0.0584,-0.4860932316449858,0.003565750220098716,0.013527481424887133,1900
1902-09-01,-0.268,-0.373,-0.29,-0.839,-0.442,-0.036,0.033,0.0581,-0.4937985840248905,-0.0038433686589158314,0.05564195268380634,1900
1902-10-01,-0.44,-0.497,-0.3,-0.869,-0.526,-0.084,-0.02,0.0644,-0.5016100545180568,-0.019341663966931554,-0.005048281515011577,1900
1902-11-01,-0.44,-0.554,-0.37,-0.892,-0.564,-0.152,0.14,0.0733,-0.5102056449995754,-0.0025155836901820236,-0.0512787713102425,1900
1902-12-01,-0.394,-0.549,-0.43,-0.927,-0.575,-0.165,0.082,0.0803,-0.5199632292682335,-0.017099258684470393,-0.03793751204729612,1900
1903-01-01,-0.208,-0.423,-0.24,-0.811,-0.42,-0.018,0.521,0.0792,-0.5308582458958605,0.05183356544084307,0.059024680455017464,1900
1903-02-01,-0.221,-0.235,-0.06,-0.879,-0.349,-0.078,0.396,0.0635,-0.542700805661393,-0.10534202912975943,0.29904283479115246,1900
1903-03-01,-0.253,-0.406,-0.23,-0.846,-0.434,0.074,0.061,0.0632,-0.5552312456433343,0.021800853812823512,0.09943039183051072,1900
1903-04-01,-0.501,-0.59,-0.41,-1.052,-0.638,-0.177,-0.117,0.0804,-0.568106843410266,-0.02770615818041046,-0.042186998409323606,1900
1903-05-01,-0.367,-0.514,-0.4,-0.862,-0.536,-0.074,0.014,0.0817,-0.5808071199943989,0.017919146392114206,0.026887973602284676,1900
1903-06-01,-0.353,-0.549,-0.43,-0.869,-0.55,-0.098,-0.1,0.0829,-0.5928729531379212,0.033506423056222256,0.009366530081698854,1900
1903-07-01,-0.463,-0.511,-0.35,-0.906,-0.558,-0.127,-0.223,0.0821,-0.6040322384372392,0.03513301515294733,0.010899223284291826,1900
1903-08-01,-0.618,-0.611,-0.45,-0.973,-0.663,-0.194,-0.223,0.0928,-0.6143888677718076,0.008324429608591623,-0.056935561836784054,1900
1903-09-01,-0.481,-0.571,-0.49,-1.0,-0.636,-0.194,-0.174,0.0946,-0.6242086292623833,-0.007625843486048819,-0.004165527251567935,1900
1903-10-01,-0.494,-0.674,-0.46,-1.066,-0.674,-0.148,-0.287,0.1023,-0.6332225916258611,-0.01590434054465958,-0.02487306782947929,1900
1903-11-01,-0.53,-0.631,-0.42,-0.931,-0.628,-0.064,-0.15,0.1048,-0.6407453768929724,0.03448822004901035,-0.021742843156037917,1900
1903-12-01,-0.532,-0.708,-0.51,-1.094,-0.711,-0.136,-0.187,0.114,-0.646530898571258,-0.002553923631619259,-0.061915177797122745,1900
1904-01-01,-0.658,-0.797,-0.63,-1.208,-0.823,-0.403,-0.11,0.1257,-0.6504742240013136,0.05216647026566864,-0.22469224626435502,1900
1904-02-01,-0.659,-0.767,-0.59,-1.165,-0.795,-0.446,-0.267,0.1097,-0.652047499439782,-0.16396951043893232,0.021017009878714354,1900
1904-03-01,-0.5,-0.694,-0.51,-0.975,-0.67,-0.236,-0.146,0.0892,-0.6508343923065423,0.01876124354543424,-0.037926851238892056,1900
1904-04-01,-0.476,-0.645,-0.51,-1.117,-0.687,-0.049,-0.121,0.0894,-0.6467872920517094,-0.05190330391341366,0.011690595965123007,1900
1904-05-01,-0.479,-0.611,-0.52,-1.037,-0.662,-0.126,-0.17,0.0803,-0.640571001395553,0.015388112029761989,-0.036817110634209005,1900
1904-06-01,-0.455,-0.569,-0.48,-0.978,-0.62,-0.07,-0.015,0.0729,-0.6328311194351814,0.048668460069219974,-0.03583734063403854,1900
1904-07-01,-0.502,-0.559,-0.51,-0.959,-0.632,-0.074,-0.231,0.0646,-0.6239000507583788,0.04052820046211178,-0.04862814970373297,1900
1904-08-01,-0.449,-0.484,-0.49,-0.963,-0.596,0.067,-0.217,0.0692,-0.6135704412261389,0.012290122204576079,0.005280319021562896,1900
1904-09-01,-0.53,-0.6,-0.56,-1.022,-0.678,-0.042,-0.184,0.068,-0.6018044438184509,-0.015676031288599172,-0.06051952489294998,1900
1904-10-01,-0.413,-0.553,-0.39,-0.946,-0.575,0.099,-0.091,0.0746,-0.5887371431392264,-0.0013164261165182346,0.015053569255744748,1900
1904-11-01,-0.28,-0.392,-0.18,-0.81,-0.416,0.212,0.062,0.1051,-0.5745515798683872,0.04839565275930108,0.11015592710908617,1900
1904-12-01,-0.332,-0.494,-0.33,-0.813,-0.492,0.219,0.02,0.1133,-0.5594376490467056,0.026419517893779918,0.04101813115292563,1900
1905-01-01,-0.375,-0.457,-0.35,-0.891,-0.518,0.305,0.093,0.1014,-0.5437586535566882,0.02271311255094665,0.0030455410057415033,1900
1905-02-01,-0.636,-0.715,-0.6,-1.153,-0.776,0.019,-0.13,0.0984,-0.5280093490292184,-0.1443884106793739,-0.10360224029140774,1900
1905-03-01,-0.476,-0.519,-0.21,-0.917,-0.53,0.14,0.024,0.0989,-0.5127006366700727,0.010517629358049221,-0.02781699268797655,1900
1905-04-01,-0.449,-0.558,-0.33,-0.951,-0.572,0.115,-0.142,0.0951,-0.4982986595012795,-0.05541751165693487,-0.018283828841785588,1900
1905-05-01,-0.29,-0.434,-0.29,-0.805,-0.455,0.207,0.003,0.0993,-0.48475523446144164,-0.008358369188749642,0.038113603650191286,1900
1905-06-01,-0.251,-0.345,-0.28,-0.721,-0.399,0.221,0.024,0.1095,-0.47177236377562504,0.0483008065318655,0.02447155724375949,1900
1905-07-01,-0.236,-0.376,-0.26,-0.719,-0.398,0.234,-0.066,0.1149,-0.45902658040229943,0.03957600302853714,0.02145057737376227,1900
1905-08-01,-0.307,-0.306,-0.2,-0.832,-0.411,0.185,-0.047,0.1181,-0.44657558700179956,0.022606093888145926,0.01296949311365364,1900
1905-09-01,-0.314,-0.347,-0.19,-0.897,-0.437,0.241,-0.036,0.1086,-0.4346428116242222,-0.015312651574787324,0.012955463199009531,1900
1905-10-01,-0.247,-0.334,-0.24,-0.934,-0.439,0.136,-0.065,0.107,-0.4240423567461117,0.030812040878444233,-0.045769684132332566,1900
1905-11-01,-0.261,-0.215,-0.07,-0.814,-0.34,0.076,-0.007,0.1136,-0.4156492163892094,0.038870179072991645,0.03677903731621768,1900
1905-12-01,-0.147,-0.264,-0.13,-0.885,-0.357,0.135,0.035,0.1189,-0.4098263389432877,0.047493797891423016,0.005332541051864703,1900
1906-01-01,-0.198,-0.285,-0.28,-0.961,-0.431,0.087,-0.063,0.1183,-0.406382630058544,-0.023190988474486775,-0.0014263814669692176,1900
1906-02-01,-0.245,-0.377,-0.3,-0.871,-0.448,0.328,-0.064,0.0652,-0.4049145244185196,-0.11611102619194319,0.07302555061046279,1900
1906-03-01,-0.144,-0.282,-0.18,-0.865,-0.368,0.162,0.112,0.0603,-0.40476193795807697,-0.0025698820839084617,0.03933182004198543,1900
1906-04-01,-0.041,-0.1,-0.05,-0.67,-0.215,0.357,0.296,0.0668,-0.40597391206632316,-0.061316402977871,0.2522903150441942,1900
1906-05-01,-0.312,-0.372,-0.26,-0.776,-0.43,0.025,-0.047,0.065,-0.4089472823697071,-0.024256827375243564,0.0032041097449506672,1900
1906-06-01,-0.163,-0.229,-0.19,-0.71,-0.323,0.076,-0.065,0.0677,-0.4137303435701452,0.04181690472073005,0.04891343884941518,1900
1906-07-01,-0.19,-0.346,-0.23,-0.678,-0.361,0.037,-0.12,0.0678,-0.42025899145041645,0.053310339157512744,0.0059486522929037,1900
1906-08-01,-0.246,-0.272,-0.2,-0.817,-0.384,0.027,-0.173,0.0671,-0.4288043687481953,0.026985836454964024,0.01781853229323127,1900
1906-09-01,-0.297,-0.352,-0.28,-0.816,-0.436,0.001,-0.157,0.067,-0.43957768787311224,0.014245653079227823,-0.01066796520611557,1900
1906-10-01,-0.163,-0.32,-0.2,-0.781,-0.366,0.073,-0.182,0.0642,-0.4522134893443455,0.05760572130856954,0.02860776803577597,1900
1906-11-01,-0.234,-0.531,-0.38,-0.865,-0.502,-0.162,-0.218,0.0733,-0.4660343044033377,0.0011569618709021132,-0.03712265746756438,1900
1906-12-01,-0.244,-0.317,-0.15,-0.623,-0.334,0.023,-0.132,0.0744,-0.4799331146501399,0.02824592398804495,0.11768719066209493,1900
1907-01-01,-0.415,-0.516,-0.43,-0.949,-0.578,-0.147,-0.266,0.0928,-0.4928499902838114,-0.049347848058231863,-0.03580216165795669,1900
1907-02-01,-0.502,-0.615,-0.51,-1.129,-0.689,-0.241,-0.295,0.1255,-0.504752051393417,-0.06094965756340753,-0.12329829104317547,1900
1907-03-01,-0.305,-0.427,-0.27,-0.952,-0.488,-0.12,-0.11,0.1262,-0.5159679598640162,-0.03166867769385658,0.059636637557872796,1900
1907-04-01,-0.348,-0.472,-0.37,-1.048,-0.56,-0.345,-0.359,0.1124,-0.5264075493623755,-0.06852116772313963,0.03492871708551515,1900
1907-05-01,-0.522,-0.637,-0.46,-1.019,-0.66,-0.23,-0.44,0.1266,-0.5358508201817568,-0.023637347699153058,-0.1005118321190902,1900
1907-06-01,-0.463,-0.539,-0.42,-0.957,-0.595,-0.272,-0.323,0.1215,-0.5445976663484405,0.03728176825895129,-0.08768410191051068,1900
1907-07-01,-0.401,-0.431,-0.35,-0.839,-0.505,-0.144,-0.278,0.1138,-0.5526112946457343,0.06339989176901363,-0.01578859712327929,1900
1907-08-01,-0.434,-0.493,-0.34,-0.882,-0.537,-0.153,-0.294,0.107,-0.559425984530396,0.03285115318637742,-0.01042516865598142,1900
1907-09-01,-0.406,-0.4,-0.34,-0.888,-0.509,-0.073,-0.217,0.1038,-0.5645669910941429,0.04677130580545004,0.00879568528869279,1900
1907-10-01,-0.235,-0.332,-0.23,-0.836,-0.408,-0.042,-0.091,0.0984,-0.5680277386033166,0.06410772391494142,0.09592001468837519,1900
1907-11-01,-0.489,-0.548,-0.47,-0.983,-0.622,-0.12,-0.234,0.1013,-0.5703826540087135,-0.027504453280170323,-0.024112892711116163,1900
1907-12-01,-0.408,-0.583,-0.48,-1.017,-0.622,-0.288,-0.238,0.0798,-0.5724141697997124,-0.0006825204723231726,-0.04890330972796442,1900
1908-01-01,-0.454,-0.452,-0.45,-1.082,-0.61,-0.032,-0.334,0.0808,-0.574703313168823,-0.043403462393077824,0.008106775561900759,1900
1908-02-01,-0.359,-0.406,-0.33,-0.883,-0.494,0.195,0.064,0.0734,-0.5774911070765252,-0.026556779010174343,0.11004788608669952,1900
1908-03-01,-0.625,-0.697,-0.56,-1.154,-0.759,-0.271,-0.031,0.0917,-0.5811907347358858,-0.06216919786571162,-0.1156400673984026,1900
1908-04-01,-0.584,-0.581,-0.45,-1.138,-0.688,-0.128,-0.126,0.0973,-0.5860972027062081,-0.07167962040784115,-0.030223176885950664,1900
1908-05-01,-0.422,-0.438,-0.38,-0.939,-0.545,0.115,-0.04,0.0947,-0.591728231903845,-0.019968415092758207,0.06669664699660327,1900
1908-06-01,-0.433,-0.409,-0.38,-0.899,-0.53,0.065,-0.17,0.0953,-0.5972925716462467,0.021607657822157712,0.04568491382408901,1900
1908-07-01,-0.325,-0.396,-0.35,-0.858,-0.482,0.023,-0.1,0.0969,-0.6023636025457533,0.06161802024178743,0.05874558230396587,1900
1908-08-01,-0.49,-0.481,-0.46,-1.002,-0.608,-0.071,-0.178,0.0971,-0.6068982935640808,0.05518466432567845,-0.056286370761597704,1900
1908-09-01,-0.367,-0.383,-0.35,-0.962,-0.516,-0.007,-0.126,0.0967,-0.611216267864166,0.06896286773655881,0.02625340012760724,1900
1908-10-01,-0.387,-0.568,-0.44,-1.04,-0.609,-0.201,-0.074,0.0816,-0.6157622633196455,0.0642613354335618,-0.05749907211391636,1900
1908-11-01,-0.55,-0.638,-0.52,-1.023,-0.683,-0.061,-0.139,0.0856,-0.6200930873774771,-0.018448868405386024,-0.04445804421713684,1900
1908-12-01,-0.525,-0.63,-0.49,-1.018,-0.666,-0.044,-0.191,0.0877,-0.6235776853554248,-0.04399326951333883,0.0015709548687635744,1900
1909-01-01,-0.646,-0.755,-0.73,-1.219,-0.838,-0.228,-0.427,0.1117,-0.626027255751623,-0.029183004136875135,-0.18278974011150184,1900
1909-02-01,-0.5,-0.533,-0.46,-1.018,-0.628,-0.134,-0.088,0.1046,-0.6272360751916995,-0.006892246892335966,0.006128322084035465,1900
1909-03-01,-0.576,-0.651,-0.54,-1.127,-0.724,0.035,-0.184,0.1011,-0.6264867092639645,-0.10270748971683451,0.005194198980799092,1900
1909-04-01,-0.567,-0.63,-0.59,-1.079,-0.716,-0.028,-0.278,0.103,-0.6233415769842291,-0.07321067854983558,-0.019447744465935335,1900
1909-05-01,-0.504,-0.589,-0.55,-0.967,-0.652,-0.107,-0.263,0.0996,-0.6182597918582264,0.0004534015533565886,-0.03419360969513019,1900
1909-06-01,-0.445,-0.507,-0.52,-0.975,-0.612,-0.082,-0.109,0.0943,-0.6120552017590132,0.01791425926010207,-0.01785905750108885,1900
1909-07-01,-0.513,-0.528,-0.45,-0.955,-0.611,-0.129,-0.261,0.0804,-0.6054872642268895,0.061853336129090254,-0.06736607190220079,1900
1909-08-01,-0.313,-0.328,-0.34,-0.897,-0.47,0.138,-0.207,0.0961,-0.5988715499167467,0.06785834432437601,0.06101320559237078,1900
1909-09-01,-0.37,-0.407,-0.39,-0.928,-0.524,-0.008,-0.297,0.0951,-0.5925940280962569,0.07209008333241328,-0.00349605523615637,1900
1909-10-01,-0.405,-0.49,-0.4,-0.911,-0.552,0.057,-0.304,0.0984,-0.586629933050269,0.057415020060578394,-0.022785087010309457,1900
1909-11-01,-0.352,-0.384,-0.32,-0.865,-0.48,0.203,-0.364,0.1073,-0.5808909901805669,0.004771625920218759,0.09611936426034817,1900
1909-12-01,-0.439,-0.592,-0.56,-0.981,-0.643,0.023,-0.285,0.1067,-0.575536525635976,-0.07564637869622551,0.00818290433220148,1900
1910-01-01,-0.376,-0.417,-0.43,-0.917,-0.535,0.303,-0.046,0.0841,-0.5711274595378032,-0.016476557963759367,0.05260401750156252,1910
1910-02-01,-0.4,-0.505,-0.42,-1.018,-0.586,0.042,-0.41,0.0835,-0.5686528343727659,-0.016724790732026488,-0.0006223748952075558,1910
1910-03-01,-0.515,-0.602,-0.5,-1.09,-0.677,0.047,-0.434,0.0776,-0.569067020445084,-0.11847570809720762,0.010542728542291546,1910
1910-04-01,-0.539,-0.525,-0.43,-1.016,-0.628,0.088,-0.344,0.068,-0.57284856257096,-0.051987557635404615,-0.0031638797936354157,1910
1910-05-01,-0.377,-0.523,-0.35,-0.902,-0.538,0.114,-0.232,0.0651,-0.5799549971627553,0.007865137750205012,0.03408985941255027,1910
1910-06-01,-0.46,-0.552,-0.39,-0.884,-0.572,0.04,-0.326,0.0638,-0.5897432064328825,0.015402319785595047,0.002340886647287488,1910
1910-07-01,-0.345,-0.442,-0.35,-0.871,-0.502,0.109,-0.216,0.0649,-0.6010313324546369,0.03872235218544369,0.06030898026919318,1910
1910-08-01,-0.389,-0.391,-0.37,-0.846,-0.499,-0.029,-0.224,0.0618,-0.6126988599124241,0.05866646544565494,0.05503239446676922,1910
1910-09-01,-0.41,-0.418,-0.39,-0.922,-0.535,-0.011,-0.269,0.0612,-0.6235400171380749,0.03830869937892131,0.05023131775915357,1910
1910-10-01,-0.38,-0.477,-0.41,-0.974,-0.56,-0.008,-0.427,0.0612,-0.6326876884055745,0.0772589932488752,-0.004571304843300705,1910
1910-11-01,-0.561,-0.668,-0.57,-0.95,-0.687,-0.207,-0.403,0.0647,-0.640165586096906,0.031797172370895736,-0.0786315862739898,1910
1910-12-01,-0.576,-0.745,-0.68,-1.103,-0.776,-0.133,-0.554,0.0848,-0.6459101893459425,-0.06914671765097087,-0.060943093003086646,1910
1911-01-01,-0.54,-0.656,-0.63,-1.131,-0.739,-0.204,-0.37,0.0925,-0.6496603284095603,-0.003540521448661904,-0.08579915014177775,1910
1911-02-01,-0.601,-0.706,-0.59,-1.226,-0.781,-0.195,-0.474,0.1046,-0.6510691521406501,-0.01570654266611398,-0.11422430519323601,1910
1911-03-01,-0.605,-0.765,-0.61,-1.253,-0.808,-0.131,-0.599,0.1167,-0.6496754884714042,-0.11591643517057812,-0.04240807635801769,1910
1911-04-01,-0.572,-0.642,-0.54,-0.999,-0.688,-0.06,-0.483,0.1177,-0.6441842900887454,-0.018837100382633934,-0.02497860952862052,1910
1911-05-01,-0.502,-0.641,-0.52,-1.016,-0.67,-0.132,-0.389,0.1133,-0.6335898163894995,0.013088174105532225,-0.049498357716032726,1910
1911-06-01,-0.503,-0.56,-0.51,-0.988,-0.64,-0.068,-0.325,0.1106,-0.6179893013392339,0.016286515561781394,-0.038297214222547504,1910
1911-07-01,-0.503,-0.497,-0.43,-0.935,-0.591,-0.089,-0.253,0.1019,-0.5985537019204432,0.018870672903619046,-0.011316970983175745,1910
1911-08-01,-0.468,-0.51,-0.44,-0.938,-0.589,-0.09,-0.264,0.0914,-0.5769654886475661,0.0334287280398525,-0.04546323939228636,1910
1911-09-01,-0.461,-0.501,-0.41,-0.917,-0.572,-0.037,-0.166,0.0869,-0.5550486364832232,-0.0013665649242115899,-0.015584798592565119,1910
1911-10-01,-0.228,-0.352,-0.27,-0.809,-0.415,0.145,0.027,0.1111,-0.5347306302805077,0.07523780366641243,0.044492826614095315,1910
1911-11-01,-0.237,-0.343,-0.22,-0.789,-0.397,0.29,0.015,0.1345,-0.5166936677733299,0.03986509629145014,0.07982857148187977,1910
1911-12-01,-0.124,-0.303,-0.23,-0.778,-0.359,0.417,0.051,0.1489,-0.5013026072165568,-0.0482945247184336,0.19059713193499045,1910
1912-01-01,-0.212,-0.326,-0.27,-0.882,-0.422,0.317,-0.02,0.1509,-0.48892283405736636,-0.006559673261627037,0.07348250731899342,1910
1912-02-01,-0.153,-0.312,-0.16,-0.848,-0.368,0.413,-0.097,0.1474,-0.4812948867241329,-0.0049591597410721085,0.11825404646520499,1910
1912-03-01,-0.352,-0.557,-0.39,-1.038,-0.584,0.224,-0.076,0.1229,-0.47926989084270627,-0.10311490142132562,-0.0016152077359680717,1910
1912-04-01,-0.253,-0.338,-0.18,-0.819,-0.397,0.291,0.064,0.1163,-0.4815421585281715,-0.003249753461920262,0.08779191199009173,1910
1912-05-01,-0.279,-0.335,-0.22,-0.792,-0.406,0.264,0.056,0.1058,-0.4863585374693621,0.00781761734576985,0.0725409201235922,1910
1912-06-01,-0.198,-0.29,-0.25,-0.788,-0.382,0.258,0.07,0.0957,-0.4931137378255696,0.008601376400716057,0.10251236142485354,1910
1912-07-01,-0.321,-0.51,-0.43,-0.905,-0.542,0.049,-0.111,0.0903,-0.5021537849991554,0.0028823918150911263,-0.04272860681593571,1910
1912-08-01,-0.497,-0.58,-0.55,-1.02,-0.662,-0.073,-0.193,0.102,-0.5134728660560994,0.01542600418101848,-0.16395313812491907,1910
1912-09-01,-0.544,-0.646,-0.58,-1.019,-0.697,-0.125,-0.255,0.1195,-0.5258981550302685,-0.028143577537986002,-0.14295826743174544,1910
1912-10-01,-0.521,-0.685,-0.58,-1.142,-0.732,-0.317,-0.206,0.1398,-0.5379753847881775,0.06608604092534422,-0.26011065613716666,1910
1912-11-01,-0.4,-0.556,-0.4,-0.849,-0.551,-0.154,0.013,0.1369,-0.5488842682320135,0.049722717230783746,-0.051838448998770215,1910
1912-12-01,-0.408,-0.577,-0.43,-0.878,-0.573,-0.214,0.002,0.1294,-0.5582811974362863,-0.014590367761010335,-0.00012843480270330332,1910
1913-01-01,-0.484,-0.546,-0.41,-0.964,-0.601,-0.179,-0.181,0.1266,-0.5655402769531424,-0.02310401911110529,-0.01235570393575236,1910
1913-02-01,-0.488,-0.54,-0.45,-0.961,-0.61,-0.242,-0.261,0.1152,-0.5691933571099663,0.019406204709803344,-0.06021284759983703,1910
1913-03-01,-0.478,-0.601,-0.43,-1.076,-0.646,-0.062,-0.212,0.1177,-0.567768995389492,-0.07450814958531989,-0.0037228550251880987,1910
1913-04-01,-0.363,-0.523,-0.4,-0.988,-0.568,-0.171,0.07,0.105,-0.561294388270262,0.00014883671823934835,-0.006854448447977335,1910
1913-05-01,-0.426,-0.548,-0.44,-0.951,-0.591,-0.185,-0.055,0.0894,-0.551107390738116,0.008303844066450102,-0.04819645332833411,1910
1913-06-01,-0.424,-0.546,-0.45,-0.904,-0.581,-0.199,-0.031,0.0595,-0.5388672811648322,0.003789935136022944,-0.045922653971190774,1910
1913-07-01,-0.384,-0.487,-0.37,-0.838,-0.52,0.022,0.038,0.0621,-0.5259296478551089,-0.006094210977761792,0.012023858832870604,1910
1913-08-01,-0.346,-0.4,-0.33,-0.807,-0.471,0.191,0.192,0.0716,-0.5129336233013574,0.007144075558979347,0.03478954774237808,1910
1913-09-01,-0.442,-0.418,-0.35,-0.907,-0.529,0.168,0.107,0.0661,-0.4999828073637906,-0.04356749238002099,0.014550299743811557,1910
1913-10-01,-0.308,-0.442,-0.32,-0.897,-0.492,0.24,0.182,0.0508,-0.4869454917327384,0.048490587006701155,-0.053545095273962784,1910
1913-11-01,-0.204,-0.362,-0.21,-0.808,-0.396,0.155,0.232,0.0698,-0.47371459720905296,0.05244616193195862,0.025268435277094325,1910
1913-12-01,0.033,-0.15,-0.03,-0.596,-0.186,0.387,0.525,0.1249,-0.46025358752995715,0.00324077026715088,0.27101281726280624,1910
1914-01-01,-0.054,-0.071,0.05,-0.668,-0.186,0.415,0.637,0.1534,-0.4464228346689115,-0.0411397592192802,0.3015625938881917,1910
1914-02-01,-0.24,-0.255,-0.1,-0.742,-0.334,0.276,0.461,0.153,-0.4322242273130845,0.0209441698569193,0.07728005745616517,1910
1914-03-01,-0.351,-0.392,-0.24,-0.888,-0.468,0.178,0.202,0.1414,-0.4178753815281568,-0.04735790234902843,-0.0027667161228148163,1910
1914-04-01,-0.328,-0.401,-0.3,-0.796,-0.456,0.112,0.231,0.136,-0.40394489491514773,-0.0025298934580862257,-0.04952521162676604,1910
1914-05-01,-0.327,-0.309,-0.21,-0.726,-0.393,0.198,0.269,0.127,-0.3905538557021337,0.008154294904549421,-0.010600439202415768,1910
1914-06-01,-0.264,-0.311,-0.25,-0.727,-0.388,0.193,0.232,0.1162,-0.3772685423857696,-0.012669423147116879,0.0019379655328864986,1910
1914-07-01,-0.177,-0.298,-0.24,-0.789,-0.376,0.144,0.256,0.1101,-0.3639309685553048,0.007630848900081865,-0.019699880344777043,1910
1914-08-01,-0.153,-0.245,-0.16,-0.791,-0.337,0.134,0.259,0.1079,-0.35062116433052537,0.03018909666128424,-0.016567932330758872,1910
1914-09-01,-0.216,-0.302,-0.17,-0.797,-0.371,0.158,0.307,0.0969,-0.33744443811074737,-0.020348462074438065,-0.013207099814814549,1910
1914-10-01,-0.002,-0.11,-0.03,-0.638,-0.195,0.297,0.38,0.0995,-0.32479152012748774,0.02389103693577346,0.10590048319171427,1910
1914-11-01,-0.128,-0.182,-0.16,-0.591,-0.265,0.131,0.151,0.1,-0.3135217920867527,0.050995605190409056,-0.002473813103656408,1910
1914-12-01,-0.104,-0.238,-0.05,-0.611,-0.251,-0.065,0.241,0.0931,-0.3041796870201866,-0.01734630135098504,0.07052598837117163,1910
1915-01-01,-0.25,-0.284,-0.22,-0.794,-0.387,-0.201,0.131,0.0811,-0.29698224979197957,-0.05921611045392116,-0.030801639754099275,1910
1915-02-01,-0.188,-0.213,-0.04,-0.773,-0.304,0.03,0.472,0.0822,-0.29199235363933684,0.018297913540245857,-0.030305559900908996,1910
1915-03-01,-0.002,-0.195,-0.09,-0.687,-0.244,0.224,0.286,0.0781,-0.2890663440180425,-0.03858419830816781,0.0836505423262103,1910
1915-04-01,-0.023,-0.086,0.06,-0.551,-0.15,0.306,0.422,0.0832,-0.2877754553240912,-0.012453402552193833,0.15022885787628504,1910
1915-05-01,-0.039,-0.177,-0.06,-0.604,-0.22,0.173,0.235,0.0816,-0.28817930776544004,0.0002404686955366428,0.06793883906990339,1910
1915-06-01,-0.063,-0.174,-0.23,-0.667,-0.284,0.104,0.115,0.0756,-0.2908278096719401,-0.016156394636183923,0.022984204308124034,1910
1915-07-01,-0.108,-0.177,-0.13,-0.566,-0.245,0.131,0.153,0.07,-0.2959835396168866,0.025132082006749042,0.025851457610137574,1910
1915-08-01,-0.103,-0.064,-0.22,-0.624,-0.253,0.084,0.158,0.067,-0.30363371610937445,0.06302363201991265,-0.01238991591053823,1910
1915-09-01,-0.182,-0.112,-0.2,-0.685,-0.295,0.076,0.142,0.0591,-0.3139476245720141,0.028827174894994204,-0.009879550322980102,1910
1915-10-01,-0.117,-0.282,-0.25,-0.782,-0.358,-0.163,0.081,0.062,-0.32734869475135364,0.031066067093216108,-0.061717372341862475,1910
1915-11-01,-0.063,-0.17,-0.13,-0.636,-0.25,0.015,0.09,0.0623,-0.34358343109689227,0.03948520092645408,0.05409823017043819,1910
1915-12-01,-0.25,-0.352,-0.21,-0.828,-0.41,-0.159,-0.053,0.0737,-0.3620382042434328,-0.07011461522413102,0.022152819467563867,1910
1916-01-01,-0.212,-0.336,-0.13,-0.768,-0.362,0.025,0.069,0.0708,-0.3815111390835307,-0.06832104694122118,0.0878321860247519,1910
1916-02-01,-0.121,-0.265,-0.16,-0.859,-0.351,-0.047,0.097,0.0734,-0.4012642510374241,-0.017350310159957076,0.06761456119738118,1910
1916-03-01,-0.334,-0.435,-0.28,-0.92,-0.492,-0.248,-0.124,0.0931,-0.42155208045166015,-0.02862721293033359,-0.04182070661800624,1910
1916-04-01,-0.308,-0.381,-0.31,-0.794,-0.448,-0.298,-0.233,0.0873,-0.4431231470883236,-0.013264817077831698,0.008387964166155337,1910
1916-05-01,-0.286,-0.427,-0.36,-0.791,-0.466,-0.246,-0.036,0.0878,-0.4665921217749356,-0.011267632900069241,0.011859754675004774,1910
1916-06-01,-0.352,-0.498,-0.5,-0.823,-0.543,-0.259,-0.22,0.1007,-0.4920671468967843,0.0008069330093933625,-0.0517397861126091,1910
1916-07-01,-0.274,-0.386,-0.37,-0.871,-0.475,-0.23,-0.114,0.0959,-0.5182440646761807,0.04406394539981735,-0.0008198807236367012,1910
1916-08-01,-0.298,-0.297,-0.28,-0.817,-0.423,-0.17,-0.039,0.0856,-0.5425409972336458,0.06981073066506249,0.049730266568583315,1910
1916-09-01,-0.362,-0.325,-0.36,-0.864,-0.478,-0.183,-0.042,0.0801,-0.5629265125082312,0.08213623986876639,0.0027902726394648525,1910
1916-10-01,-0.438,-0.372,-0.33,-0.927,-0.517,-0.159,-0.151,0.0818,-0.579975509994509,0.032640196039224974,0.030335313955283993,1910
1916-11-01,-0.543,-0.509,-0.47,-1.106,-0.657,-0.407,-0.155,0.0827,-0.5942569395810278,0.046022418669421326,-0.10876547908839362,1910
1916-12-01,-0.671,-0.812,-0.82,-1.238,-0.885,-0.475,-0.551,0.1435,-0.6054366029537629,-0.14897978899090364,-0.13058360805533342,1910
1917-01-01,-0.627,-0.692,-0.57,-1.108,-0.749,-0.387,-0.171,0.151,-0.6133035704190101,-0.04427038659780586,-0.09142604298318402,1910
1917-02-01,-0.692,-0.716,-0.63,-1.234,-0.818,-0.467,-0.129,0.1577,-0.6188481015489559,-0.031059453804831733,-0.1680924446462123,1910
1917-03-01,-0.799,-0.78,-0.64,-1.337,-0.889,-0.397,-0.401,0.1781,-0.6239193443077286,-0.027690928803332262,-0.23738972688893922,1910
1917-04-01,-0.503,-0.544,-0.55,-1.047,-0.661,-0.213,-0.101,0.1707,-0.6293645255054217,-0.032399353302223204,0.0007638788076448355,1910
1917-05-01,-0.548,-0.641,-0.56,-1.101,-0.712,-0.246,-0.052,0.1638,-0.6346434796958501,-0.02210994302176107,-0.0552465772823888,1910
1917-06-01,-0.423,-0.478,-0.44,-0.939,-0.57,-0.027,0.025,0.1624,-0.6378017340002148,0.006621975945774308,0.061179758054440536,1910
1917-07-01,-0.205,-0.257,-0.25,-0.712,-0.356,0.119,0.149,0.1772,-0.6374133833343777,0.04816144394879689,0.2332519393855808,1910
1917-08-01,-0.245,-0.339,-0.22,-0.838,-0.41,0.013,0.127,0.1787,-0.6336321510374748,0.05138185973534209,0.17225029130213276,1910
1917-09-01,-0.18,-0.303,-0.23,-0.819,-0.383,0.095,0.126,0.1885,-0.6279083033880212,0.10494708167512681,0.13996122171289438,1910
1917-10-01,-0.397,-0.533,-0.44,-1.037,-0.602,-0.085,-0.194,0.1852,-0.6219016333622647,0.04485447035488526,-0.02495283699262052,1910
1917-11-01,-0.461,-0.455,-0.34,-1.001,-0.564,0.093,0.058,0.1864,-0.6160648437636639,0.05602389611226956,-0.003959052348605607,1910
1917-12-01,-0.725,-0.787,-0.68,-1.195,-0.847,0.038,-0.225,0.1821,-0.610150689147659,-0.16485824060633145,-0.07199107024600948,1910
1918-01-01,-0.498,-0.519,-0.48,-1.115,-0.653,0.096,-0.043,0.1784,-0.6038114559663381,-0.013130454915041568,-0.036058089118620296,1910
1918-02-01,-0.605,-0.677,-0.35,-1.142,-0.694,0.124,-0.2,0.1694,-0.5961095648533249,-0.04329793617888254,-0.0545924989677925,1910
1918-03-01,-0.494,-0.582,-0.26,-1.014,-0.588,0.301,0.171,0.1452,-0.5853270171859335,-0.025392970277839468,0.022719987463773017,1910
1918-04-01,-0.467,-0.627,-0.45,-1.108,-0.663,-0.002,0.025,0.1453,-0.5702474505572557,-0.03756294266058533,-0.055189606782159006,1910
1918-05-01,-0.445,-0.527,-0.44,-0.99,-0.6,0.112,-0.055,0.14,-0.5515560759731967,-0.017434361211569948,-0.03100956281523337,1910
1918-06-01,-0.365,-0.389,-0.37,-0.986,-0.528,0.042,0.002,0.1407,-0.5317240741538309,0.010952234566406283,-0.007228160412575346,1910
1918-07-01,-0.28,-0.371,-0.32,-0.815,-0.446,-0.09,0.036,0.1301,-0.5120815299374483,0.03667590076505789,0.02940562917239037,1910
1918-08-01,-0.408,-0.444,-0.32,-0.93,-0.526,-0.116,0.082,0.1201,-0.49376388828848794,0.027920190141759834,-0.06015630185327192,1910
1918-09-01,-0.203,-0.274,-0.18,-0.78,-0.359,0.024,0.157,0.124,-0.4780671966541172,0.10512442407176087,0.013942772582356322,1910
1918-10-01,-0.061,-0.117,-0.06,-0.736,-0.244,0.358,0.365,0.1588,-0.465332253090715,0.044940846336700084,0.17639140675401493,1910
1918-11-01,-0.048,-0.169,-0.12,-0.798,-0.284,0.28,0.399,0.1775,-0.4550043681003941,0.039539290293760646,0.13146507780663347,1910
1918-12-01,-0.235,-0.417,-0.3,-0.838,-0.448,0.399,0.218,0.1491,-0.4462896929226838,-0.16016442846955886,0.15845412139224263,1910
1919-01-01,-0.246,-0.243,-0.2,-0.702,-0.348,0.305,0.49,0.1471,-0.4385231565790709,0.03113354531783934,0.0593896112612316,1910
1919-02-01,-0.193,-0.236,-0.23,-0.887,-0.386,0.308,0.242,0.132,-0.43156089953766047,-0.05083917611464346,0.09640007565230391,1910
1919-03-01,-0.373,-0.394,-0.21,-0.96,-0.484,0.104,0.24,0.1254,-0.4261052933286658,-0.014856414663419765,-0.043038292007914425,1910
1919-04-01,-0.167,-0.209,-0.13,-0.639,-0.286,0.377,0.43,0.1118,-0.42288789612713673,-0.04286490389368611,0.17975280002082286,1910
1919-05-01,-0.235,-0.312,-0.28,-0.759,-0.396,0.204,0.256,0.0948,-0.42258029162950683,-0.001833204057262617,0.02841349568676943,1910
1919-06-01,-0.277,-0.37,-0.36,-0.804,-0.453,0.075,0.159,0.0873,-0.4250639537010868,0.009672944625269906,-0.03760899092418313,1910
1919-07-01,-0.313,-0.321,-0.3,-0.803,-0.434,0.012,0.177,0.0867,-0.42878323647070016,0.02197140428958577,-0.02718816781888561,1910
1919-08-01,-0.337,-0.258,-0.34,-0.85,-0.446,0.08,0.024,0.0777,-0.43127780519589703,-0.00570131883671592,-0.009020875967387043,1910
1919-09-01,-0.318,-0.294,-0.26,-0.737,-0.402,-0.043,0.122,0.0776,-0.43159752267188445,0.07742250498961534,-0.04782498231773091,1910
1919-10-01,-0.274,-0.272,-0.2,-0.862,-0.402,-0.158,0.15,0.0638,-0.4303029052218553,0.04786448338898425,-0.019561578167128946,1910
1919-11-01,-0.389,-0.561,-0.42,-0.877,-0.562,-0.278,-0.082,0.0691,-0.4278221555720089,0.03792402503360217,-0.17210186946159328,1910
1919-12-01,-0.375,-0.519,-0.43,-0.854,-0.544,-0.096,0.099,0.0776,-0.4243636616968913,-0.11165711527985954,-0.00797922302324916,1910
1920-01-01,-0.195,-0.275,-0.25,-0.655,-0.344,0.004,0.191,0.078,-0.42040200625315316,0.0569124947636425,0.01948951148951067,1920
1920-02-01,-0.313,-0.545,-0.27,-0.858,-0.497,-0.111,0.089,0.0791,-0.4164582391862756,-0.04716424186672574,-0.03337751894699864,1920
1920-03-01,-0.174,-0.169,-0.13,-0.723,-0.299,0.185,0.378,0.0869,-0.41251549855140246,-0.024375952914612215,0.13789145146601467,1920
1920-04-01,-0.254,-0.342,-0.25,-0.889,-0.434,-0.148,0.194,0.0755,-0.4082643414167415,-0.03567990513812794,0.009944246554869474,1920
1920-05-01,-0.181,-0.26,-0.27,-0.698,-0.352,0.044,0.186,0.0786,-0.40381692859997875,-0.002954061104263493,0.05477098970424227,1920
1920-06-01,-0.155,-0.253,-0.36,-0.745,-0.378,0.075,0.194,0.0796,-0.3996023331711155,0.0058011750705545565,0.01580115810056093,1920
1920-07-01,-0.282,-0.318,-0.31,-0.797,-0.427,0.007,0.075,0.0796,-0.39615177103805915,0.023797436251631072,-0.05464566521357189,1920
1920-08-01,-0.201,-0.234,-0.27,-0.799,-0.376,0.07,0.123,0.0804,-0.39368773422741965,-0.010797276399003013,0.02848501062642267,1920
1920-09-01,-0.125,-0.205,-0.22,-0.768,-0.33,0.072,0.205,0.0843,-0.39175730656358926,0.04310050370362481,0.01865680285996446,1920
1920-10-01,-0.151,-0.222,-0.27,-0.773,-0.354,0.048,0.206,0.0859,-0.3898065868425176,0.05514601929200056,-0.01933943244948294,1920
1920-11-01,-0.177,-0.339,-0.27,-0.85,-0.409,0.153,0.278,0.0711,-0.38764077083460796,0.02605157570941091,-0.047410804874802925,1920
1920-12-01,-0.349,-0.492,-0.47,-0.981,-0.573,-0.029,0.203,0.0768,-0.3850921449802107,-0.052320074310211476,-0.13558778070957778,1920
1921-01-01,-0.183,-0.23,-0.05,-0.707,-0.292,0.052,0.447,0.0815,-0.3818844385158279,0.03660369563735416,0.05328074287847373,1920
1921-02-01,-0.204,-0.295,-0.18,-0.891,-0.392,0.105,0.389,0.0747,-0.37782352493796856,-0.0728566413451214,0.05868016628308992,1920
1921-03-01,-0.32,-0.348,-0.23,-0.906,-0.451,-0.152,0.357,0.0717,-0.3731942079361135,-0.021900458497100653,-0.05590533356678584,1920
1921-04-01,-0.279,-0.294,-0.3,-0.853,-0.432,0.002,0.256,0.0716,-0.3687587712897676,-0.024996454063172288,-0.03824477464706011,1920
1921-05-01,-0.248,-0.3,-0.3,-0.756,-0.401,-0.049,0.269,0.0702,-0.3653242366132811,-0.01983280060009107,-0.015842962786627834,1920
1921-06-01,-0.167,-0.159,-0.27,-0.717,-0.328,0.05,0.312,0.0731,-0.3629969172272581,0.013033494060709855,0.0219634231665482,1920
1921-07-01,-0.071,-0.152,-0.15,-0.678,-0.263,0.164,0.328,0.0818,-0.3614877529027835,0.023135960127144334,0.07535179277563914,1920
1921-08-01,-0.147,-0.317,-0.26,-0.783,-0.377,-0.001,0.212,0.0818,-0.3612920965641665,-0.019620977644716438,0.003913074208882927,1920
1921-09-01,-0.158,-0.197,-0.19,-0.784,-0.332,-0.002,0.24,0.0817,-0.3629008640109822,0.015492109212938908,0.015408754798043267,1920
1921-10-01,-0.037,-0.129,-0.03,-0.713,-0.227,0.127,0.188,0.0933,-0.36598472565473034,0.056288389792163246,0.08269633586256708,1920
1921-11-01,-0.096,-0.194,-0.15,-0.704,-0.286,0.123,0.111,0.0957,-0.36995909330011323,0.06164686626957115,0.022312227030542087,1920
1921-12-01,-0.098,-0.28,-0.18,-0.702,-0.315,0.258,0.044,0.0696,-0.37469130927311173,0.014002107880644387,0.04568920139246735,1920
1922-01-01,-0.278,-0.418,-0.34,-0.861,-0.474,-0.182,-0.052,0.0773,-0.38067898438296066,0.007164032491305402,-0.10048504810834474,1920
1922-02-01,-0.318,-0.406,-0.45,-1.029,-0.551,-0.159,-0.183,0.0954,-0.388132908990711,-0.08524629362276674,-0.07762079738652228,1920
1922-03-01,-0.2,-0.33,-0.15,-0.828,-0.377,0.074,0.207,0.092,-0.3963660128902865,-0.0265862144522241,0.04595222734251059,1920
1922-04-01,-0.123,-0.295,-0.23,-0.781,-0.357,0.075,0.04,0.0895,-0.4044694088288134,-0.03630914142912816,0.08377855025794156,1920
1922-05-01,-0.299,-0.468,-0.33,-0.895,-0.498,-0.097,-0.092,0.0978,-0.411987591120301,-0.030630031561439074,-0.05538237731825996,1920
1922-06-01,-0.299,-0.297,-0.31,-0.862,-0.442,-0.114,-0.06,0.0993,-0.4190482615642987,0.02321487503370759,-0.046166613469408924,1920
1922-07-01,-0.167,-0.264,-0.27,-0.829,-0.382,-0.119,0.16,0.0929,-0.42568775312168144,0.019358505197841044,0.02432924792384039,1920
1922-08-01,-0.312,-0.354,-0.33,-0.909,-0.476,-0.099,0.186,0.0964,-0.43144128795125153,-0.03615118224958255,-0.00840752979916587,1920
1922-09-01,-0.315,-0.317,-0.35,-0.857,-0.46,-0.128,0.237,0.0962,-0.43592367753663164,-0.010272677223415929,-0.013803645239952478,1920
1922-10-01,-0.247,-0.347,-0.32,-0.868,-0.446,-0.219,0.286,0.0788,-0.43936370016937093,0.05928348128825992,-0.06591978111888902,1920
1922-11-01,-0.215,-0.254,-0.14,-0.666,-0.319,-0.033,0.232,0.074,-0.44198961943099063,0.1174236403816353,0.005565979049355352,1920
1922-12-01,-0.241,-0.308,-0.2,-0.692,-0.36,-0.045,0.213,0.0689,-0.44373323117798447,0.03300919179747402,0.050724039380510455,1920
1923-01-01,-0.261,-0.404,-0.28,-0.857,-0.45,0.024,0.151,0.0678,-0.44377761591537707,-0.03236934463745914,0.026146960552836218,1920
1923-02-01,-0.372,-0.488,-0.4,-0.929,-0.547,0.004,0.063,0.0672,-0.4416070479205751,-0.0867406546954374,-0.01865229738398755,1920
1923-03-01,-0.392,-0.46,-0.34,-1.036,-0.557,-0.18,0.089,0.0748,-0.4376942894281539,-0.008757120806422011,-0.11054858976542414,1920
1923-04-01,-0.302,-0.408,-0.42,-0.909,-0.51,-0.153,0.058,0.0722,-0.43241098716355053,-0.031166493342712903,-0.04642251949373655,1920
1923-05-01,-0.23,-0.401,-0.34,-0.849,-0.455,0.043,0.136,0.0709,-0.4256081295745789,-0.01412960969138633,-0.015262260734034805,1920
1923-06-01,-0.133,-0.26,-0.29,-0.75,-0.358,0.084,0.223,0.0757,-0.4173870442305159,0.02436096935648939,0.035026074874026536,1920
1923-07-01,-0.237,-0.414,-0.31,-0.893,-0.464,-0.082,0.056,0.0734,-0.4087338887383288,0.007081802812093075,-0.06234791407376433,1920
1923-08-01,-0.256,-0.321,-0.34,-0.921,-0.46,0.016,0.011,0.073,-0.4004188896953017,-0.035055660372960644,-0.024525449931737664,1920
1923-09-01,-0.278,-0.334,-0.31,-0.878,-0.45,0.01,0.079,0.0729,-0.39288274609171536,-0.021106253554932806,-0.03601100035335186,1920
1923-10-01,-0.046,-0.168,-0.14,-0.774,-0.282,0.164,0.21,0.0873,-0.3862081251048543,0.0463381801944708,0.05786994491038355,1920
1923-11-01,0.017,-0.025,-0.03,-0.602,-0.16,0.159,0.236,0.1143,-0.3806550497857327,0.14230999941164604,0.07834505037408668,1920
1923-12-01,0.069,-0.092,-0.04,-0.614,-0.169,0.191,0.017,0.135,-0.3767018544829147,-0.01318557422287131,0.220887428705786,1920
1924-01-01,-0.268,-0.328,-0.23,-0.812,-0.41,0.04,-0.224,0.1343,-0.3748588191292604,-0.06292630544751637,0.027785124576776787,1920
1924-02-01,-0.161,-0.31,-0.23,-0.834,-0.384,0.163,-0.05,0.1262,-0.3752583197321507,-0.07235897405124364,0.06361729378339431,1920
1924-03-01,-0.076,-0.177,-0.09,-0.764,-0.277,0.28,0.191,0.1178,-0.37784545211440906,0.0002745861689040312,0.10057086594550502,1920
1924-04-01,-0.285,-0.338,-0.31,-0.819,-0.438,0.072,0.018,0.1114,-0.38278284350079017,-0.017080580841046085,-0.03813657565816375,1920
1924-05-01,-0.146,-0.212,-0.19,-0.744,-0.323,0.132,0.07,0.1075,-0.3904134499683191,0.005995679447740749,0.06141777052057834,1920
1924-06-01,-0.148,-0.27,-0.26,-0.777,-0.364,-0.006,0.024,0.1076,-0.4005534302348488,0.022923310152135733,0.013630120082713082,1920
1924-07-01,-0.206,-0.296,-0.29,-0.862,-0.414,0.05,-0.038,0.1036,-0.41186988910702543,-0.013489152785853518,0.011359041892878952,1920
1924-08-01,-0.33,-0.314,-0.36,-0.869,-0.468,-0.008,-0.131,0.1044,-0.4224582418422991,-0.013565322107729021,-0.03197643604997191,1920
1924-09-01,-0.282,-0.325,-0.32,-0.869,-0.449,0.001,-0.078,0.1043,-0.4309381710935899,-0.013843976588016397,-0.004217852318393722,1920
1924-10-01,-0.229,-0.359,-0.35,-0.861,-0.45,-0.168,-0.255,0.1064,-0.43695781708181364,0.053150337785595164,-0.06619252070378151,1920
1924-11-01,-0.184,-0.283,-0.21,-0.81,-0.372,-0.212,-0.107,0.086,-0.4406854229349039,0.15138559928654044,-0.08270017635163646,1920
1924-12-01,-0.375,-0.49,-0.43,-0.895,-0.548,-0.379,-0.297,0.0712,-0.4422257265724204,-0.04657199488143789,-0.05920227854614174,1920
1925-01-01,-0.41,-0.484,-0.38,-1.036,-0.578,-0.168,-0.191,0.0865,-0.4417151335192808,-0.08203354371020627,-0.054251322770512866,1920
1925-02-01,-0.429,-0.474,-0.39,-0.952,-0.561,-0.177,-0.257,0.0942,-0.43925080353144924,-0.040946647328696954,-0.08080254913985391,1920
1925-03-01,-0.273,-0.374,-0.27,-0.906,-0.456,-0.179,-0.212,0.0796,-0.4346765598526424,-0.028672513324276592,0.007349073176919019,1920
1925-04-01,-0.241,-0.301,-0.26,-0.788,-0.398,0.04,-0.248,0.081,-0.4273254677126462,-0.005641540227879062,0.03496700794052521,1920
1925-05-01,-0.169,-0.307,-0.3,-0.797,-0.393,-0.07,-0.173,0.0733,-0.41690412975279384,0.008121092462451997,0.015783037290341806,1920
1925-06-01,-0.195,-0.34,-0.33,-0.809,-0.418,-0.054,-0.134,0.0688,-0.4037319119019933,0.011274383678103931,-0.025542471776110576,1920
1925-07-01,-0.214,-0.337,-0.27,-0.772,-0.398,0.016,-0.153,0.0699,-0.38905588798126917,-0.015285444863807028,0.006341332845076153,1920
1925-08-01,-0.164,-0.166,-0.21,-0.778,-0.33,0.138,-0.077,0.0788,-0.37566133457930184,0.014320296645835073,0.031341037933466764,1920
1925-09-01,-0.186,-0.254,-0.2,-0.814,-0.364,0.085,-0.069,0.0822,-0.36549872000507627,0.012903351552304793,-0.011404631547228539,1920
1925-10-01,-0.057,-0.283,-0.18,-0.733,-0.313,0.137,0.045,0.0897,-0.3583106450263884,0.08372698077736032,-0.038416335750971975,1920
1925-11-01,-0.017,-0.052,0.05,-0.64,-0.165,0.207,0.085,0.1171,-0.35263378141688984,0.13966466048290294,0.047969120933986864,1920
1925-12-01,0.093,0.019,0.06,-0.562,-0.098,0.45,0.312,0.1389,-0.34745258533804246,-0.08746916697341843,0.3369217523114609,1920
1926-01-01,0.162,0.082,0.21,-0.463,-0.002,0.576,0.36,0.1595,-0.34239919299703514,-0.09300355629400087,0.433402749291036,1920
1926-02-01,-0.026,-0.037,0.02,-0.649,-0.173,0.388,0.178,0.146,-0.33748524925614914,-0.01573933495404916,0.18022458421019832,1920
1926-03-01,0.041,0.021,0.11,-0.545,-0.093,0.363,0.399,0.1466,-0.3327129997605481,-0.07126319397071615,0.3109761937312642,1920
1926-04-01,-0.099,-0.16,-0.14,-0.648,-0.262,0.136,0.186,0.1403,-0.3282110740128963,-0.012192810980914766,0.07840388499381104,1920
1926-05-01,-0.175,-0.267,-0.24,-0.8,-0.37,0.023,0.096,0.1383,-0.3241730652546328,-0.009088042696026023,-0.036738892049341165,1920
1926-06-01,-0.115,-0.181,-0.27,-0.711,-0.319,0.099,0.224,0.13,-0.3208935302665822,-0.010729747552576295,0.012623277819158452,1920
1926-07-01,-0.192,-0.209,-0.28,-0.809,-0.373,0.025,0.102,0.1274,-0.31956360741035933,-0.0017695354821771643,-0.05166685710746349,1920
1926-08-01,-0.131,-0.102,-0.13,-0.73,-0.273,0.057,0.15,0.1247,-0.32179072342185705,0.03612912298211381,0.012661600439743237,1920
1926-09-01,-0.098,-0.118,-0.15,-0.725,-0.273,0.091,0.205,0.1187,-0.32642307334210746,0.038284107186470274,0.015138966155637146,1920
1926-10-01,0.069,-0.069,-0.11,-0.588,-0.174,0.139,0.343,0.1162,-0.3307440998353188,0.11668432666512911,0.040059773170189716,1920
1926-11-01,-0.003,-0.11,-0.07,-0.703,-0.221,-0.056,0.436,0.1152,-0.33362758339494264,0.133911341552049,-0.02128375815710637,1920
1926-12-01,-0.177,-0.317,-0.3,-0.839,-0.408,-0.31,0.477,0.1202,-0.3350279752471223,-0.07546558268260395,0.0024935579297262755,1920
1927-01-01,-0.229,-0.31,-0.27,-0.863,-0.418,-0.416,0.331,0.1024,-0.3350936690976003,-0.10048395950421407,0.017577628601814388,1920
1927-02-01,-0.13,-0.206,-0.18,-0.772,-0.322,-0.149,0.496,0.0971,-0.3343938910220896,0.020828722985689115,-0.00843483196359951,1920
1927-03-01,-0.312,-0.408,-0.39,-1.036,-0.536,-0.443,0.353,0.0987,-0.3337282993667634,-0.10895545871452188,-0.09331624191871474,1920
1927-04-01,-0.286,-0.316,-0.31,-0.918,-0.458,-0.196,0.203,0.1028,-0.33351016805079214,-0.035742006615273256,-0.0887478253339346,1920
1927-05-01,-0.135,-0.231,-0.26,-0.79,-0.354,0.016,0.358,0.1025,-0.33337102229800913,-0.037066472727045045,0.016437495025054205,1920
1927-06-01,-0.152,-0.25,-0.28,-0.744,-0.357,-0.038,0.213,0.1023,-0.3327895083108874,-0.030777409002300388,0.0065669173131878145,1920
1927-07-01,-0.045,-0.211,-0.19,-0.735,-0.295,0.078,0.061,0.1029,-0.3314796777927147,0.00339655571945203,0.033083122073262694,1920
1927-08-01,-0.069,-0.207,-0.24,-0.636,-0.288,-0.015,0.122,0.1021,-0.32980532828855963,0.042394607666425194,-0.0005892793778655148,1920
1927-09-01,-0.11,-0.109,-0.13,-0.7,-0.262,0.011,0.121,0.1029,-0.3283160030997879,0.05107522653025198,0.01524077656953593,1920
1927-10-01,0.147,-0.021,-0.01,-0.592,-0.119,0.055,0.483,0.1118,-0.327226864200451,0.13267519688409954,0.07555166731635143,1920
1927-11-01,0.015,-0.12,-0.06,-0.652,-0.204,0.017,0.36,0.1135,-0.326757470933605,0.12897245402456414,-0.006214983090959081,1920
1927-12-01,-0.265,-0.32,-0.33,-0.914,-0.457,-0.049,0.39,0.1172,-0.3273539435321907,-0.021044984387625153,-0.10860107208018416,1920
1928-01-01,0.007,-0.025,-0.03,-0.691,-0.185,0.233,0.468,0.1221,-0.32959700093599364,-0.09559837743408779,0.24019537837008142,1920
1928-02-01,-0.099,-0.123,-0.09,-0.755,-0.267,0.055,0.427,0.1231,-0.3334021637326359,0.020011887726784076,0.04639027600585183,1920
1928-03-01,-0.239,-0.318,-0.25,-0.882,-0.422,0.114,0.166,0.1079,-0.3380975770299987,-0.12197786075093615,0.03807543778093486,1920
1928-04-01,-0.179,-0.236,-0.29,-0.856,-0.39,0.068,0.273,0.1008,-0.34330345347245594,-0.06968691977730435,0.022990373249760276,1920
1928-05-01,-0.22,-0.302,-0.3,-0.789,-0.403,-0.049,0.197,0.1041,-0.3490002038668268,-0.04928776574715808,-0.0047120303860151425,1920
1928-06-01,-0.204,-0.332,-0.39,-0.766,-0.423,-0.066,0.105,0.1088,-0.3554825235326034,-0.03910030511577867,-0.02841717135161792,1920
1928-07-01,-0.146,-0.19,-0.19,-0.757,-0.321,-0.026,0.125,0.1087,-0.36318606251737073,0.00570416712048239,0.03648189539688834,1920
1928-08-01,-0.161,-0.177,-0.22,-0.812,-0.342,-0.054,0.184,0.1088,-0.37220266965915677,0.0419154798551774,-0.011712810196020662,1920
1928-09-01,-0.149,-0.207,-0.21,-0.713,-0.32,-0.058,0.039,0.1074,-0.38238840053544537,0.04645292912890679,0.01593547140653856,1920
1928-10-01,-0.082,-0.187,-0.19,-0.766,-0.306,-0.187,-0.062,0.0871,-0.3934265719661917,0.12117039328198446,-0.03374382131579279,1920
1928-11-01,-0.132,-0.172,-0.1,-0.682,-0.272,-0.068,0.012,0.0795,-0.4042025458449347,0.12428241699009705,0.007920128854837616,1920
1928-12-01,-0.105,-0.232,-0.16,-0.712,-0.302,0.155,0.146,0.0714,-0.413584272477926,0.02549096008018174,0.08609331239774426,1920
1929-01-01,-0.327,-0.434,-0.45,-0.97,-0.545,-0.36,-0.197,0.0803,-0.4209836693293735,-0.09127965938399754,-0.03273667128662905,1920
1929-02-01,-0.447,-0.601,-0.58,-1.078,-0.677,-0.41,-0.291,0.1165,-0.42649156542969596,-0.022529734016863603,-0.22797870055344044,1920
1929-03-01,-0.388,-0.485,-0.33,-0.94,-0.536,-0.114,-0.052,0.1234,-0.4306718898549878,-0.07294214397398562,-0.032385966171026626,1920
1929-04-01,-0.395,-0.441,-0.41,-0.994,-0.56,-0.17,-0.274,0.1313,-0.4334960450980417,-0.07763213294729977,-0.04887182195465861,1920
1929-05-01,-0.371,-0.435,-0.38,-0.919,-0.526,-0.123,-0.13,0.1348,-0.4345756512857378,-0.05783789119006954,-0.0335864575241927,1920
1929-06-01,-0.209,-0.404,-0.43,-0.95,-0.498,-0.075,-0.045,0.1363,-0.433294230442558,-0.03157056547963666,-0.03313520407780535,1920
1929-07-01,-0.326,-0.436,-0.37,-0.966,-0.524,-0.203,-0.09,0.1337,-0.4292896464176415,0.013220135244006951,-0.10793048882636552,1920
1929-08-01,-0.154,-0.262,-0.32,-0.762,-0.374,-0.032,0.072,0.1316,-0.42224880091358347,0.041529933684114693,0.0067188672294687946,1920
1929-09-01,-0.263,-0.273,-0.25,-0.806,-0.398,-0.078,0.004,0.1262,-0.4121188355744961,0.034872249986962645,-0.020753414412466586,1920
1929-10-01,-0.114,-0.214,-0.15,-0.763,-0.31,-0.004,0.092,0.1258,-0.3993012974324694,0.09238844031616811,-0.0030871428836987125,1920
1929-11-01,-0.077,-0.137,-0.12,-0.746,-0.27,0.002,0.292,0.1261,-0.3849353160674765,0.10242631089112829,0.012509005176348176,1920
1929-12-01,-0.425,-0.562,-0.55,-1.05,-0.647,-0.345,-0.103,0.1261,-0.3703822442044818,0.06064246766106338,-0.33726022345658163,1920
1930-01-01,-0.228,-0.358,-0.3,-0.865,-0.438,0.107,-0.094,0.1255,-0.35633108789988077,-0.06386365897279128,-0.017805253127327947,1930
1930-02-01,-0.248,-0.338,-0.27,-0.857,-0.428,0.249,0.069,0.1095,-0.3426919371005316,-0.0662638477642848,-0.019044215135183618,1930
1930-03-01,-0.117,-0.244,-0.11,-0.816,-0.322,0.214,-0.023,0.1132,-0.3296459056753542,-0.05166089344820458,0.05930679912355874,1930
1930-04-01,-0.185,-0.224,-0.25,-0.761,-0.355,0.205,0.079,0.1091,-0.3172918563004731,-0.06980282408847668,0.0320946803889498,1930
1930-05-01,-0.098,-0.247,-0.24,-0.745,-0.332,0.194,0.02,0.107,-0.30582507299502215,-0.06166682520703572,0.03549189820205784,1930
1930-06-01,-0.016,-0.197,-0.22,-0.723,-0.289,0.209,0.089,0.108,-0.29536221258852613,-0.01612463802562622,0.022486850614152343,1930
1930-07-01,-0.028,-0.18,-0.21,-0.63,-0.262,0.262,0.165,0.105,-0.2862027955945555,0.01528447346121139,0.008918322133344148,1930
1930-08-01,-0.002,-0.09,-0.15,-0.73,-0.243,0.131,0.133,0.111,-0.27866362128225874,0.03868294400159039,-0.0030193227193316408,1930
1930-09-01,-0.073,-0.093,-0.15,-0.732,-0.262,0.136,0.068,0.1135,-0.27233124601002223,0.03660063927158895,-0.026269393261566742,1930
1930-10-01,0.024,-0.081,-0.12,-0.69,-0.217,0.093,0.137,0.1192,-0.266544482623247,0.08695329764977244,-0.03740881502652543,1930
1930-11-01,0.195,0.069,0.17,-0.433,0.0,0.27,0.409,0.1538,-0.2609237306300032,0.05868859123346018,0.202235139396543,1930
1930-12-01,0.037,-0.055,-0.06,-0.607,-0.171,0.476,0.402,0.118,-0.2554278744169642,0.06990860250044702,0.01451927191651714,1930
1931-01-01,-0.056,-0.127,-0.1,-0.635,-0.23,0.208,0.062,0.1069,-0.24980137037932582,-0.03115521080051232,0.05095658117983812,1930
1931-02-01,-0.199,-0.254,-0.21,-0.802,-0.366,0.062,0.026,0.0992,-0.24391574159334053,-0.1064814513502022,-0.015602807056457252,1930
1931-03-01,-0.12,-0.114,-0.11,-0.755,-0.275,0.047,0.176,0.0972,-0.2380046679702087,-0.04802706407524532,0.01103173204545399,1930
1931-04-01,-0.14,-0.181,-0.23,-0.78,-0.333,0.022,0.099,0.0952,-0.23230282132895302,-0.042391587389419276,-0.05830559128162771,1930
1931-05-01,-0.163,-0.201,-0.2,-0.732,-0.324,0.008,0.077,0.0946,-0.22755801059080197,-0.04570260049330097,-0.05073938891589705,1930
1931-06-01,-0.002,-0.023,-0.08,-0.607,-0.178,0.111,0.15,0.0956,-0.2244278903714994,-0.008762564814890182,0.0551904551863896,1930
1931-07-01,0.068,-0.01,-0.04,-0.592,-0.144,0.118,0.119,0.099,-0.222878027229079,0.025938902365577356,0.05293912486350166,1930
1931-08-01,0.021,-0.036,-0.03,-0.583,-0.157,0.086,0.22,0.1009,-0.22269912703092512,0.031873645842576445,0.03382548118834869,1930
1931-09-01,0.022,-0.05,-0.06,-0.59,-0.169,0.093,0.163,0.1011,-0.22384979042606878,0.04566629819290305,0.009183492233165724,1930
1931-10-01,0.151,-0.022,0.06,-0.594,-0.101,0.116,0.126,0.1062,-0.22634662009800768,0.08830667702535848,0.03703994307264921,1930
1931-11-01,0.001,-0.149,-0.06,-0.624,-0.208,-0.208,0.078,0.0846,-0.23032539482366413,0.009130503272659542,0.01319489155100459,1930
1931-12-01,-0.011,-0.101,-0.05,-0.617,-0.195,-0.024,0.12,0.0836,-0.23561645438099169,0.03805121385048757,0.0025652405305041093,1930
1932-01-01,0.099,0.07,0.15,-0.494,-0.044,0.186,0.43,0.0982,-0.24236392488285807,-0.01766996045808218,0.21603388534094026,1930
1932-02-01,-0.244,-0.188,-0.17,-0.848,-0.362,0.004,0.189,0.0977,-0.2506908263195101,-0.08019795278519204,-0.03111122089529783,1930
1932-03-01,-0.141,-0.201,-0.18,-0.763,-0.321,-0.046,0.056,0.1014,-0.26051588146564003,-0.06653077408198721,0.006046655547627233,1930
1932-04-01,-0.018,-0.077,-0.06,-0.673,-0.207,0.126,0.15,0.0939,-0.27121061087005593,-0.034258935000474625,0.09846954587053058,1930
1932-05-01,-0.076,-0.167,-0.18,-0.708,-0.283,0.041,0.215,0.0896,-0.2822557546377552,-0.02257786924482104,0.02183362388257626,1930
1932-06-01,-0.116,-0.256,-0.29,-0.704,-0.341,-0.163,0.101,0.0984,-0.2934515408303252,-0.0015610946240722846,-0.04598736454560254,1930
1932-07-01,-0.037,-0.134,-0.25,-0.724,-0.286,-0.142,0.096,0.0981,-0.30462521144971455,0.03409147678919241,-0.015466265339477814,1930
1932-08-01,-0.105,-0.188,-0.21,-0.848,-0.338,-0.181,0.138,0.1009,-0.31559759228481354,0.03349854656516299,-0.05590095428034947,1930
1932-09-01,0.015,-0.003,-0.1,-0.608,-0.174,-0.005,0.286,0.1006,-0.3261977154207697,0.03958314856798057,0.11261456685278914,1930
1932-10-01,-0.04,-0.094,-0.09,-0.682,-0.226,-0.125,0.22,0.0912,-0.3363087106985762,0.09072872143784567,0.019579989260730513,1930
1932-11-01,-0.224,-0.296,-0.28,-0.848,-0.412,-0.204,-0.093,0.1013,-0.3458241009668389,-0.0479515866330586,-0.01822431240010247,1930
1932-12-01,-0.154,-0.266,-0.27,-0.754,-0.361,-0.166,-0.001,0.1021,-0.3549529989754626,0.03510045599937016,-0.04114745702390754,1930
1933-01-01,-0.2,-0.324,-0.23,-0.75,-0.376,-0.332,0.074,0.0734,-0.3636497456057213,-0.02541450169916601,0.013064247304887311,1930
1933-02-01,-0.243,-0.349,-0.3,-0.92,-0.453,-0.091,0.094,0.0836,-0.37156875891557595,-0.010144832696959925,-0.07128640838746414,1930
1933-03-01,-0.318,-0.401,-0.3,-0.877,-0.474,-0.153,0.083,0.0954,-0.37864978387940074,-0.08877743195194633,-0.006572784168652923,1930
1933-04-01,-0.213,-0.303,-0.25,-0.81,-0.394,-0.187,0.116,0.089,-0.3845513870099777,-0.04802992345633748,0.03858131046631519,1930
1933-05-01,-0.186,-0.291,-0.29,-0.805,-0.393,-0.11,0.062,0.0879,-0.3886301886410947,-0.00329326150594264,-0.0010765498529626827,1930
1933-06-01,-0.172,-0.327,-0.34,-0.798,-0.409,-0.068,-0.051,0.0893,-0.3906423485879791,-0.001687726349653783,-0.016669925062367086,1930
1933-07-01,-0.173,-0.294,-0.21,-0.837,-0.378,-0.092,0.086,0.0865,-0.3907702342410768,0.0333236941644929,-0.020553459923416062,1930
1933-08-01,-0.14,-0.154,-0.23,-0.789,-0.328,0.01,0.132,0.0868,-0.38886789498278307,0.03126383474545343,0.029604060237329644,1930
1933-09-01,-0.239,-0.328,-0.29,-0.942,-0.45,-0.276,0.0,0.0656,-0.3849385573839021,0.03655582121407091,-0.10161726383016884,1930
1933-10-01,-0.071,-0.249,-0.25,-0.807,-0.344,-0.118,-0.062,0.0447,-0.37942236330925677,0.09540801457147147,-0.05998565126221467,1930
1933-11-01,-0.272,-0.406,-0.31,-0.895,-0.471,-0.059,-0.311,0.0494,-0.37284012188192434,-0.07833472410163345,-0.019825154016442192,1930
1933-12-01,-0.412,-0.515,-0.44,-0.974,-0.585,-0.224,-0.416,0.0702,-0.36550442015479057,0.03463216047727089,-0.2541277403224803,1930
1934-01-01,-0.224,-0.33,-0.21,-0.852,-0.404,-0.028,0.006,0.069,-0.3575849768639386,-0.06955907613698882,0.023144053000927367,1930
1934-02-01,-0.037,-0.148,-0.03,-0.716,-0.233,0.22,0.151,0.0873,-0.3487042538698553,0.10449390059371759,0.01121035327613773,1930
1934-03-01,-0.314,-0.429,-0.29,-0.912,-0.486,-0.012,-0.209,0.0882,-0.3388237342728654,-0.09429226473378866,-0.05288400099334595,1930
1934-04-01,-0.262,-0.385,-0.31,-0.844,-0.45,-0.056,-0.012,0.089,-0.3286819444094708,-0.0770273658968924,-0.04429068969363681,1930
1934-05-01,-0.076,-0.15,-0.1,-0.648,-0.244,0.149,0.079,0.1012,-0.318630950868757,-0.00967737378917253,0.0843083246579295,1930
1934-06-01,-0.012,-0.091,-0.15,-0.688,-0.235,0.174,0.129,0.1115,-0.3090785419480513,-0.0036663597571477058,0.07774490170519902,1930
1934-07-01,-0.049,-0.18,-0.1,-0.689,-0.254,0.124,0.16,0.1177,-0.3011907697885427,0.041709015633308234,0.005481754155234442,1930
1934-08-01,-0.112,-0.116,-0.12,-0.701,-0.262,0.066,0.206,0.1215,-0.29617485506229907,0.040320296023467095,-0.006145440961168036,1930
1934-09-01,-0.073,-0.139,-0.15,-0.67,-0.258,0.192,0.191,0.1224,-0.29411812143357,0.018839423189127028,0.017278698244443003,1930
1934-10-01,0.075,-0.083,-0.06,-0.629,-0.174,0.17,0.276,0.1328,-0.29410158716348506,0.09797605822136413,0.022125528942120942,1930
1934-11-01,0.18,0.036,0.03,-0.549,-0.076,0.395,0.296,0.1452,-0.29513533122054747,-0.06861001537216016,0.2877453465927076,1930
1934-12-01,-0.034,-0.109,-0.03,-0.637,-0.202,0.383,0.346,0.1176,-0.2968962512733189,0.039352582893490314,0.055543668379828603,1930
1935-01-01,-0.28,-0.357,-0.34,-0.872,-0.462,-0.058,0.116,0.1244,-0.2993848949155987,-0.10024370570999323,-0.062371399374408054,1930
1935-02-01,0.142,0.041,0.14,-0.495,-0.043,0.19,0.518,0.1416,-0.30268548101314113,0.12017372233222375,0.1395117586809174,1930
1935-03-01,-0.135,-0.233,-0.14,-0.811,-0.33,0.156,0.126,0.1254,-0.3063915569408945,-0.10592581312478258,0.08231737006567705,1930
1935-04-01,-0.213,-0.331,-0.37,-0.955,-0.467,-0.017,-0.069,0.128,-0.31012838742081056,-0.09644124109880098,-0.06043037148038849,1930
1935-05-01,-0.196,-0.33,-0.29,-0.819,-0.409,-0.165,-0.016,0.1358,-0.3141677498161642,-0.018659306325539776,-0.07617294385829604,1930
1935-06-01,-0.107,-0.218,-0.27,-0.813,-0.352,-0.117,0.066,0.1377,-0.3184534556974389,-0.0012211191484877385,-0.032325425154073384,1930
1935-07-01,-0.001,-0.15,-0.22,-0.663,-0.258,-0.004,0.14,0.1377,-0.3218577256286595,0.05210287609419249,0.011754849534466982,1930
1935-08-01,-0.062,-0.15,-0.22,-0.686,-0.28,-0.018,0.05,0.1376,-0.32297332644893567,0.04593245718365196,-0.00295913073471632,1930
1935-09-01,-0.103,-0.194,-0.21,-0.674,-0.295,-0.037,0.069,0.1376,-0.32132655457295123,0.024386313183828747,0.0019402413891225212,1930
1935-10-01,0.008,-0.054,-0.06,-0.651,-0.189,-0.015,0.124,0.1366,-0.3172622308756781,0.10472088135872214,0.023541349516955967,1930
1935-11-01,-0.224,-0.326,-0.26,-0.768,-0.394,-0.318,-0.229,0.1236,-0.31129831827514326,-0.04132378724191798,-0.04137789448293877,1930
1935-12-01,-0.131,-0.253,-0.17,-0.692,-0.312,-0.11,-0.214,0.1191,-0.304362774900333,0.036836316097270345,-0.04447354119693736,1930
1936-01-01,-0.272,-0.393,-0.28,-0.898,-0.461,0.001,-0.459,0.119,-0.29699249671324424,-0.09439110265271507,-0.06961640063404073,1930
1936-02-01,-0.288,-0.339,-0.38,-0.895,-0.476,-0.433,-0.303,0.0912,-0.28936982634178,0.11840924411748165,-0.30503941777570165,1930
1936-03-01,-0.197,-0.334,-0.21,-0.85,-0.398,-0.068,-0.305,0.0918,-0.2815061196098205,-0.12363032616190177,0.0071364457717222884,1930
1936-04-01,-0.123,-0.196,-0.2,-0.739,-0.314,0.153,-0.052,0.0856,-0.2730747224078268,-0.08778966274797659,0.046864385155803406,1930
1936-05-01,-0.099,-0.178,-0.16,-0.715,-0.288,0.121,0.082,0.0845,-0.2637591523749303,-0.0410597883243243,0.01681894069925463,1930
1936-06-01,-0.02,-0.15,-0.22,-0.713,-0.276,0.076,0.043,0.0859,-0.25362400171438654,-0.019166239976459287,-0.0032097583091542092,1930
1936-07-01,0.049,-0.079,-0.1,-0.584,-0.178,0.08,0.195,0.0946,-0.24314308836582813,0.04690602180240454,0.018237066563423582,1930
1936-08-01,0.04,-0.071,-0.13,-0.553,-0.179,0.101,0.094,0.1028,-0.23282219256477718,0.042726866728919934,0.011095325835857262,1930
1936-09-01,-0.017,-0.109,-0.09,-0.681,-0.224,0.071,0.049,0.1059,-0.22319053590307647,0.04806377845219463,-0.04887324254911818,1930
1936-10-01,0.101,-0.04,-0.03,-0.577,-0.136,0.053,0.038,0.1122,-0.21459565057992935,0.11686086056491535,-0.038265209984986004,1930
1936-11-01,-0.012,-0.063,0.01,-0.643,-0.177,0.217,0.044,0.1137,-0.2066303887753996,0.005103536229983505,0.024526852545416117,1930
1936-12-01,0.066,-0.098,-0.01,-0.594,-0.159,0.153,0.249,0.1188,-0.1985323854431706,-0.006278924633356667,0.04581131007652725,1930
1937-01-01,-0.04,-0.125,-0.07,-0.663,-0.224,0.237,0.194,0.1033,-0.18993504458270588,-0.059586622702907925,0.025521667285613808,1930
1937-02-01,0.097,0.072,0.03,-0.589,-0.098,0.378,0.224,0.0849,-0.18095207031415717,0.09044467003301156,-0.007492599718854409,1930
1937-03-01,-0.108,-0.262,-0.21,-0.839,-0.355,0.043,0.181,0.0773,-0.17194570574992904,-0.15942303195568117,-0.023631262294389777,1930
1937-04-01,-0.032,-0.118,-0.16,-0.776,-0.272,0.042,0.186,0.0734,-0.16324139649518302,-0.053864417302890544,-0.05489418620192646,1930
1937-05-01,-0.026,-0.09,-0.05,-0.628,-0.198,0.09,0.156,0.0696,-0.15517717242183257,-0.0421119448151093,-0.0007108827630581405,1930
1937-06-01,0.071,-0.007,-0.05,-0.611,-0.149,0.127,0.208,0.0677,-0.14776313280623574,-0.030044519403986704,0.02880765221022244,1930
1937-07-01,0.149,0.025,-0.03,-0.574,-0.107,0.071,0.188,0.0723,-0.14109346098459985,0.03181453830692173,0.0022789226776781246,1930
1937-08-01,0.132,0.041,0.01,-0.53,-0.087,0.092,0.201,0.0782,-0.13565977406084412,0.034978136236771075,0.013681637824073056,1930
1937-09-01,0.217,0.148,0.09,-0.482,-0.007,0.217,0.255,0.0916,-0.13194878890386078,0.05550962187136065,0.06943916703250012,1930
1937-10-01,0.264,0.131,0.08,-0.498,-0.006,0.13,0.113,0.1023,-0.13027124877106333,0.12832866306511337,-0.0040574142940500435,1930
1937-11-01,0.15,0.066,0.08,-0.512,-0.054,0.123,0.15,0.1058,-0.13055124216201638,0.05202164720436824,0.024529594957648143,1930
1937-12-01,0.057,-0.074,-0.08,-0.659,-0.189,-0.03,0.268,0.1066,-0.1321539187924919,-0.04588060887971498,-0.01096547232779313,1930
1938-01-01,0.116,0.045,0.08,-0.579,-0.084,0.14,0.101,0.1048,-0.1343236982792558,-0.024538038862431208,0.07486173714168701,1930
1938-02-01,0.108,-0.014,0.04,-0.594,-0.115,-0.017,0.152,0.1044,-0.13677477780934377,0.030260803646309058,-0.008486025836965283,1930
1938-03-01,0.094,-0.025,0.1,-0.566,-0.099,0.256,0.323,0.0783,-0.139825524976095,-0.16610890198828598,0.20693442696438097,1930
1938-04-01,0.056,0.034,0.06,-0.546,-0.099,0.173,0.291,0.0605,-0.14359679831439198,-0.02968747728084937,0.07428427559524134,1930
1938-05-01,-0.02,-0.103,-0.1,-0.65,-0.218,-0.02,0.185,0.0636,-0.14831115370178025,-0.023827167695489666,-0.04586167860273008,1930
1938-06-01,-0.058,-0.092,-0.17,-0.739,-0.265,-0.116,0.158,0.0786,-0.15417395966065753,-0.022687899804852685,-0.08813814053448979,1930
1938-07-01,0.04,-0.044,-0.09,-0.596,-0.172,-0.065,0.149,0.0805,-0.1608941020139596,0.018693349623688838,-0.02979924760972924,1930
1938-08-01,0.03,0.002,-0.05,-0.616,-0.158,-0.071,0.184,0.0808,-0.1676164487620464,0.018625136546210317,-0.009008687784163916,1930
1938-09-01,0.108,0.025,0.01,-0.532,-0.097,-0.09,0.223,0.0729,-0.17348304583005306,0.05444412837088623,0.022038917459166835,1930
1938-10-01,0.252,0.166,0.15,-0.495,0.018,0.024,0.324,0.0768,-0.17758302536925627,0.10402466023017931,0.09155836513907696,1930
1938-11-01,0.136,0.052,0.07,-0.522,-0.066,-0.012,0.206,0.0759,-0.179357140150294,0.055068845400950146,0.058288294749343855,1930
1938-12-01,-0.068,-0.198,-0.12,-0.732,-0.279,-0.09,0.023,0.0861,-0.17903293949856838,-0.02326164293950236,-0.0767054175619293,1930
1939-01-01,-0.028,-0.115,-0.05,-0.642,-0.209,-0.125,0.336,0.0868,-0.1775753067791747,-0.021123872767976684,-0.01030082045284858,1930
1939-02-01,-0.061,-0.121,-0.06,-0.7,-0.236,-0.121,0.441,0.0898,-0.1755395694999371,0.018020295119294732,-0.0784807256193576,1930
1939-03-01,-0.199,-0.295,-0.18,-0.896,-0.392,-0.293,0.144,0.1102,-0.17323320578447124,-0.15343366537297531,-0.06533312884255346,1930
1939-04-01,0.019,-0.116,-0.1,-0.767,-0.241,-0.142,0.319,0.1082,-0.17043820676986574,-0.0035760133497224236,-0.06698577988041182,1930
1939-05-01,0.126,-0.04,-0.04,-0.619,-0.143,0.075,0.383,0.1088,-0.16604417763603227,-0.010189486491814668,0.03323366412784695,1930
1939-06-01,0.128,0.015,-0.07,-0.596,-0.131,0.134,0.367,0.1069,-0.15872682392375326,-0.020777048106785354,0.0485038720305386,1930
1939-07-01,0.05,-0.036,-0.06,-0.493,-0.135,0.037,0.389,0.1075,-0.14794975749880873,0.019276049878765168,-0.0063262923799564386,1930
1939-08-01,0.082,-0.036,-0.06,-0.522,-0.134,0.024,0.24,0.108,-0.134504801543638,0.0015306258468360178,-0.0010258243031980308,1930
1939-09-01,0.113,-0.015,-0.07,-0.533,-0.126,-0.029,0.272,0.1065,-0.12000535229971594,0.026727944468901265,-0.03272259216918531,1930
1939-10-01,0.027,-0.101,-0.04,-0.637,-0.188,-0.206,0.122,0.088,-0.10591145781146137,0.09022830307233783,-0.17231684526087643,1930
1939-11-01,0.104,0.021,0.07,-0.505,-0.078,-0.012,0.192,0.0865,-0.09307613937730934,0.036688721599472084,-0.021612582222162738,1930
1939-12-01,0.439,0.337,0.42,-0.157,0.26,0.539,0.907,0.1519,-0.0815160058257491,0.021379365398029867,0.3201366404277192,1930
1940-01-01,0.128,-0.047,-0.01,-0.523,-0.113,0.096,0.325,0.1508,-0.07142300761078653,-0.04909870473332915,0.00752171234411568,1940
1940-02-01,0.218,0.08,0.08,-0.453,-0.019,0.217,0.409,0.151,-0.062487930508816056,0.013206482030573766,0.03028144847824229,1940
1940-03-01,0.195,-0.043,0.09,-0.591,-0.087,0.305,0.235,0.1244,-0.05383726474832471,-0.13146341192961175,0.09830067667793646,1940
1940-04-01,0.235,0.143,0.17,-0.371,0.044,0.285,0.399,0.121,-0.045025543464316295,-0.0002712965181658502,0.08929683998248214,1940
1940-05-01,0.184,0.035,0.11,-0.397,-0.017,0.126,0.315,0.1197,-0.03662688600165181,0.011042002413629362,0.008584883588022445,1940
1940-06-01,0.175,0.043,0.11,-0.535,-0.052,0.079,0.237,0.1176,-0.029963014697127928,-0.002736947923767876,-0.01930003737910419,1940
1940-07-01,0.216,0.148,0.12,-0.49,-0.002,0.133,0.26,0.1155,-0.025823167107285664,0.027655537749894994,-0.003832370642609332,1940
1940-08-01,0.148,0.102,0.06,-0.512,-0.05,0.084,0.193,0.1119,-0.024116735933701533,-0.009360131134216614,-0.016523132932081852,1940
1940-09-01,0.177,0.129,0.15,-0.429,0.007,0.133,0.269,0.1087,-0.024029824180722907,-0.012838790255982566,0.04386861443670548,1940
1940-10-01,0.18,0.098,0.11,-0.416,-0.007,0.181,0.21,0.0957,-0.024671834218721825,0.0672402686988342,-0.04956843448011239,1940
1940-11-01,0.082,-0.002,0.16,-0.428,-0.047,0.031,-0.047,0.0941,-0.02540685181628637,0.014995441838977896,-0.03658859002269153,1940
1940-12-01,0.252,0.2,0.31,-0.299,0.116,-0.144,0.287,0.06,-0.026134071840627663,0.06752698634244488,0.07460708549818279,1940
1941-01-01,-0.099,-0.044,0.18,-0.478,-0.11,0.003,0.12,0.0596,-0.026416537955855864,-0.07088333989509805,-0.012700122149046082,1940
1941-02-01,0.084,0.112,0.3,-0.367,0.032,0.051,0.398,0.0613,-0.02629245537592195,0.014714214831452344,0.043578240544469606,1940
1941-03-01,-0.018,-0.123,0.1,-0.561,-0.151,-0.064,0.124,0.0703,-0.026260238439850255,-0.09712267821898929,-0.02761708334116045,1940
1941-04-01,0.025,0.033,0.16,-0.385,-0.042,-0.086,0.291,0.0676,-0.026857878736026398,0.002901054164648439,-0.018043175428622046,1940
1941-05-01,0.067,0.058,0.17,-0.409,-0.028,-0.011,0.296,0.0675,-0.028693065276291535,0.02335904514747601,-0.022665979871184475,1940
1941-06-01,0.137,0.055,0.13,-0.391,-0.017,0.035,0.161,0.0671,-0.03201930244353601,-0.0010806369088364404,0.01609993935237245,1940
1941-07-01,0.242,0.156,0.22,-0.352,0.066,0.068,0.21,0.0719,-0.03683501918170749,0.01984460488522448,0.08299041429648302,1940
1941-08-01,0.071,0.036,0.15,-0.388,-0.033,0.017,0.124,0.0714,-0.042481494850644334,-0.020415178959075304,0.029896673809719637,1940
1941-09-01,-0.108,-0.147,0.02,-0.508,-0.186,-0.193,-0.017,0.0857,-0.048456591082569285,-0.030849642880016844,-0.10669376603741387,1940
1941-10-01,0.216,0.21,0.35,-0.273,0.126,0.133,0.227,0.0973,-0.0547855858482334,0.06264516374514939,0.11814042210308401,1940
1941-11-01,0.057,-0.013,0.22,-0.415,-0.038,0.009,0.17,0.0971,-0.06143767916611578,0.008369675577053759,0.015068003589062025,1940
1941-12-01,0.102,0.078,0.21,-0.262,0.032,-0.084,0.227,0.0889,-0.06856518097840952,0.09512381107166737,0.005441369906742155,1940
1942-01-01,0.232,0.25,0.29,-0.31,0.116,0.226,0.16,0.094,-0.07653647046445089,-0.0862521810628647,0.2787886515273156,1940
1942-02-01,-0.044,0.016,0.02,-0.682,-0.173,-0.205,0.189,0.1038,-0.08560761967429738,0.022607279928932945,-0.10999966025463555,1940
1942-03-01,-0.009,-0.045,0.05,-0.586,-0.148,0.003,0.173,0.1034,-0.09556778455458027,-0.08104261865868073,0.028610403213261013,1940
1942-04-01,-0.06,-0.009,0.09,-0.563,-0.135,-0.093,0.072,0.108,-0.10565409216088227,0.0014990863309476642,-0.030844994170065407,1940
1942-05-01,0.043,0.122,0.11,-0.475,-0.05,-0.022,0.233,0.1081,-0.11493358089975586,0.021128188247911205,0.04380539265184466,1940
1942-06-01,0.041,0.027,0.04,-0.489,-0.095,-0.078,0.246,0.1092,-0.12300446418315808,-0.017223471017619705,0.04522793520077778,1940
1942-07-01,-0.052,-0.062,0.0,-0.58,-0.174,-0.24,0.112,0.1093,-0.1297374512883363,0.01113041022124253,-0.05539295893290622,1940
1942-08-01,-0.09,-0.061,-0.04,-0.552,-0.186,-0.153,0.152,0.1143,-0.13498797242847865,-0.019688424322352183,-0.03132360324916916,1940
1942-09-01,-0.033,-0.014,-0.03,-0.521,-0.15,0.036,0.024,0.1116,-0.1385547236233535,-0.03498086809623295,0.023535591719586454,1940
1942-10-01,-0.008,-0.093,0.01,-0.577,-0.167,-0.293,0.059,0.0949,-0.1406338481177431,0.09410031587675716,-0.1204664677590141,1940
1942-11-01,-0.03,-0.056,0.09,-0.544,-0.135,-0.097,0.277,0.0935,-0.14164725368668468,0.012680378843106348,-0.0060331251564216815,1940
1942-12-01,0.015,-0.08,0.12,-0.521,-0.116,-0.148,0.245,0.0829,-0.14191202428723249,0.0621232750298089,-0.03621125074257642,1940
1943-01-01,-0.074,-0.191,-0.01,-0.674,-0.237,-0.353,0.139,0.0475,-0.1408677296888505,-0.07384250478381373,-0.022289765527335775,1940
1943-02-01,0.055,-0.027,0.17,-0.575,-0.094,0.079,0.359,0.049,-0.1375828213353974,0.011527831298748927,0.03205499003664847,1940
1943-03-01,-0.137,-0.164,-0.04,-0.676,-0.254,-0.106,0.22,0.059,-0.1317332643508049,-0.0600622633154824,-0.06220447233371271,1940
1943-04-01,0.022,0.022,0.11,-0.474,-0.08,0.055,0.314,0.0623,-0.12342345897190574,0.0052111395178467326,0.03821231945405901,1940
1943-05-01,0.009,0.033,0.06,-0.54,-0.11,-0.06,0.283,0.0561,-0.11285945992670193,0.01238506327975428,-0.009525603353052345,1940
1943-06-01,-0.006,-0.078,-0.05,-0.672,-0.202,-0.107,0.207,0.0551,-0.10051033123206822,-0.02918686987307451,-0.07230279889485729,1940
1943-07-01,0.006,0.021,0.08,-0.486,-0.095,0.079,0.283,0.0577,-0.08730654269872294,-0.00956795156670266,0.0018744942654256025,1940
1943-08-01,0.05,0.031,0.0,-0.503,-0.106,0.08,0.222,0.0581,-0.07430130736991082,-0.010868454491293181,-0.02083023813879599,1940
1943-09-01,0.009,-0.015,0.05,-0.579,-0.134,0.016,0.316,0.0582,-0.06222635255667565,-0.0017069621746203388,-0.07006668526870401,1940
1943-10-01,0.282,0.23,0.23,-0.334,0.102,0.269,0.446,0.0911,-0.05099228954904771,0.10284205681697749,0.05015023273207022,1940
1943-11-01,0.123,0.104,0.19,-0.426,-0.002,0.133,0.469,0.0972,-0.040147360989836886,0.008741000003955314,0.02940636098588157,1940
1943-12-01,0.135,0.11,0.23,-0.368,0.027,0.143,0.612,0.105,-0.029389949463120933,0.020872053724929507,0.035517895738191425,1940
1944-01-01,0.255,0.324,0.36,-0.309,0.157,0.394,0.561,0.1185,-0.01910399403314379,-0.04352930627416379,0.21963330030730757,1940
1944-02-01,0.16,0.124,0.24,-0.368,0.039,0.133,0.272,0.1218,-0.009998388597009262,-0.0024366810200352595,0.051435069617044527,1940
1944-03-01,0.173,0.116,0.26,-0.403,0.036,0.29,0.522,0.1065,-0.002332728028465033,-0.05054798678720886,0.08888071481567388,1940
1944-04-01,0.065,0.044,0.19,-0.473,-0.044,0.036,0.406,0.1055,0.003251726218662092,0.031840402342424336,-0.07909212856108644,1940
1944-05-01,0.135,0.118,0.18,-0.402,0.008,0.118,0.252,0.1026,0.006125363126644715,-0.005377829358238867,0.007252466231594152,1940
1944-06-01,0.044,0.106,0.15,-0.408,-0.027,0.175,0.208,0.085,0.006137225174697826,-0.05057597654379713,0.017438751369099302,1940
1944-07-01,0.131,0.148,0.17,-0.457,-0.002,0.093,0.252,0.0799,0.003445573391359758,-0.01923973515374958,0.013794161762389824,1940
1944-08-01,0.193,0.207,0.18,-0.455,0.031,0.137,0.293,0.0721,-0.0014945063944607367,-0.017486638904930844,0.04998114529939158,1940
1944-09-01,0.235,0.165,0.28,-0.337,0.086,0.22,0.344,0.0569,-0.007874847732695115,0.030785815224919046,0.06308903250777606,1940
1944-10-01,0.252,0.21,0.26,-0.365,0.089,-0.013,0.263,0.0556,-0.015237097475091149,0.10820754254676959,-0.003970445071678447,1940
1944-11-01,0.045,0.09,0.11,-0.477,-0.058,-0.056,0.018,0.0609,-0.023147796004632355,0.007577787051135464,-0.042429991046503114,1940
1944-12-01,0.127,0.083,0.04,-0.369,-0.03,-0.057,0.172,0.0632,-0.03117349900338617,-0.03422245236693615,0.03539595137032232,1940
1945-01-01,0.083,0.093,0.1,-0.444,-0.042,-0.199,0.42,0.0498,-0.039142748024699976,0.0055699493552345105,-0.00842720133053454,1940
1945-02-01,-0.001,0.045,0.01,-0.529,-0.119,-0.158,-0.076,0.0604,-0.04720783381692501,-0.021144351005031838,-0.05064781517804314,1940
1945-03-01,-0.029,0.035,0.06,-0.529,-0.116,-0.152,0.214,0.0664,-0.055677624140041425,-0.03051440824039911,-0.02980796761955947,1940
1945-04-01,0.113,0.209,0.19,-0.322,0.048,0.092,0.515,0.0685,-0.06414968985119289,0.047330582200247294,0.06481910765094559,1940
1945-05-01,-0.014,-0.061,0.06,-0.488,-0.126,-0.134,0.283,0.0756,-0.07249144820238573,-0.01128922749201959,-0.04221932430559468,1940
1945-06-01,0.028,-0.04,0.01,-0.461,-0.116,-0.089,0.236,0.0804,-0.08089877424251952,-0.05090043687185398,0.015799211114373504,1940
1945-07-01,0.007,0.003,0.04,-0.567,-0.129,-0.127,0.129,0.0847,-0.08938889434616094,-0.013827819045015226,-0.025783286608823827,1940
1945-08-01,0.219,0.238,0.26,-0.276,0.11,0.079,0.39,0.0933,-0.0981266118070215,-0.02871583333857587,0.23684244514559738,1940
1945-09-01,0.07,0.104,0.2,-0.468,-0.024,-0.11,0.271,0.0856,-0.10745131961859852,0.04091446213164552,0.042536857486953,1940
1945-10-01,0.233,0.093,0.18,-0.452,0.013,-0.076,0.202,0.0774,-0.11735131109099203,0.09489929964489732,0.03545201144609471,1940
1945-11-01,0.045,-0.003,0.07,-0.523,-0.103,-0.045,0.291,0.0789,-0.12770513528123853,0.011238911612708943,0.013466223668529592,1940
1945-12-01,-0.121,-0.201,-0.07,-0.649,-0.26,-0.23,0.052,0.0984,-0.13856728263242557,-0.08822798501381711,-0.033204732353757316,1940
1946-01-01,0.038,0.041,0.15,-0.366,-0.034,0.008,0.427,0.0986,-0.14992276273756386,0.035074898631278204,0.08084786410628565,1940
1946-02-01,-0.147,-0.124,0.03,-0.626,-0.217,-0.098,0.259,0.1067,-0.16139745490302798,-0.047190946178925865,-0.00841159891804616,1940
1946-03-01,-0.043,-0.131,0.01,-0.701,-0.216,-0.1,0.182,0.1135,-0.1729394819366273,-0.004721695399509667,-0.038338822663863015,1940
1946-04-01,0.032,-0.005,0.05,-0.568,-0.123,-0.171,0.191,0.1053,-0.1845502691396879,0.055175846109045336,0.006374423030642562,1940
1946-05-01,0.0,-0.084,-0.07,-0.597,-0.188,-0.062,0.1,0.1081,-0.19535311383748322,0.006075013330157045,0.0012781005073261853,1940
1946-06-01,-0.201,-0.27,-0.21,-0.709,-0.348,-0.232,-0.072,0.1286,-0.20444533395872805,-0.025602130116370844,-0.11795253592490107,1940
1946-07-01,-0.05,-0.113,-0.12,-0.594,-0.219,-0.09,-0.041,0.1313,-0.21132128941676775,-0.0057208853420775115,-0.0019578252411547314,1940
1946-08-01,-0.097,-0.157,-0.2,-0.707,-0.29,-0.4,-0.111,0.1133,-0.21592337062281602,-0.036664771249144884,-0.0374118581280391,1940
1946-09-01,-0.053,-0.098,-0.08,-0.529,-0.19,-0.166,0.034,0.1039,-0.21834803433382444,0.01706948224229975,0.011278552091524674,1940
1946-10-01,0.01,-0.071,-0.08,-0.625,-0.192,-0.205,-0.056,0.084,-0.21885842826624818,0.08265105698938714,-0.05579262872313895,1940
1946-11-01,-0.049,-0.114,-0.05,-0.596,-0.202,-0.099,-0.025,0.0785,-0.21794487043811922,0.02016612710377452,-0.004221256665655315,1940
1946-12-01,-0.222,-0.347,-0.31,-0.758,-0.409,-0.149,-0.25,0.0973,-0.21606911186467095,-0.1269826536924707,-0.06594823444285833,1940
1947-01-01,-0.033,-0.157,-0.07,-0.586,-0.212,-0.178,0.012,0.0782,-0.21354247542414198,0.0477465349076658,-0.046204059483523824,1940
1947-02-01,-0.038,-0.146,-0.08,-0.644,-0.227,-0.01,-0.129,0.078,-0.21030134434685657,-0.06405337004739195,0.047354714394248515,1940
1947-03-01,0.101,-0.08,0.06,-0.632,-0.138,0.078,0.217,0.0828,-0.20621610346310984,0.019604829432249376,0.04861127403086046,1940
1947-04-01,0.024,-0.062,0.06,-0.546,-0.131,-0.008,0.141,0.0819,-0.2015754987936944,0.034979052280721686,0.035596446512972724,1940
1947-05-01,-0.035,-0.077,-0.01,-0.589,-0.178,0.01,0.02,0.0824,-0.19693020839783199,0.0431260966525687,-0.024195888254736703,1940
1947-06-01,0.073,-0.094,-0.02,-0.601,-0.16,0.188,-0.011,0.0751,-0.19256832838708407,-0.008021500573109328,0.04058982896019339,1940
1947-07-01,0.008,-0.071,-0.04,-0.541,-0.161,0.058,-0.054,0.0765,-0.18920222024685424,0.005525848412399217,0.022676371834455006,1940
1947-08-01,-0.093,-0.119,-0.07,-0.672,-0.239,0.051,-0.152,0.0728,-0.18719637367565334,-0.028942566965986224,-0.022861059358360414,1940
1947-09-01,-0.089,-0.167,-0.12,-0.687,-0.266,-0.076,-0.259,0.0748,-0.18670732335953164,-0.011338274795777682,-0.06795440184469068,1940
1947-10-01,0.089,0.032,0.07,-0.578,-0.097,0.095,-0.091,0.0816,-0.18755856627223919,0.07332721612859887,0.017231350143640328,1940
1947-11-01,0.018,0.024,0.03,-0.581,-0.127,0.075,-0.073,0.0844,-0.1892713372840303,0.01900278389162209,0.04326855339240823,1940
1947-12-01,-0.119,-0.236,-0.13,-0.687,-0.293,0.116,-0.104,0.0611,-0.191441143062905,-0.1289455683655548,0.027386711428459803,1940
1948-01-01,0.006,-0.023,0.06,-0.583,-0.135,0.077,-0.051,0.0622,-0.19385986465127292,0.019797845917768175,0.03906201873350473,1940
1948-02-01,-0.155,-0.24,-0.15,-0.72,-0.316,-0.089,-0.201,0.0728,-0.19680265047095122,-0.07810947130039207,-0.0410878782286567,1940
1948-03-01,-0.205,-0.291,-0.24,-0.799,-0.384,-0.246,-0.285,0.0903,-0.2006618628108699,0.03462201471434964,-0.21796015190347978,1940
1948-04-01,-0.148,-0.12,-0.12,-0.671,-0.265,-0.134,-0.166,0.0883,-0.205357081398694,0.00678671735366866,-0.06642963595497467,1940
1948-05-01,0.147,0.052,-0.01,-0.448,-0.065,0.113,0.153,0.0984,-0.21055950256637374,0.0684108301315041,0.07714867243486961,1940
1948-06-01,0.033,-0.014,-0.05,-0.65,-0.17,-0.01,0.095,0.098,-0.2160866814236751,0.017182426974077358,0.028904254449597738,1940
1948-07-01,-0.05,-0.135,-0.11,-0.568,-0.216,-0.055,-0.044,0.0968,-0.22176973525059437,0.02137719416990968,-0.015607458919315309,1940
1948-08-01,0.004,-0.049,-0.11,-0.57,-0.181,0.058,-0.023,0.0969,-0.227494604303938,0.012478539439458801,0.034016064864479195,1940
1948-09-01,-0.106,-0.14,-0.14,-0.677,-0.266,0.0,-0.169,0.0969,-0.23322836285510304,-0.022125403139221123,-0.010646234005675853,1940
1948-10-01,0.013,-0.061,-0.05,-0.589,-0.172,-0.075,-0.19,0.0913,-0.239143129447521,0.06757375146439865,-0.0004306220168776298,1940
1948-11-01,-0.152,-0.179,-0.12,-0.644,-0.274,-0.147,-0.208,0.0881,-0.2453995263786882,0.000790958186029189,-0.029391431807341023,1940
1948-12-01,-0.26,-0.35,-0.24,-0.839,-0.422,-0.129,-0.143,0.1033,-0.2519531591988061,-0.09452513283512659,-0.07552170796606728,1940
1949-01-01,0.053,-0.029,0.06,-0.514,-0.108,0.027,0.101,0.106,-0.2584340874438113,-0.033049893508045956,0.18348398095185725,1940
1949-02-01,-0.22,-0.248,-0.14,-0.736,-0.336,-0.02,-0.1,0.1075,-0.2641166424433085,-0.11217045244879541,0.040287094892103914,1940
1949-03-01,-0.113,-0.12,-0.02,-0.657,-0.228,0.156,0.164,0.0972,-0.26858674225008794,0.02782505122089151,0.012761691029196442,1940
1949-04-01,-0.122,-0.157,-0.11,-0.67,-0.265,0.0,-0.024,0.0972,-0.2720001114544861,-0.0224256960067705,0.029425807461256587,1940
1949-05-01,-0.061,-0.119,-0.1,-0.573,-0.213,-0.148,-0.07,0.0835,-0.27498678828848955,0.08629473947419465,-0.024307951185705112,1940
1949-06-01,-0.127,-0.243,-0.27,-0.712,-0.338,-0.168,-0.207,0.0852,-0.27792050022024967,0.042474181152244696,-0.10255368093199507,1940
1949-07-01,-0.134,-0.191,-0.13,-0.64,-0.274,-0.058,-0.139,0.0846,-0.28106350538360925,0.03597257065576614,-0.02890906527215692,1940
1949-08-01,-0.084,-0.086,-0.13,-0.62,-0.23,-0.049,-0.096,0.0818,-0.2845594483451174,0.04429932014129897,0.010260128203818442,1940
1949-09-01,-0.152,-0.137,-0.14,-0.73,-0.29,-0.024,-0.164,0.0822,-0.2880441872831296,-0.0047545787718123265,0.002798766054941948,1940
1949-10-01,-0.045,-0.101,-0.06,-0.651,-0.214,-0.042,-0.026,0.0788,-0.2910318205265485,0.05795990080562291,0.01907191972092559,1940
1949-11-01,-0.139,-0.194,-0.1,-0.685,-0.28,-0.006,-0.202,0.0789,-0.2933022708072329,-0.039803385750940445,0.05310565655817334,1940
1949-12-01,-0.072,-0.223,-0.18,-0.637,-0.278,0.144,-0.538,0.0623,-0.2948613048693295,-0.06136933511731352,0.07823063998664298,1940
1950-01-01,-0.323,-0.312,-0.26,-0.78,-0.419,-0.311,-0.306,0.0605,-0.29621385484654517,-0.0448627497252426,-0.0779233954282122,1950
1950-02-01,-0.376,-0.382,-0.27,-0.872,-0.475,-0.139,-0.456,0.0817,-0.2981705648277609,-0.08340138998636108,-0.093428045185878,1950
1950-03-01,-0.18,-0.23,-0.08,-0.69,-0.295,-0.067,-0.208,0.0792,-0.301291655378505,-0.021276280997868244,0.02756793637637328,1950
1950-04-01,-0.203,-0.254,-0.21,-0.798,-0.366,-0.101,-0.41,0.0807,-0.3058076102093329,-0.03247461440489974,-0.027717775385767363,1950
1950-05-01,-0.052,-0.156,-0.11,-0.593,-0.228,-0.015,-0.211,0.0793,-0.3113603791574939,0.07650690813326005,0.006853471024233837,1950
1950-06-01,-0.047,-0.116,-0.05,-0.65,-0.216,0.122,-0.164,0.0827,-0.31663305303479533,0.04430955981240854,0.05632349322238678,1950
1950-07-01,-0.034,-0.121,-0.09,-0.625,-0.218,0.056,-0.216,0.0857,-0.31958780460466557,0.04129625687525063,0.06029154772941492,1950
1950-08-01,-0.095,-0.168,-0.16,-0.699,-0.28,-0.05,-0.23,0.0835,-0.3183762843338722,0.06010098684920798,-0.02172470251533576,1950
1950-09-01,-0.174,-0.258,-0.11,-0.676,-0.304,-0.014,-0.311,0.0835,-0.31270083669534393,0.023809230105380122,-0.01510839341003617,1950
1950-10-01,-0.088,-0.214,-0.2,-0.773,-0.319,-0.105,-0.312,0.0794,-0.3037430078784996,0.048326633882721744,-0.06358362600422213,1950
1950-11-01,-0.305,-0.395,-0.34,-0.894,-0.484,-0.204,-0.437,0.0937,-0.29284405178715,-0.07243604782179612,-0.11871990039105385,1950
1950-12-01,-0.193,-0.27,-0.22,-0.781,-0.366,-0.088,-0.482,0.0933,-0.2809674931097813,-0.02416726129612126,-0.06086524559409745,1950
1951-01-01,-0.356,-0.373,-0.34,-0.922,-0.498,-0.079,-0.388,0.1024,-0.26820063984959863,-0.05074727419928481,-0.17905208595111655,1950
1951-02-01,-0.44,-0.521,-0.41,-1.017,-0.597,-0.122,-0.629,0.1216,-0.25410994843824725,-0.04052196479634983,-0.3023680867654029,1950
1951-03-01,-0.197,-0.276,-0.2,-0.79,-0.366,-0.071,-0.215,0.1205,-0.2382380226936093,-0.07544408547070597,-0.05231789183568472,1950
1951-04-01,-0.096,-0.12,-0.14,-0.738,-0.273,0.093,-0.231,0.1226,-0.21999804067339482,-0.028399661602191418,-0.024602297724413774,1950
1951-05-01,0.078,0.02,0.0,-0.545,-0.112,0.116,-0.084,0.1365,-0.1993336115401643,0.05763468369003596,0.029698927850128343,1950
1951-06-01,0.138,0.05,-0.06,-0.542,-0.104,0.112,-0.087,0.1487,-0.1770662554652419,0.0500444351106095,0.023021820354632405,1950
1951-07-01,0.034,0.027,-0.01,-0.554,-0.126,0.092,-0.192,0.157,-0.15488718635144777,0.040843702534697233,-0.011956516183249472,1950
1951-08-01,0.142,0.111,0.06,-0.453,-0.035,0.245,-0.002,0.1772,-0.1352637482345911,0.05503268087372826,0.04523106736086285,1950
1951-09-01,0.113,0.121,0.05,-0.459,-0.044,0.26,0.142,0.1918,-0.12013313888873658,0.03604914128727387,0.04008399760146272,1950
1951-10-01,0.228,0.116,0.08,-0.442,-0.004,0.315,-0.13,0.2065,-0.1095549554609632,0.03547495127180757,0.07008000418915562,1950
1951-11-01,0.006,-0.082,-0.01,-0.613,-0.175,0.309,-0.137,0.1936,-0.10235113573520695,-0.09915814130553606,0.026509277040743018,1950
1951-12-01,0.186,0.066,0.16,-0.402,0.003,0.369,-0.029,0.1984,-0.09713848662684874,-0.007010428960781264,0.10714891558763,1950
1952-01-01,0.169,0.089,0.11,-0.473,-0.026,0.472,-0.142,0.1785,-0.09359329826517328,-0.0180804754086437,0.08567377367381698,1950
1952-02-01,0.107,0.062,0.11,-0.507,-0.057,0.54,0.116,0.113,-0.092300498626807,0.002092935080524738,0.033207563546282265,1950
1952-03-01,-0.06,-0.168,-0.08,-0.697,-0.251,0.115,-0.103,0.0923,-0.09339786113115192,-0.0926251540042841,-0.06497698486456396,1950
1952-04-01,0.102,0.039,0.03,-0.531,-0.09,0.183,0.045,0.0746,-0.09634138448763334,-0.0322583167666958,0.03859970125432914,1950
1952-05-01,0.117,0.017,-0.03,-0.566,-0.115,-0.003,-0.065,0.0747,-0.10032667041411267,0.03669019415640679,-0.05136352374229414,1950
1952-06-01,0.097,0.015,-0.03,-0.58,-0.124,-0.02,-0.029,0.0754,-0.10449027052901573,0.045944520003107385,-0.06545424947409166,1950
1952-07-01,0.116,0.084,0.04,-0.534,-0.074,0.052,0.1,0.0744,-0.10779958373752223,0.01909131417444359,0.01470826956307865,1950
1952-08-01,0.132,0.094,0.05,-0.539,-0.066,-0.031,0.12,0.0731,-0.10889244599235554,0.04397448794513236,-0.0010820419527768355,1950
1952-09-01,0.138,0.09,0.07,-0.528,-0.057,-0.013,0.093,0.0726,-0.10685222726572706,0.03595938509993238,0.013892842165794686,1950
1952-10-01,0.096,-0.022,0.0,-0.573,-0.125,-0.121,0.042,0.0684,-0.10244514330894634,0.049866001138452694,-0.07242085782950634,1950
1952-11-01,-0.077,-0.13,-0.13,-0.666,-0.251,-0.076,-0.116,0.079,-0.09767649931874789,-0.08664241488640782,-0.06668108579484427,1950
1952-12-01,0.046,-0.041,-0.02,-0.565,-0.145,-0.148,-0.029,0.0723,-0.09416864542759192,0.01687819223868955,-0.06770954681109763,1950
1953-01-01,0.063,-0.009,0.07,-0.503,-0.095,-0.069,0.142,0.0671,-0.09218575205545118,-0.016435933988203758,0.013621686043654935,1950
1953-02-01,0.198,0.093,0.15,-0.445,-0.001,0.056,0.093,0.0736,-0.09097027354573732,0.03013827605456107,0.05983199749117625,1950
1953-03-01,0.093,0.01,0.11,-0.509,-0.074,0.177,0.18,0.0607,-0.08972208379545292,-0.09992665884279288,0.1156487426382458,1950
1953-04-01,0.295,0.225,0.19,-0.396,0.078,0.168,0.158,0.0799,-0.08859204056232939,-0.03610338126375881,0.20269542182608818,1950
1953-05-01,0.277,0.149,0.11,-0.42,0.029,0.144,0.139,0.086,-0.08828311223232851,0.004283578787836272,0.11299953344449225,1950
1953-06-01,0.239,0.141,0.12,-0.459,0.01,0.134,0.212,0.0878,-0.0893937749813511,0.034407271396522644,0.06498650358482846,1950
1953-07-01,0.109,0.043,0.01,-0.563,-0.1,-0.026,-0.005,0.0883,-0.09287193973644779,0.0058623326456757,-0.012990392909227919,1950
1953-08-01,0.107,0.088,0.05,-0.571,-0.081,-0.015,0.025,0.0884,-0.09970526587490616,0.027253294982503184,-0.008548029107597027,1950
1953-09-01,0.069,0.087,0.04,-0.587,-0.098,-0.041,0.036,0.0888,-0.11057464566346761,0.03443378360471451,-0.021859137941246914,1950
1953-10-01,0.147,0.084,0.08,-0.52,-0.052,0.073,-0.154,0.0872,-0.12537190576845383,0.07564395893109276,-0.002272053162638926,1950
1953-11-01,0.008,-0.007,-0.03,-0.6,-0.157,0.094,-0.155,0.0719,-0.14289895859399812,-0.07334776150278854,0.059246720096786665,1950
1953-12-01,0.153,0.021,0.05,-0.504,-0.07,0.075,-0.097,0.0666,-0.1611870879953523,0.023635694146376493,0.06755139384897581,1950
1954-01-01,-0.178,-0.244,-0.24,-0.746,-0.352,-0.257,-0.509,0.1096,-0.17857294829042558,0.006582468539410367,-0.18000952024898476,1950
1954-02-01,-0.039,-0.09,-0.1,-0.646,-0.219,-0.218,-0.258,0.1146,-0.19463387051716655,0.007587683928282959,-0.031953813411116416,1950
1954-03-01,-0.077,-0.183,-0.15,-0.751,-0.29,-0.216,-0.326,0.128,-0.20950357197928743,-0.09047188189276484,0.009975453872052287,1950
1954-04-01,-0.12,-0.116,-0.14,-0.775,-0.288,-0.366,-0.244,0.123,-0.2235236059868578,-0.04209106581605716,-0.022385328197085025,1950
1954-05-01,-0.105,-0.171,-0.2,-0.738,-0.304,-0.333,-0.312,0.1192,-0.2370397740984495,-0.014052037426911,-0.05290818847463946,1950
1954-06-01,0.01,-0.132,-0.19,-0.668,-0.245,-0.255,-0.218,0.1069,-0.2503243521590535,0.04054125079395699,-0.03521689863490346,1950
1954-07-01,-0.06,-0.198,-0.19,-0.686,-0.284,-0.184,-0.282,0.1063,-0.2629097990403457,0.013922229154879886,-0.03501243011453414,1950
1954-08-01,-0.086,-0.102,-0.17,-0.668,-0.256,-0.175,-0.287,0.0998,-0.2741660384067673,0.0008473231904154756,0.01731871521635181,1950
1954-09-01,-0.126,-0.115,-0.1,-0.703,-0.261,-0.163,-0.347,0.0928,-0.283629703160893,0.02916578929847346,-0.006536086137580499,1950
1954-10-01,0.081,-0.012,-0.02,-0.604,-0.139,-0.087,-0.228,0.0801,-0.2912803454592165,0.09523990297667986,0.05704044248253662,1950
1954-11-01,0.104,0.117,0.08,-0.533,-0.058,0.099,0.0,0.0933,-0.2975392501981754,-0.0562676912177031,0.2958069414158785,1950
1954-12-01,-0.073,-0.165,-0.18,-0.676,-0.274,-0.204,-0.244,0.0788,-0.30262032688365303,0.025252247196775438,0.0033680796868775786,1950
1955-01-01,0.145,0.107,0.13,-0.437,-0.014,0.338,0.028,0.0965,-0.3065229868809176,0.0076809352984166515,0.284842051582501,1950
1955-02-01,-0.189,-0.193,-0.16,-0.813,-0.339,-0.12,-0.22,0.1025,-0.3099297343430078,-0.01158878835880947,-0.01748147729818278,1950
1955-03-01,-0.333,-0.399,-0.32,-0.919,-0.493,-0.203,-0.377,0.1272,-0.3138555533456257,-0.08608800790133064,-0.09305643875304365,1950
1955-04-01,-0.217,-0.231,-0.22,-0.805,-0.368,-0.08,-0.416,0.1316,-0.3185958446487659,-0.04854996290856791,-0.0008541924426662129,1950
1955-05-01,-0.215,-0.238,-0.2,-0.755,-0.352,-0.048,-0.226,0.134,-0.3238392013132857,-0.025531227861786833,-0.0026295708249274297,1950
1955-06-01,-0.11,-0.179,-0.13,-0.702,-0.28,-0.035,-0.164,0.1341,-0.3289197774251701,0.04603004585421406,0.002889731570956011,1950
1955-07-01,-0.151,-0.21,-0.11,-0.71,-0.295,-0.011,-0.166,0.1343,-0.3333697129851624,0.025278351009219928,0.013091361975942462,1950
1955-08-01,0.139,-0.09,0.02,-0.541,-0.118,0.138,-0.228,0.1405,-0.33727399142687936,-0.010603717668898593,0.22987770909577795,1950
1955-09-01,-0.117,-0.144,-0.11,-0.71,-0.27,-0.009,-0.246,0.1406,-0.3407205551798458,0.01826840565900488,0.052452149520840874,1950
1955-10-01,-0.049,-0.116,-0.05,-0.678,-0.223,-0.084,-0.236,0.1366,-0.3436926071164406,0.0750487199389619,0.04564388717747875,1950
1955-11-01,-0.248,-0.325,-0.25,-0.872,-0.424,-0.366,-0.321,0.1288,-0.34639708640855343,-0.043496655922503034,-0.03410625766894354,1950
1955-12-01,-0.274,-0.368,-0.28,-0.891,-0.453,-0.179,-0.193,0.1372,-0.34929766416429886,0.030505243223663714,-0.13420757905936487,1950
1956-01-01,-0.117,-0.239,-0.13,-0.714,-0.3,-0.286,-0.266,0.1031,-0.35275182246152387,0.02252429169893722,0.030227530762586663,1950
1956-02-01,-0.213,-0.288,-0.24,-0.796,-0.384,-0.045,-0.167,0.1044,-0.3561924386252787,-0.011880742008993425,-0.015926819365727873,1950
1956-03-01,-0.286,-0.362,-0.21,-0.819,-0.419,0.074,-0.203,0.0958,-0.3584458133038661,-0.08091569796681305,0.020361511270679145,1950
1956-04-01,-0.262,-0.309,-0.28,-0.856,-0.427,-0.059,-0.304,0.0997,-0.35866343604480017,-0.03381016918042823,-0.034526394774771596,1950
1956-05-01,-0.259,-0.336,-0.29,-0.834,-0.43,-0.078,-0.242,0.1038,-0.35641144635286626,-0.008319558984755598,-0.06526899466237812,1950
1956-06-01,-0.183,-0.229,-0.15,-0.738,-0.325,-0.045,0.023,0.1024,-0.3516406085016463,0.04514467138692823,-0.018504062885281947,1950
1956-07-01,-0.112,-0.21,-0.09,-0.691,-0.276,0.019,-0.057,0.1033,-0.34421828967333457,0.0269820789376029,0.04123621073573164,1950
1956-08-01,-0.284,-0.291,-0.25,-0.843,-0.417,-0.299,-0.127,0.0787,-0.3337196631145962,-0.019402751626116484,-0.06387758525928727,1950
1956-09-01,-0.253,-0.274,-0.19,-0.799,-0.379,-0.109,-0.189,0.0732,-0.3202988320684709,0.0010966408540178248,-0.05979780878554697,1950
1956-10-01,-0.2,-0.264,-0.23,-0.849,-0.386,-0.163,-0.194,0.0563,-0.3046455460076673,0.03978881586613878,-0.12114326985847151,1950
1956-11-01,-0.175,-0.22,-0.15,-0.743,-0.322,0.102,-0.12,0.0576,-0.2869209999610666,-0.041626003675756675,0.006547003636823312,1950
1956-12-01,-0.02,-0.158,-0.07,-0.612,-0.215,0.238,0.194,0.0687,-0.2669730144787583,0.02529714425387643,0.02667587022488188,1950
1957-01-01,-0.144,-0.219,-0.09,-0.651,-0.276,0.024,-0.064,0.0708,-0.24557144742692563,0.014714093789325118,-0.045142646362399536,1950
1957-02-01,-0.1,-0.159,-0.03,-0.7,-0.247,0.137,-0.02,0.0765,-0.22373314141476489,0.009009743138193124,-0.03227660172342825,1950
1957-03-01,-0.128,-0.199,-0.05,-0.745,-0.28,0.139,-0.142,0.0745,-0.20212227074084527,-0.03985605321364695,-0.038021676045507824,1950
1957-04-01,-0.0,-0.041,0.0,-0.583,-0.156,0.271,-0.025,0.0835,-0.18064674084594734,-0.015855746964269116,0.04050248781021645,1950
1957-05-01,0.118,0.034,0.09,-0.492,-0.062,0.368,0.116,0.1008,-0.15952589586716942,0.008763518696899694,0.08876237717026973,1950
1957-06-01,0.178,0.065,0.15,-0.458,-0.016,0.309,0.144,0.1245,-0.14009538132067978,0.028473791253511477,0.0956215900671683,1950
1957-07-01,-0.003,-0.062,0.02,-0.515,-0.14,0.136,0.021,0.1283,-0.12395690231277523,0.02294309039096043,-0.03898618807818521,1950
1957-08-01,0.107,0.072,0.15,-0.453,-0.031,0.386,0.208,0.1287,-0.1115351221166678,-0.03147682077592797,0.11201194289259578,1950
1957-09-01,0.033,0.041,0.09,-0.495,-0.083,0.296,0.183,0.1213,-0.10240753637281858,-0.03313326463446675,0.05254080100728532,1950
1957-10-01,0.108,-0.0,0.01,-0.519,-0.1,0.286,-0.003,0.1051,-0.09626561454753087,-0.001812400585972017,-0.0019219848664971256,1950
1957-11-01,0.075,-0.004,0.08,-0.551,-0.1,0.222,0.027,0.093,-0.093257951534467,-0.03700230715087304,0.030260258685340047,1950
1957-12-01,0.125,0.052,0.15,-0.455,-0.032,0.183,0.261,0.095,-0.09347483690705533,0.027444969323799796,0.03402986758325553,1950
1958-01-01,0.307,0.258,0.39,-0.255,0.175,0.451,0.31,0.1172,-0.09624384903785385,0.004758435085028171,0.26648541395282566,1950
1958-02-01,0.159,0.091,0.22,-0.446,0.006,0.253,0.322,0.1087,-0.10041971159836661,0.027084798909831752,0.07933491268853486,1950
1958-03-01,0.087,0.006,0.09,-0.524,-0.085,0.195,0.299,0.0865,-0.1049456816564217,0.012319403909466328,0.007626277746955359,1950
1958-04-01,0.002,-0.068,0.01,-0.562,-0.155,0.001,0.11,0.0864,-0.10934110365672393,0.01734655963462868,-0.06300545597790476,1950
1958-05-01,0.038,0.017,0.06,-0.495,-0.095,-0.033,-0.03,0.0873,-0.1138570884960661,0.013129510293105955,0.005727578202960146,1950
1958-06-01,-0.053,-0.154,-0.09,-0.574,-0.218,-0.202,-0.048,0.098,-0.11832880587884798,0.012800220280071148,-0.11247141440122316,1950
1958-07-01,0.029,-0.018,0.05,-0.486,-0.106,0.034,0.11,0.0963,-0.12200410892665525,0.005000715014505719,0.011003393912149537,1950
1958-08-01,-0.027,-0.082,-0.05,-0.581,-0.185,-0.154,-0.004,0.101,-0.12449989913509608,-0.01842032525081255,-0.04207977561409136,1950
1958-09-01,-0.099,-0.112,-0.03,-0.639,-0.22,-0.137,0.046,0.1086,-0.12551797686236552,-0.047053438591885224,-0.04742858454574925,1950
1958-10-01,0.053,-0.017,0.04,-0.58,-0.126,-0.026,0.046,0.109,-0.12496441811091244,-0.015871084391428297,0.014835502502340739,1950
1958-11-01,0.025,-0.037,0.02,-0.611,-0.151,-0.051,0.123,0.1102,-0.12338856008199856,-0.05810545195232542,0.030494012034323975,1950
1958-12-01,0.061,-0.082,0.01,-0.489,-0.125,-0.093,0.297,0.1083,-0.12157680226692014,0.029599943798105596,-0.03302314153118546,1950
1959-01-01,0.062,0.015,0.08,-0.49,-0.083,-0.258,0.025,0.0636,-0.119967781712754,-0.0010449391335719698,0.03801272084632597,1950
1959-02-01,0.002,-0.007,0.07,-0.538,-0.118,-0.124,0.218,0.0479,-0.11923324189775916,0.05653356688833124,-0.05530032499057208,1950
1959-03-01,0.107,0.018,0.18,-0.451,-0.037,0.048,0.191,0.0543,-0.11988372024985189,0.022868490109147713,0.06001523014070417,1950
1959-04-01,0.147,0.029,0.16,-0.467,-0.033,0.122,0.232,0.0612,-0.12181730798077997,0.03796758781081847,0.050849720169961504,1950
1959-05-01,0.049,-0.039,0.04,-0.486,-0.109,-0.014,0.104,0.0607,-0.12468983452547767,-0.006264786698868254,0.021954621224345924,1950
1959-06-01,0.067,-0.001,0.03,-0.497,-0.1,0.118,0.238,0.0536,-0.12829896069137836,-0.005448058455117311,0.033747019146495666,1950
1959-07-01,0.059,-0.04,0.03,-0.521,-0.118,-0.012,0.156,0.0535,-0.13286103857212628,-0.0069019214386450275,0.021762960010771312,1950
1959-08-01,-0.003,-0.038,-0.01,-0.536,-0.147,0.038,0.083,0.0501,-0.13851713644950944,-0.015254227051765105,0.006771363501274552,1950
1959-09-01,-0.072,-0.14,-0.06,-0.585,-0.214,0.006,0.076,0.049,-0.14507973792266168,-0.04240128570226149,-0.02651897637507683,1950
1959-10-01,0.021,-0.07,-0.07,-0.598,-0.179,-0.053,0.035,0.0525,-0.15181464650056015,-0.015383023760443794,-0.011802329738996059,1950
1959-11-01,-0.137,-0.183,-0.08,-0.639,-0.26,-0.109,0.02,0.0664,-0.15746126219554163,-0.07827588716149005,-0.024262850642968348,1950
1959-12-01,0.011,-0.102,0.0,-0.535,-0.156,-0.031,0.122,0.0669,-0.16114324045162057,0.0456515074213368,-0.04050826696971624,1950
1960-01-01,-0.04,-0.113,0.0,-0.598,-0.188,-0.105,0.231,0.0671,-0.16306757153499374,0.0010908507092020027,-0.02602327917420827,1960
1960-02-01,0.096,0.024,0.13,-0.484,-0.058,0.06,0.417,0.0709,-0.1637080362365262,0.06961430378483599,0.0360937324516902,1960
1960-03-01,-0.35,-0.444,-0.35,-0.905,-0.512,-0.475,-0.217,0.1246,-0.16279489840848155,0.01994752440478108,-0.36915262599629955,1960
1960-04-01,-0.188,-0.261,-0.15,-0.743,-0.336,-0.303,0.03,0.1243,-0.16027557763635425,0.048970561897404785,-0.22469498426105056,1960
1960-05-01,-0.081,-0.176,-0.08,-0.682,-0.255,-0.146,-0.027,0.122,-0.15645718386387744,-0.026585766992805772,-0.0719570491433168,1960
1960-06-01,-0.022,-0.124,-0.04,-0.615,-0.2,-0.1,0.016,0.1171,-0.15189751890540343,0.003038747035427187,-0.05114122813002378,1960
1960-07-01,-0.025,-0.111,-0.04,-0.553,-0.182,-0.064,0.036,0.1135,-0.14682365856139787,-0.015761852264572843,-0.019414489174029298,1960
1960-08-01,0.04,-0.001,0.02,-0.578,-0.13,0.017,0.15,0.1146,-0.14105259187758082,-0.015907661638936768,0.026960253516517582,1960
1960-09-01,0.011,0.005,0.07,-0.552,-0.116,0.098,0.188,0.1187,-0.13430484919718924,-0.03223421727018124,0.05053906646737047,1960
1960-10-01,0.038,-0.029,0.06,-0.58,-0.128,0.051,0.191,0.121,-0.1266920153035155,-0.018774189283663676,0.01746620458717918,1960
1960-11-01,-0.162,-0.214,-0.11,-0.734,-0.305,-0.045,0.179,0.1233,-0.11871048973468604,-0.06674368842236446,-0.11954582184294951,1960
1960-12-01,0.173,0.084,0.19,-0.382,0.016,0.172,0.382,0.1396,-0.11121999528003111,0.045254269446834056,0.08196572583319706,1960
1961-01-01,0.042,-0.046,0.07,-0.514,-0.112,0.076,0.386,0.1419,-0.10508212589042502,-0.009195063397809079,0.002277189288234102,1960
1961-02-01,0.133,0.097,0.19,-0.478,-0.014,0.044,0.583,0.1462,-0.1006280745972042,0.08640787319121557,0.0002202014059886348,1960
1961-03-01,0.009,-0.055,0.09,-0.565,-0.13,0.382,0.236,0.1055,-0.09771555525563926,-0.0059678707160653955,-0.026316574028295348,1960
1961-04-01,0.139,0.066,0.13,-0.476,-0.035,0.301,0.238,0.0944,-0.09650166575654082,0.04427529188890145,0.017226373867639366,1960
1961-05-01,0.146,0.074,0.12,-0.435,-0.024,0.231,0.088,0.0907,-0.09670444727021787,-0.047988209402714505,0.12069265667293239,1960
1961-06-01,0.16,0.092,0.12,-0.45,-0.02,0.18,0.084,0.0899,-0.0975744173649567,0.013142202885090031,0.06443221447986666,1960
1961-07-01,0.026,-0.033,0.01,-0.51,-0.127,0.055,-0.001,0.0866,-0.09884558470583363,-0.00983573958821245,-0.018318675705953927,1960
1961-08-01,0.036,-0.008,0.01,-0.535,-0.124,0.006,-0.089,0.0864,-0.1010409151219381,-0.020289362814425997,-0.0026697220636359015,1960
1961-09-01,-0.001,-0.025,0.08,-0.555,-0.125,-0.009,-0.081,0.0867,-0.10475884720100348,-0.019009395278882582,-0.001231757520113938,1960
1961-10-01,0.026,-0.06,0.0,-0.592,-0.156,-0.028,-0.152,0.088,-0.11009743684435619,-0.011917907726347281,-0.03398465542929652,1960
1961-11-01,0.015,-0.027,0.03,-0.563,-0.136,0.169,0.039,0.061,-0.11662538781675595,-0.024628498364567087,0.005253886181323025,1960
1961-12-01,-0.135,-0.248,-0.16,-0.707,-0.312,-0.328,-0.315,0.0826,-0.12390607697328068,0.05104942549382532,-0.23914334852054467,1960
1962-01-01,0.026,-0.052,0.05,-0.549,-0.131,-0.019,-0.105,0.0828,-0.13120438769046464,-0.009843091429439167,0.010047479119903793,1960
1962-02-01,0.104,0.019,0.15,-0.479,-0.051,-0.037,0.006,0.0795,-0.1377618751597928,0.09088950869498516,-0.004127633535192354,1960
1962-03-01,0.098,0.024,0.1,-0.514,-0.073,0.057,0.178,0.0802,-0.14332235418979755,-0.05670630875851463,0.1270286629483122,1960
1962-04-01,0.018,-0.017,0.05,-0.554,-0.126,-0.091,-0.036,0.0767,-0.1479943185884074,0.0016688335033315576,0.02032548508507584,1960
1962-05-01,-0.148,-0.175,-0.06,-0.646,-0.257,-0.233,-0.142,0.0804,-0.15216581956135622,-0.04999633178707442,-0.054837848651569376,1960
1962-06-01,-0.034,-0.051,0.03,-0.59,-0.161,-0.141,-0.037,0.0717,-0.15655660499299176,0.03791853117952254,-0.042361926186530785,1960
1962-07-01,-0.05,-0.106,0.02,-0.576,-0.178,-0.051,-0.104,0.0718,-0.16136867177527614,0.03164036709195332,-0.04827169531667719,1960
1962-08-01,-0.054,-0.106,-0.01,-0.621,-0.198,-0.074,-0.132,0.0723,-0.16642939223097786,-0.02067642159937295,-0.010894186169649211,1960
1962-09-01,-0.076,-0.07,0.0,-0.63,-0.194,-0.069,-0.137,0.0721,-0.17133684621032386,-0.03888557382731061,0.016222420037634466,1960
1962-10-01,-0.005,-0.036,0.01,-0.578,-0.152,0.004,-0.027,0.0722,-0.17545352577269838,-0.01786216128325084,0.04131568705594921,1960
1962-11-01,0.014,-0.016,0.06,-0.491,-0.108,0.028,0.143,0.0736,-0.17851966141939174,0.005103448813822622,0.06541621260556912,1960
1962-12-01,-0.019,-0.122,-0.03,-0.58,-0.188,0.124,-0.043,0.0576,-0.18045329109787234,0.04811183996290723,-0.05565854886503491,1960
1963-01-01,-0.047,-0.114,-0.03,-0.623,-0.204,-0.073,-0.109,0.059,-0.18153184045317314,0.007808986338916636,-0.030277145885743484,1960
1963-02-01,0.105,0.045,0.18,-0.462,-0.033,0.018,-0.032,0.0621,-0.18228088192921818,0.06972638396305146,0.07955449796616672,1960
1963-03-01,-0.272,-0.337,-0.14,-0.779,-0.382,-0.309,-0.308,0.0846,-0.18341469004575953,-0.07424927946129604,-0.12433603049294442,1960
1963-04-01,-0.112,-0.175,-0.07,-0.662,-0.255,-0.129,-0.333,0.0851,-0.1864221649431896,-0.049050254946468363,-0.01952758011034203,1960
1963-05-01,-0.099,-0.142,-0.06,-0.597,-0.224,0.033,-0.253,0.0833,-0.19307771889267583,-0.0494561178195899,0.018533836712265717,1960
1963-06-01,-0.01,-0.063,0.05,-0.573,-0.149,0.012,-0.159,0.0837,-0.2034505363733877,0.059580075318818045,-0.005129538945430334,1960
1963-07-01,0.133,0.065,0.06,-0.515,-0.064,0.114,0.036,0.0912,-0.21610381971815593,0.07082710451719619,0.08127671520095972,1960
1963-08-01,0.273,0.152,0.22,-0.434,0.053,0.251,0.134,0.1128,-0.22935891193317684,-0.006749444615273711,0.2891083565484506,1960
1963-09-01,0.17,0.127,0.17,-0.444,0.006,0.2,0.104,0.1214,-0.24179659078515092,-0.05487687309214226,0.30267346387729316,1960
1963-10-01,0.178,0.07,0.15,-0.466,-0.017,0.135,0.035,0.1266,-0.2532814494684138,-0.005832326283330516,0.2421137757517443,1960
1963-11-01,0.141,0.051,0.15,-0.513,-0.043,0.065,0.114,0.129,-0.2645769580862466,0.013676065658685241,0.20790089242756135,1960
1963-12-01,0.059,-0.057,-0.03,-0.542,-0.143,0.045,-0.073,0.1276,-0.27608814990856223,0.02439751827157156,0.10869063163699069,1960
1964-01-01,-0.101,-0.187,-0.09,-0.674,-0.263,-0.059,0.089,0.1321,-0.2880930887757411,0.012776785845054723,0.012316302930686363,1960
1964-02-01,-0.141,-0.22,-0.1,-0.725,-0.296,-0.263,-0.077,0.137,-0.3017279994621742,0.0439479542093809,-0.038219954747206686,1960
1964-03-01,-0.328,-0.379,-0.21,-0.872,-0.447,-0.065,-0.157,0.1479,-0.31730312088745694,-0.08322031561411258,-0.04647656349843049,1960
1964-04-01,-0.353,-0.438,-0.32,-0.885,-0.499,-0.244,-0.211,0.1771,-0.33341492276385865,-0.07046594146310087,-0.09511913577304049,1960
1964-05-01,-0.296,-0.37,-0.25,-0.793,-0.427,-0.203,-0.123,0.1914,-0.34718888373760837,-0.03575238496222473,-0.04405873130016691,1960
1964-06-01,-0.044,-0.166,-0.04,-0.639,-0.222,-0.073,0.023,0.1911,-0.3564629967920251,0.06632081223617076,0.0681421845558543,1960
1964-07-01,-0.069,-0.197,-0.04,-0.667,-0.243,-0.179,0.041,0.1868,-0.36131360659494083,0.09422643210529932,0.024087174489641483,1960
1964-08-01,-0.193,-0.296,-0.22,-0.759,-0.367,-0.42,-0.111,0.1713,-0.36252480368193135,0.008383891559313895,-0.012859087877382547,1960
1964-09-01,-0.325,-0.4,-0.29,-0.887,-0.476,-0.482,-0.215,0.163,-0.36138804885508324,-0.0601836649363417,-0.05442828620857504,1960
1964-10-01,-0.261,-0.309,-0.31,-0.861,-0.435,-0.418,-0.296,0.1436,-0.3588933672533912,0.009020817735806957,-0.08512745048241571,1960
1964-11-01,-0.265,-0.295,-0.21,-0.859,-0.407,-0.364,-0.349,0.1149,-0.35504697051402406,0.011500491483476531,-0.06345352096945245,1960
1964-12-01,-0.3,-0.369,-0.3,-0.845,-0.454,-0.311,-0.18,0.0972,-0.3500137422952838,0.025036819371923168,-0.12902307707663935,1960
1965-01-01,-0.083,-0.159,-0.08,-0.694,-0.254,0.009,-0.24,0.0982,-0.34390215516990263,-0.009381893160699584,0.09928404833060223,1960
1965-02-01,-0.178,-0.262,-0.17,-0.804,-0.354,-0.058,-0.015,0.0952,-0.3365902274503305,-0.004019868811701676,-0.013389903737967779,1960
1965-03-01,-0.194,-0.257,-0.13,-0.801,-0.346,0.101,0.147,0.0934,-0.3280369678278603,-0.048781430647878966,0.030818398475739306,1960
1965-04-01,-0.224,-0.298,-0.19,-0.804,-0.379,0.12,-0.011,0.0848,-0.3180974419369822,-0.07070513034345109,0.009802572280433297,1960
1965-05-01,-0.118,-0.188,-0.12,-0.678,-0.276,0.151,0.076,0.0857,-0.30673791867645944,-0.030783031623657364,0.06152095030011678,1960
1965-06-01,-0.117,-0.205,-0.08,-0.673,-0.269,-0.047,0.011,0.0802,-0.2948898305187432,0.06485526378310197,-0.038965433264358806,1960
1965-07-01,-0.131,-0.265,-0.13,-0.683,-0.302,-0.059,-0.007,0.0743,-0.2838623410062182,0.09842002896866735,-0.11655768796244914,1960
1965-08-01,-0.078,-0.159,-0.04,-0.644,-0.23,0.137,-0.112,0.0831,-0.27446595195648676,0.020390067254879084,0.024075884701607653,1960
1965-09-01,-0.194,-0.244,-0.15,-0.693,-0.32,0.156,-0.05,0.0729,-0.2665101729698403,-0.048871961499314255,-0.004617865530845422,1960
1965-10-01,0.014,-0.104,-0.05,-0.593,-0.183,0.252,0.04,0.0778,-0.25925634365506117,0.031506354843035926,0.04474998881202524,1960
1965-11-01,-0.068,-0.143,-0.06,-0.604,-0.219,0.188,0.205,0.0764,-0.2521415062150938,0.00019780936318371592,0.032943696851910065,1960
1965-12-01,-0.036,-0.144,-0.08,-0.616,-0.219,0.235,0.234,0.0617,-0.24480365953142455,0.011812722664351584,0.013990936867072978,1960
1966-01-01,-0.167,-0.281,-0.19,-0.763,-0.35,-0.096,-0.05,0.0643,-0.237492858538033,-0.04357200216455093,-0.06893513929741604,1960
1966-02-01,-0.068,-0.162,-0.04,-0.68,-0.238,0.116,0.146,0.062,-0.2305609424912962,-0.054845769132606005,0.0474067116239022,1960
1966-03-01,-0.074,-0.17,0.04,-0.693,-0.224,0.122,0.195,0.0598,-0.22445918169617773,0.0065675453627022555,-0.0061083636665245356,1960
1966-04-01,-0.075,-0.169,-0.13,-0.704,-0.269,0.11,0.158,0.0484,-0.21961149621221152,-0.04476220548009406,-0.004626298307694426,1960
1966-05-01,-0.122,-0.215,-0.12,-0.652,-0.277,-0.001,0.153,0.0485,-0.21640495089064715,-0.032997342122238135,-0.027597706987114723,1960
1966-06-01,0.019,-0.101,0.01,-0.554,-0.157,0.112,0.168,0.0564,-0.21449312586251784,0.0424002118497459,0.015092914012771935,1960
1966-07-01,0.086,0.005,0.08,-0.46,-0.072,0.23,0.204,0.0733,-0.21319172566511407,0.07135551613706301,0.06983620952805109,1960
1966-08-01,-0.046,-0.097,-0.09,-0.609,-0.21,0.02,0.207,0.0735,-0.21214033017991438,0.026273227987563486,-0.0241328978076491,1960
1966-09-01,-0.025,-0.082,-0.03,-0.601,-0.184,0.136,0.195,0.0684,-0.21140680713451038,-0.01778307066506636,0.04518987779957673,1960
1966-10-01,-0.144,-0.231,-0.17,-0.758,-0.326,-0.143,0.06,0.0741,-0.21103758358674915,0.08176794504746003,-0.1967303614607109,1960
1966-11-01,-0.052,-0.104,0.0,-0.637,-0.198,0.021,0.124,0.0746,-0.21096086482586937,0.004621240532736178,0.008339624293133174,1960
1966-12-01,-0.035,-0.138,-0.02,-0.622,-0.204,0.015,0.011,0.0749,-0.2110151759640469,0.0035003142391601652,0.003514861724886742,1960
1967-01-01,-0.117,-0.217,-0.07,-0.735,-0.285,0.065,-0.009,0.0671,-0.2111441476784554,-0.08802156618226917,0.0141657138607246,1960
1967-02-01,-0.257,-0.325,-0.21,-0.847,-0.41,-0.172,-0.163,0.0867,-0.211730554488063,-0.08467970794634352,-0.11358973756559343,1960
1967-03-01,-0.041,-0.094,0.05,-0.612,-0.174,0.05,0.106,0.0884,-0.2129365623022307,0.027025732955233202,0.011910829346997526,1960
1967-04-01,-0.056,-0.132,-0.05,-0.639,-0.219,0.05,-0.063,0.0876,-0.21473999033587246,-0.0118465833066854,0.007586573642557853,1960
1967-05-01,0.151,0.061,0.12,-0.4,-0.017,0.26,0.045,0.1045,-0.21671202827255787,-0.0424625104192968,0.24217453869185468,1960
1967-06-01,-0.044,-0.108,-0.08,-0.612,-0.211,-0.054,-0.195,0.1034,-0.21858627209600773,0.03451314207450772,-0.026926869978499995,1960
1967-07-01,0.01,-0.067,0.02,-0.584,-0.155,-0.083,-0.015,0.0959,-0.2205534817102875,0.04649647348818774,0.01905700822209977,1960
1967-08-01,-0.015,-0.098,0.01,-0.603,-0.176,0.034,-0.145,0.0966,-0.2225636284722984,0.024216659306793138,0.02234696916550527,1960
1967-09-01,-0.058,-0.122,-0.06,-0.591,-0.208,-0.024,-0.125,0.0962,-0.22471211622808449,-0.004517652713165902,0.021229768941250393,1960
1967-10-01,0.034,-0.017,0.09,-0.501,-0.098,0.228,0.002,0.0948,-0.22715955761001932,0.11223034635508304,0.016929211254936294,1960
1967-11-01,-0.118,-0.119,-0.05,-0.654,-0.235,-0.037,-0.135,0.0955,-0.23005210668477086,0.007444040997924942,-0.01239193431315408,1960
1967-12-01,-0.065,-0.151,-0.05,-0.59,-0.214,-0.01,-0.182,0.0956,-0.23360088935068057,-0.013325488181449636,0.03292637753213021,1960
1968-01-01,-0.25,-0.318,-0.26,-0.794,-0.406,-0.121,-0.581,0.1105,-0.23753146649560358,-0.08005949088550494,-0.08840904261889149,1960
1968-02-01,-0.197,-0.261,-0.14,-0.784,-0.346,0.064,-0.352,0.1012,-0.2414317747050208,-0.11251395162886008,0.00794572633388091,1960
1968-03-01,0.072,0.001,0.2,-0.497,-0.056,0.118,0.029,0.1098,-0.24501141387032818,0.024072811818178247,0.16493860205214994,1960
1968-04-01,-0.116,-0.177,-0.06,-0.671,-0.256,-0.037,-0.101,0.1111,-0.24800355058489373,0.020649749012211744,-0.028646198427317998,1960
1968-05-01,-0.162,-0.222,-0.14,-0.657,-0.295,-0.278,-0.2,0.0981,-0.2501426038895843,-0.042217198400134374,-0.002640197710281289,1960
1968-06-01,-0.043,-0.148,-0.09,-0.591,-0.218,-0.007,0.0,0.098,-0.25106519340824596,0.032411459017384285,0.0006537343908616933,1960
1968-07-01,-0.167,-0.192,-0.13,-0.644,-0.283,-0.128,-0.177,0.097,-0.250492148063744,0.014800062380995967,-0.04730791431725195,1960
1968-08-01,-0.095,-0.124,-0.09,-0.592,-0.225,-0.049,-0.04,0.0955,-0.24826962225729418,0.012838408887301353,0.010431213369992837,1960
1968-09-01,-0.173,-0.221,-0.19,-0.692,-0.319,-0.111,-0.099,0.0978,-0.2439870584555833,0.012749515747064032,-0.08776245729148072,1960
1968-10-01,0.075,0.012,0.09,-0.549,-0.093,0.005,0.033,0.0985,-0.23764965638327695,0.11245599274984136,0.03219366363343559,1960
1968-11-01,-0.1,-0.131,-0.05,-0.721,-0.25,-0.015,-0.099,0.0984,-0.22966714511337788,0.019975062416365683,-0.04030791730298783,1960
1968-12-01,-0.104,-0.187,-0.14,-0.701,-0.283,-0.069,-0.158,0.0984,-0.2208474560301902,-0.032546493638074096,-0.02960605033173566,1960
1969-01-01,-0.102,-0.158,-0.11,-0.694,-0.266,0.14,-0.183,0.086,-0.2116842595357476,-0.0428522807997371,-0.011463459664515313,1960
1969-02-01,-0.152,-0.193,-0.18,-0.719,-0.311,0.035,-0.193,0.0827,-0.20223409594055242,-0.1128148567554759,0.004048952696028313,1960
1969-03-01,-0.069,-0.129,0.01,-0.622,-0.202,-0.146,-0.165,0.0615,-0.1922637569491438,0.011901931767750248,-0.02163817481860647,1960
1969-04-01,0.109,0.051,0.17,-0.463,-0.033,0.223,0.0,0.0877,-0.1815929887710336,0.029185790993230813,0.11940719777780279,1960
1969-05-01,0.156,0.067,0.18,-0.38,0.006,0.301,0.115,0.1084,-0.17047650358107108,-0.028718086702509665,0.20519459028358075,1960
1969-06-01,0.085,0.01,0.03,-0.482,-0.089,0.129,0.011,0.1135,-0.15989535564053142,0.019867711650358496,0.05102764399017293,1960
1969-07-01,-0.034,-0.104,-0.05,-0.56,-0.187,0.096,-0.069,0.1101,-0.15104022224456348,-0.0022763000812325938,-0.03368347767420393,1960
1969-08-01,0.007,-0.068,0.04,-0.544,-0.141,0.084,0.006,0.1102,-0.14480918189338376,-0.002070173948245632,0.005879355841629408,1960
1969-09-01,0.045,-0.009,0.08,-0.506,-0.098,0.221,0.116,0.1032,-0.14112293312808838,0.0323801586504514,0.010742774477636968,1960
1969-10-01,0.101,0.004,0.09,-0.474,-0.07,0.023,0.109,0.1048,-0.13968496793258342,0.08507220031062386,-0.015387232378040433,1960
1969-11-01,0.081,0.026,0.12,-0.46,-0.058,0.192,0.202,0.1045,-0.14047507474347143,0.029833746196639328,0.052641328546832095,1960
1969-12-01,0.242,0.171,0.24,-0.304,0.087,0.37,0.243,0.114,-0.14313727774715734,-0.046203045965418924,0.2763403237125763,1960
1970-01-01,0.095,0.015,0.08,-0.452,-0.066,0.2,0.122,0.1039,-0.1471593467457333,0.005284574015944552,0.07587477272978875,1970
1970-02-01,0.122,0.064,0.22,-0.455,-0.012,0.299,0.046,0.0812,-0.15175461731927675,-0.11615161317288195,0.2559062304921587,1970
1970-03-01,-0.013,-0.089,0.06,-0.579,-0.155,0.047,0.357,0.0753,-0.15644486541462047,-0.014263108067074197,0.01570797348169467,1970
1970-04-01,0.034,-0.078,0.05,-0.534,-0.132,-0.099,0.204,0.0765,-0.16156498767253244,0.028433511278912853,0.0011314763936195738,1970
1970-05-01,-0.037,-0.141,-0.03,-0.57,-0.194,-0.2,0.061,0.0787,-0.1677418739661689,-0.01102642814874426,-0.015231697885086826,1970
1970-06-01,-0.035,-0.136,-0.02,-0.586,-0.194,-0.105,0.006,0.0839,-0.17572542680262446,0.011162112312268449,-0.029436685509643984,1970
1970-07-01,-0.006,-0.11,0.02,-0.528,-0.156,0.031,0.026,0.0815,-0.18551474160769058,-0.001655322777576033,0.03117006438526662,1970
1970-08-01,-0.137,-0.197,-0.1,-0.658,-0.273,-0.132,-0.143,0.0954,-0.19647234626191531,0.00032480022802292355,-0.07685245396610765,1970
1970-09-01,0.051,-0.029,0.12,-0.542,-0.1,-0.002,0.016,0.0954,-0.20768486345237547,0.04786176392699714,0.059823099525378315,1970
1970-10-01,0.018,-0.059,0.03,-0.644,-0.164,-0.094,-0.036,0.0956,-0.21807484292273674,0.04769113693687105,0.006383705985865684,1970
1970-11-01,-0.072,-0.059,0.02,-0.586,-0.174,-0.116,0.131,0.0949,-0.22707477032674625,0.021997709022570366,0.031077061304175896,1970
1970-12-01,-0.14,-0.19,-0.12,-0.714,-0.291,-0.378,-0.307,0.0784,-0.23450421466233576,-0.050290409890923954,-0.006205375446740269,1970
1971-01-01,-0.081,-0.141,-0.02,-0.684,-0.232,-0.166,-0.12,0.075,-0.2406870615519532,0.0499214555874594,-0.04123439403550619,1970
1971-02-01,-0.204,-0.272,-0.15,-0.811,-0.359,-0.347,-0.345,0.0742,-0.24589729111406447,-0.13010580636869196,0.01700309748275644,1970
1971-03-01,-0.253,-0.337,-0.18,-0.792,-0.39,-0.235,-0.26,0.09,-0.2503687300484318,-0.0070517569536756525,-0.13257951299789256,1970
1971-04-01,-0.122,-0.232,-0.07,-0.709,-0.283,-0.151,-0.248,0.0868,-0.25425340761557386,0.013763259954237782,-0.04250985233866389,1970
1971-05-01,-0.065,-0.196,-0.05,-0.633,-0.236,-0.042,-0.212,0.0859,-0.25707320817250057,0.005319324450023329,0.01575388372247724,1970
1971-06-01,-0.116,-0.258,-0.16,-0.713,-0.312,-0.118,-0.292,0.0872,-0.25823575024747736,0.015200407916200129,-0.06896465766872278,1970
1971-07-01,-0.131,-0.182,-0.08,-0.617,-0.252,-0.096,-0.125,0.0823,-0.25747430007261274,0.005596871525036516,-0.00012257145242378087,1970
1971-08-01,-0.128,-0.179,-0.01,-0.636,-0.238,0.035,-0.114,0.0822,-0.25451198181508194,0.007926059676458336,0.008585922138623608,1970
1971-09-01,-0.06,-0.122,-0.05,-0.568,-0.2,-0.1,-0.075,0.0694,-0.24930708328790377,0.038748679719627935,0.010558403568275837,1970
1971-10-01,-0.06,-0.154,-0.04,-0.722,-0.244,-0.08,-0.088,0.0628,-0.2420306992910337,0.019489285574936864,-0.021458586283903125,1970
1971-11-01,-0.099,-0.149,-0.07,-0.707,-0.256,-0.082,-0.12,0.0557,-0.2329062543695877,-0.005338310215158955,-0.017755435415253346,1970
1971-12-01,-0.137,-0.227,-0.08,-0.674,-0.28,0.011,0.032,0.0555,-0.22239575557699004,-0.03804215272978161,-0.019562091693228367,1970
1972-01-01,-0.266,-0.375,-0.23,-0.777,-0.412,-0.18,-0.281,0.0665,-0.21105383974268538,0.0838511975161762,-0.2847973577734908,1970
1972-02-01,-0.234,-0.276,-0.18,-0.783,-0.368,-0.009,-0.317,0.0674,-0.1994639660274853,-0.1649010833355677,-0.003634950636946993,1970
1972-03-01,-0.025,-0.14,0.02,-0.591,-0.184,0.206,-0.111,0.0657,-0.18736536761867598,0.01683464828716697,-0.013469280668490985,1970
1972-04-01,-0.005,-0.125,0.0,-0.596,-0.182,0.101,-0.056,0.0704,-0.17443979356793005,0.002017159932631801,-0.009577366364701745,1970
1972-05-01,-0.003,-0.079,-0.03,-0.568,-0.17,0.066,0.087,0.0752,-0.16066245195487786,0.026602828639735843,-0.035940376684858,1970
1972-06-01,0.097,-0.03,0.04,-0.471,-0.091,0.221,0.07,0.087,-0.14573610014851737,0.027311109837024856,0.027424990311492523,1970
1972-07-01,0.004,-0.089,0.01,-0.496,-0.143,0.109,0.035,0.0912,-0.12957176892624458,0.003448254321912277,-0.01687648539566769,1970
1972-08-01,0.15,0.067,0.16,-0.38,-0.001,0.237,0.197,0.1126,-0.11267907086155947,0.008742425569041402,0.10293664529251806,1970
1972-09-01,0.05,-0.049,0.02,-0.514,-0.123,0.077,0.071,0.1154,-0.09609249163213011,0.007680327549237785,-0.034587835917107665,1970
1972-10-01,0.073,-0.052,0.08,-0.505,-0.101,0.143,0.051,0.1183,-0.08127944875493712,-0.0009619698240346303,-0.018758581421028264,1970
1972-11-01,-0.017,-0.048,0.02,-0.581,-0.156,0.1,-0.048,0.117,-0.06929341348058815,-0.03698730054900996,-0.049719285970401886,1970
1972-12-01,0.227,0.114,0.18,-0.371,0.038,0.318,0.226,0.1287,-0.06013836653382902,-0.04908647973905019,0.1472248462728792,1970
1973-01-01,0.233,0.104,0.29,-0.327,0.075,0.487,0.279,0.1176,-0.0531528333807086,0.08126955464287158,0.046883278737837014,1970
1973-02-01,0.249,0.162,0.32,-0.333,0.1,0.468,0.133,0.1036,-0.047936259671525185,-0.07398826392993332,0.2219245236014585,1970
1973-03-01,0.174,0.119,0.29,-0.4,0.046,0.23,0.428,0.1035,-0.04436186083671325,0.04591351745372536,0.04444834338298789,1970
1973-04-01,0.245,0.196,0.27,-0.32,0.098,0.28,0.353,0.1048,-0.0420495498297251,-0.006444632828736238,0.14649418265846134,1970
1973-05-01,0.228,0.111,0.23,-0.357,0.053,0.223,0.277,0.0984,-0.0409970973409034,0.040542339111475555,0.05345475822942784,1970
1973-06-01,0.234,0.107,0.19,-0.331,0.05,0.141,0.199,0.0972,-0.042108116707702294,0.038120731135232996,0.0539873855724693,1970
1973-07-01,0.126,0.02,0.12,-0.44,-0.044,0.099,0.02,0.0882,-0.04733629570273285,-0.0007171638692877514,0.004053459572020607,1970
1973-08-01,0.059,-0.021,0.05,-0.514,-0.107,-0.106,-0.16,0.0938,-0.05911401536951724,-0.021852927678681452,-0.026033056951801303,1970
1973-09-01,0.044,-0.032,0.09,-0.52,-0.105,0.018,-0.111,0.0919,-0.0764698839982874,-0.015013471309115414,-0.013516644692597182,1970
1973-10-01,0.067,0.015,0.1,-0.533,-0.088,0.013,-0.071,0.0907,-0.09544743497774229,-0.017879673743253017,0.025327108720995306,1970
1973-11-01,0.027,-0.023,0.04,-0.584,-0.135,0.021,-0.092,0.0876,-0.11362474360128516,-0.06246001200602143,0.04108475560730658,1970
1973-12-01,-0.014,-0.127,-0.07,-0.595,-0.202,-0.24,-0.059,0.1037,-0.12979108299982808,-0.058772106458284,-0.013436810541887917,1970
1974-01-01,-0.179,-0.281,-0.1,-0.696,-0.314,-0.389,-0.051,0.1286,-0.1432983997048152,0.0787013615701395,-0.24940296186532432,1970
1974-02-01,-0.323,-0.443,-0.27,-0.897,-0.483,-0.583,-0.187,0.1689,-0.15436865702231883,-0.0375397312462521,-0.29109161173142906,1970
1974-03-01,-0.153,-0.236,-0.05,-0.73,-0.292,-0.338,0.155,0.1701,-0.163868592027427,0.07356983195836517,-0.2017012399309381,1970
1974-04-01,-0.13,-0.198,-0.11,-0.677,-0.279,-0.377,0.22,0.1584,-0.172665374243547,0.001229786441852094,-0.10756441219830515,1970
1974-05-01,-0.062,-0.128,-0.04,-0.565,-0.199,-0.252,0.228,0.1432,-0.18134078561413358,0.07713389249130237,-0.0947931068771688,1970
1974-06-01,-0.011,-0.112,-0.05,-0.578,-0.188,-0.238,0.034,0.1231,-0.19028453360848235,0.03160466795521493,-0.029320134346732585,1970
1974-07-01,-0.056,-0.132,-0.03,-0.556,-0.194,-0.15,0.049,0.1126,-0.19869627241014942,0.0029746413478704964,0.0017216310622789055,1970
1974-08-01,0.13,0.027,0.1,-0.475,-0.054,0.053,0.313,0.1182,-0.20374634733906274,-0.06210183194530605,0.2118481792843688,1970
1974-09-01,-0.053,-0.087,-0.08,-0.64,-0.215,-0.11,0.261,0.1134,-0.20260158719817967,-0.01809077240672722,0.0056923596049068825,1970
1974-10-01,-0.061,-0.108,-0.06,-0.642,-0.218,-0.13,0.217,0.1055,-0.19635373324419422,-0.031775298628015175,0.010129031872209399,1970
1974-11-01,-0.104,-0.119,-0.08,-0.702,-0.251,-0.116,0.156,0.1011,-0.18896862768172396,-0.07997739473387679,0.017946022415600726,1970
1974-12-01,-0.109,-0.207,-0.08,-0.704,-0.275,-0.073,0.179,0.1008,-0.18300337990257412,-0.06788490152314891,-0.02411171857427699,1970
1975-01-01,-0.014,-0.09,0.1,-0.585,-0.147,0.167,0.107,0.1022,-0.17911450170028193,0.04765910974708399,-0.01554460804680205,1970
1975-02-01,0.063,-0.018,0.08,-0.561,-0.109,0.374,0.245,0.0714,-0.17756406535807123,0.04166482987493549,0.026899235483135747,1970
1975-03-01,0.075,-0.005,0.12,-0.533,-0.086,0.206,0.26,0.0725,-0.1784350282857959,0.07354668073398893,0.01888834755180699,1970
1975-04-01,0.06,-0.045,0.04,-0.56,-0.126,0.153,0.253,0.0676,-0.1814964149721999,-0.0005875874491778131,0.056084002421377704,1970
1975-05-01,0.138,0.057,0.16,-0.463,-0.027,0.172,0.249,0.0787,-0.18632577746563667,0.10728049969379927,0.0520452777718374,1970
1975-06-01,0.02,-0.056,-0.01,-0.523,-0.142,0.046,0.127,0.0782,-0.1924449051191255,0.005936403123675863,0.044508501995449645,1970
1975-07-01,-0.008,-0.1,-0.01,-0.561,-0.17,0.024,0.132,0.0773,-0.19966989193074988,0.01242469737768755,0.01724519455306231,1970
1975-08-01,-0.163,-0.228,-0.17,-0.707,-0.317,-0.263,-0.087,0.0841,-0.20819751871289996,-0.08122947753518213,-0.02757300375191793,1970
1975-09-01,-0.055,-0.135,-0.02,-0.596,-0.201,0.014,0.119,0.0836,-0.21766718836118706,-0.02142065711521108,0.038087845476398124,1970
1975-10-01,-0.11,-0.148,-0.11,-0.76,-0.282,-0.064,-0.099,0.0887,-0.2268469889325896,-0.047943535008920575,-0.0072094760584898165,1970
1975-11-01,-0.233,-0.257,-0.17,-0.782,-0.361,-0.11,-0.142,0.1017,-0.2343825296628843,-0.08149020968308142,-0.045127260654034274,1970
1975-12-01,-0.119,-0.245,-0.17,-0.721,-0.314,-0.039,-0.095,0.1053,-0.2397515228936427,-0.054781505341096895,-0.01946697176526041,1970
1976-01-01,-0.085,-0.165,-0.03,-0.641,-0.23,-0.083,0.12,0.1049,-0.2434554577702503,0.034924179241607504,-0.0214687214713572,1970
1976-02-01,-0.161,-0.226,-0.06,-0.719,-0.292,-0.183,-0.054,0.1042,-0.24506737418468005,0.028659618238383207,-0.07559224405370313,1970
1976-03-01,-0.292,-0.332,-0.21,-0.837,-0.418,-0.332,-0.194,0.1115,-0.24334987396896524,0.06487077215967245,-0.2395208981907072,1970
1976-04-01,-0.122,-0.18,-0.07,-0.649,-0.255,-0.129,0.014,0.1055,-0.2374284824480354,0.023140492083494734,-0.04071200963545932,1970
1976-05-01,-0.254,-0.355,-0.2,-0.754,-0.391,-0.364,-0.114,0.0859,-0.22736242250966351,0.11428655187912155,-0.277924129369458,1970
1976-06-01,-0.097,-0.231,-0.12,-0.641,-0.272,-0.13,-0.115,0.0741,-0.2141372763622661,-0.012402301644841806,-0.04546042199289213,1970
1976-07-01,-0.024,-0.168,-0.1,-0.557,-0.212,-0.042,-0.14,0.0686,-0.19861257882637995,0.022514519185922382,-0.03590194035954242,1970
1976-08-01,-0.094,-0.238,-0.12,-0.643,-0.274,0.043,-0.064,0.0685,-0.1809725809375937,-0.0549959002687659,-0.038031518793640445,1970
1976-09-01,-0.025,-0.148,-0.06,-0.589,-0.206,-0.005,-0.022,0.0679,-0.1610636623559764,-0.028763143445135284,-0.016173194198888297,1970
1976-10-01,-0.21,-0.33,-0.24,-0.831,-0.403,-0.121,-0.077,0.0749,-0.1386637810795367,-0.06108463024497977,-0.20325158867548354,1970
1976-11-01,-0.068,-0.132,-0.06,-0.686,-0.237,0.124,-0.039,0.0746,-0.11422734230330582,-0.054953168657568774,-0.0678194890391254,1970
1976-12-01,0.123,-0.025,0.11,-0.471,-0.066,0.248,0.138,0.0985,-0.09007041814536736,-0.040969780026750835,0.06504019817211819,1970
1977-01-01,0.234,0.155,0.18,-0.406,0.041,0.271,0.326,0.1336,-0.06847065041985011,0.02398566401515506,0.08548498640469504,1970
1977-02-01,0.19,0.109,0.23,-0.468,0.015,0.307,0.425,0.1526,-0.049898663073099925,0.020613713951344842,0.04428494912175508,1970
1977-03-01,0.156,0.08,0.24,-0.46,0.004,0.422,0.178,0.1523,-0.03445896912482314,0.04759962187453895,-0.00914065274971581,1970
1977-04-01,0.226,0.136,0.26,-0.386,0.059,0.314,0.278,0.1661,-0.022364423770307,0.027748613568687405,0.05361581020161959,1970
1977-05-01,0.311,0.228,0.33,-0.304,0.141,0.532,0.158,0.1703,-0.014231384181501142,0.09539488187024962,0.059836502311251503,1970
1977-06-01,0.324,0.21,0.27,-0.295,0.127,0.399,0.338,0.1762,-0.010367598694458092,-0.033195604101727345,0.17056320279618542,1970
1977-07-01,0.252,0.143,0.2,-0.331,0.066,0.278,0.221,0.1762,-0.010221186431271673,0.012263730141132363,0.06395745629013931,1970
1977-08-01,0.274,0.133,0.18,-0.367,0.055,0.329,0.231,0.1653,-0.012680696561288271,-0.034897959385234434,0.1025786559465227,1970
1977-09-01,0.104,-0.001,0.02,-0.486,-0.091,0.115,0.117,0.1576,-0.016759808994836464,-0.02806801518403829,-0.04617217582112525,1970
1977-10-01,0.125,-0.015,0.03,-0.519,-0.095,0.308,0.003,0.1073,-0.022397754448265094,-0.06567122679217706,-0.006931018759557848,1970
1977-11-01,0.194,0.122,0.16,-0.4,0.019,0.256,0.254,0.0766,-0.029230718959588023,-0.016743029641924995,0.06497374860151302,1970
1977-12-01,0.085,-0.039,0.03,-0.495,-0.105,-0.039,0.109,0.0814,-0.0368858886800246,-0.008495757804751,-0.059618353515224404,1970
1978-01-01,0.066,0.037,0.06,-0.493,-0.082,-0.123,0.324,0.0861,-0.044958054852598676,0.020137224670844528,-0.057179169818245855,1970
1978-02-01,0.133,0.075,0.1,-0.49,-0.045,-0.06,0.301,0.0874,-0.05233709856871046,0.04356424808210647,-0.03622714951339601,1970
1978-03-01,0.126,0.06,0.19,-0.455,-0.02,-0.024,0.036,0.0877,-0.05816915164023281,0.02701474425891194,0.011154407381320862,1970
1978-04-01,0.129,0.053,0.17,-0.49,-0.034,-0.093,0.222,0.0864,-0.062484521695678606,0.020000416025134585,0.008484105670544022,1970
1978-05-01,0.143,0.014,0.09,-0.473,-0.056,-0.197,0.239,0.0738,-0.0655740967724577,0.04053577093030069,-0.030961674157842997,1970
1978-06-01,0.031,-0.054,-0.01,-0.539,-0.143,-0.27,0.075,0.065,-0.06742090413002566,-0.04620856512533747,-0.029370530744636858,1970
1978-07-01,0.144,0.015,0.04,-0.449,-0.062,-0.128,0.221,0.055,-0.06822341617897966,-0.007893707755537402,0.014117123934517063,1970
1978-08-01,-0.134,-0.217,-0.14,-0.649,-0.285,-0.34,-0.06,0.0766,-0.06817722952807162,-0.024872449997540617,-0.19195032047438773,1970
1978-09-01,0.098,0.037,0.06,-0.453,-0.064,0.027,0.255,0.0767,-0.06695004114167503,-0.02897549051508654,0.03192553165676157,1970
1978-10-01,0.036,-0.06,0.03,-0.547,-0.135,-0.04,-0.042,0.0782,-0.06466099442372614,-0.06481550024190824,-0.00552350533436563,1970
1978-11-01,0.145,0.094,0.13,-0.419,-0.012,-0.031,0.238,0.075,-0.061320485081639856,0.012239881608676834,0.03708060347296302,1970
1978-12-01,0.115,0.011,0.08,-0.469,-0.066,0.039,0.217,0.0749,-0.05641114170335776,0.0467702225754051,-0.05635908087204734,1970
1979-01-01,0.114,0.048,0.09,-0.445,-0.048,0.034,0.218,0.0756,-0.04948231881000904,0.026876968947015127,-0.025394650137006078,1970
1979-02-01,-0.102,-0.181,-0.1,-0.682,-0.266,-0.221,0.045,0.0914,-0.04038981161157108,0.06168635412797048,-0.2872965425163994,1970
1979-03-01,0.142,0.063,0.19,-0.503,-0.027,-0.007,0.175,0.0909,-0.029320305211577215,0.02162036022012011,-0.019300055008542896,1970
1979-04-01,0.136,0.074,0.15,-0.555,-0.049,-0.015,-0.016,0.09,-0.016739270421062755,0.005618538264867058,-0.037879267843804305,1970
1979-05-01,0.078,-0.026,0.03,-0.465,-0.096,-0.04,-0.102,0.0889,-0.002981188508592358,-0.005017287746785601,-0.08800152374462204,1970
1979-06-01,0.119,0.046,0.14,-0.401,-0.024,0.119,0.065,0.0908,0.01132613202598794,-0.05362326779529666,0.018297135769308717,1970
1979-07-01,0.06,0.016,0.04,-0.469,-0.088,-0.026,0.099,0.0903,0.025946152451131757,-0.022072033001052326,-0.09187411945007942,1970
1979-08-01,0.166,0.114,0.17,-0.399,0.013,0.298,0.154,0.0731,0.04138432172918636,-0.02629413161785293,-0.0020901901113334273,1970
1979-09-01,0.235,0.171,0.25,-0.334,0.08,0.144,0.178,0.0853,0.05737102577473853,-0.039195645044333885,0.06182461926959536,1970
1979-10-01,0.276,0.143,0.26,-0.346,0.083,0.218,0.153,0.0909,0.07314703322302875,-0.08181778855000639,0.09167075532697765,1970
1979-11-01,0.261,0.205,0.28,-0.331,0.104,0.116,0.162,0.1,0.08767671074100669,0.003995612431730022,0.012327676827263281,1970
1979-12-01,0.5,0.384,0.48,-0.097,0.317,0.383,0.23,0.1409,0.10039401901535226,0.10210450145153656,0.1145014795331112,1970
1980-01-01,0.353,0.249,0.29,-0.27,0.155,0.203,0.221,0.1467,0.11102642100645542,0.07906268163010823,-0.035089102636563646,1980
1980-02-01,0.422,0.355,0.39,-0.213,0.238,0.504,0.25,0.1295,0.11923919294985985,0.06111434802075447,0.05764645902938567,1980
1980-03-01,0.328,0.21,0.29,-0.336,0.123,0.15,0.278,0.1277,0.12497285298534899,0.03502596633450451,-0.03699881931985351,1980
1980-04-01,0.382,0.23,0.3,-0.32,0.148,0.197,0.28,0.1234,0.12867600866962572,-0.022322951756740837,0.04164694308711511,1980
1980-05-01,0.369,0.242,0.35,-0.222,0.185,0.281,0.379,0.1115,0.13130328860366272,-0.03589151724325488,0.08958822863959215,1980
1980-06-01,0.245,0.126,0.2,-0.334,0.059,0.083,0.253,0.1047,0.13384290628831996,-0.05385879995483246,-0.020984106333487504,1980
1980-07-01,0.345,0.202,0.22,-0.289,0.119,0.207,0.275,0.0823,0.13682026889203042,-0.03143112268158918,0.013610853789558758,1980
1980-08-01,0.306,0.161,0.18,-0.342,0.076,0.063,0.349,0.0755,0.13999426563290812,-0.018319175760895094,-0.04567508987201303,1980
1980-09-01,0.231,0.122,0.2,-0.385,0.042,-0.038,0.142,0.079,0.1430671113371896,-0.05986061735140841,-0.04120649398578119,1980
1980-10-01,0.176,0.091,0.13,-0.429,-0.008,-0.091,0.156,0.0885,0.14590051413880148,-0.09379688804251746,-0.06010362609628403,1980
1980-11-01,0.258,0.203,0.29,-0.346,0.101,-0.003,0.275,0.0886,0.14847570379653582,-0.028348163133763826,-0.019127540662772002,1980
1980-12-01,0.202,0.107,0.21,-0.36,0.04,-0.277,0.331,0.0693,0.15047880800111788,0.15012429590902104,-0.2606031039101389,1980
1981-01-01,0.508,0.442,0.53,-0.094,0.346,0.191,0.578,0.0976,0.15193636737816862,0.1335315020700686,0.060532130551762764,1980
1981-02-01,0.382,0.337,0.42,-0.239,0.225,-0.013,0.584,0.0963,0.1530004185316843,0.030087832861941412,0.04191174860637428,1980
1981-03-01,0.415,0.326,0.48,-0.21,0.253,0.13,0.643,0.1035,0.1540623503533353,0.05227767895845032,0.0466599706882144,1980
1981-04-01,0.287,0.193,0.32,-0.312,0.122,-0.026,0.405,0.1034,0.1549766510889874,-0.0426858341613066,0.009709183072319216,1980
1981-05-01,0.238,0.142,0.24,-0.315,0.076,-0.109,0.312,0.103,0.15446713582486452,-0.028918450954619965,-0.04954868487024455,1980
1981-06-01,0.369,0.24,0.29,-0.297,0.151,0.092,0.463,0.1013,0.1512974301229761,-0.05960742852229549,0.05930999839931936,1980
1981-07-01,0.353,0.266,0.32,-0.305,0.159,0.04,0.411,0.1017,0.14428078429186159,-0.029354084770819782,0.04407330047895819,1980
1981-08-01,0.393,0.307,0.35,-0.256,0.198,0.122,0.436,0.1017,0.13345965381603572,0.012966518422737126,0.05157382776122715,1980
1981-09-01,0.234,0.137,0.14,-0.4,0.028,-0.014,0.228,0.103,0.12021896176340147,-0.07380489738704935,-0.018414064376352124,1980
1981-10-01,0.192,0.052,0.12,-0.383,-0.005,0.003,0.239,0.1026,0.10639742115247337,-0.10490210077646134,-0.00649532037601204,1980
1981-11-01,0.215,0.159,0.23,-0.364,0.06,-0.041,0.316,0.1047,0.09286489352940352,-0.056401191799986615,0.023536298270583095,1980
1981-12-01,0.468,0.362,0.41,-0.159,0.27,0.23,0.55,0.1062,0.07999891169345309,0.17152851750102882,0.018472570805518104,1980
1982-01-01,0.081,-0.033,0.05,-0.526,-0.107,-0.453,0.305,0.1132,0.0683317819334855,0.15247326206667783,-0.3278050440001633,1980
1982-02-01,0.118,0.063,0.15,-0.472,-0.035,-0.26,0.333,0.1159,0.058119416333700366,-0.028571116573582217,-0.06454829976011815,1980
1982-03-01,-0.071,-0.14,0.03,-0.635,-0.204,-0.457,-0.02,0.1339,0.04968107821942872,0.06361755284191807,-0.3172986310613468,1980
1982-04-01,0.047,0.02,0.15,-0.49,-0.068,-0.19,0.114,0.137,0.04312527901618074,-0.05655845795443477,-0.05456682106174598,1980
1982-05-01,0.159,0.087,0.18,-0.409,0.004,-0.072,0.174,0.137,0.03836984407650734,-0.0008181908532338637,-0.03355165322327348,1980
1982-06-01,0.132,-0.004,0.05,-0.494,-0.079,-0.23,0.012,0.1358,0.03581024306719888,-0.059397489390564225,-0.05541275367663465,1980
1982-07-01,0.186,0.073,0.14,-0.377,0.006,-0.153,0.149,0.1284,0.03594768117426889,-0.030788959799137292,0.0008412786248684009,1980
1982-08-01,0.086,-0.048,0.03,-0.497,-0.107,-0.305,-0.106,0.1165,0.03937345842458145,0.041312328490456025,-0.18768578691503748,1980
1982-09-01,0.153,0.012,0.14,-0.44,-0.034,-0.062,0.089,0.1156,0.04638886989165909,-0.034013890266643955,-0.04637497962501514,1980
1982-10-01,0.175,0.039,0.13,-0.459,-0.029,-0.024,0.072,0.1154,0.05584025387864586,-0.08632232340869483,0.0014820695300489795,1980
1982-11-01,0.107,0.027,0.18,-0.48,-0.041,-0.101,0.115,0.1121,0.06599109071991478,-0.063231972678121,-0.04375911804179378,1980
1982-12-01,0.396,0.276,0.43,-0.169,0.233,-0.037,0.195,0.1031,0.07584821079330921,0.10222865652136652,0.0549231326853243,1980
1983-01-01,0.43,0.358,0.53,-0.141,0.294,0.401,0.219,0.1379,0.08519943364025916,0.15077760821868408,0.05802295814105675,1980
1983-02-01,0.398,0.333,0.43,-0.199,0.24,0.275,0.14,0.1544,0.09393813426610668,-0.07081481653723057,0.21687668227112383,1980
1983-03-01,0.336,0.245,0.41,-0.271,0.18,0.384,0.134,0.1436,0.10107344139899947,0.0652192992829695,0.013707259318031018,1980
1983-04-01,0.275,0.173,0.28,-0.38,0.087,0.155,-0.011,0.1389,0.10531774580811179,-0.06437579082521014,0.04605804501709834,1980
1983-05-01,0.372,0.219,0.34,-0.236,0.174,0.17,0.121,0.141,0.10599094175121936,0.04200478807624447,0.026004270172536162,1980
1983-06-01,0.281,0.163,0.22,-0.322,0.086,0.165,0.036,0.1322,0.10339091152592302,-0.056133473124452674,0.038742561598529665,1980
1983-07-01,0.202,0.11,0.18,-0.38,0.028,0.022,0.072,0.1311,0.09818804428984503,-0.04037432182606627,-0.029813722463778752,1980
1983-08-01,0.356,0.28,0.35,-0.253,0.183,0.29,0.29,0.1169,0.09074957543753864,0.0580132344753605,0.034237190087100855,1980
1983-09-01,0.394,0.323,0.37,-0.22,0.217,0.251,0.322,0.1097,0.08135698958537545,0.003975506560025599,0.13166750385459897,1980
1983-10-01,0.187,0.111,0.17,-0.395,0.018,0.047,0.106,0.1039,0.07090375223401289,-0.054700422627028594,0.0017966703930157035,1980
1983-11-01,0.284,0.242,0.3,-0.277,0.137,0.178,0.272,0.0868,0.060341363936916956,-0.07598793607664658,0.15264657213972965,1980
1983-12-01,0.198,0.092,0.16,-0.369,0.02,-0.213,0.222,0.0913,0.05017774732114791,0.029521799550789915,-0.05969954687193782,1980
1984-01-01,0.225,0.152,0.31,-0.335,0.088,-0.206,0.402,0.0779,0.04035716399028579,0.12116050648649634,-0.07351767047678215,1980
1984-02-01,0.101,0.024,0.14,-0.464,-0.05,-0.29,0.433,0.0826,0.030484667223434216,-0.06476117693841611,-0.015723490285018106,1980
1984-03-01,0.233,0.144,0.26,-0.397,0.06,-0.12,0.352,0.0789,0.020536936676007898,0.048191688446386695,-0.008728625122394595,1980
1984-04-01,0.118,0.009,0.06,-0.513,-0.082,-0.169,0.197,0.0928,0.010854194992523682,-0.04390876801192231,-0.04894542698060138,1980
1984-05-01,0.341,0.212,0.33,-0.247,0.159,-0.015,0.358,0.0914,0.0017844859247310347,0.07219338018022911,0.08502213389503986,1980
1984-06-01,0.068,-0.039,0.02,-0.486,-0.109,-0.195,0.079,0.105,-0.0062810330502399035,-0.03726864001735705,-0.06545032693240305,1980
1984-07-01,0.092,0.021,0.19,-0.416,-0.028,-0.056,0.166,0.1076,-0.013160968191158686,-0.05390133743997296,0.039062305631131646,1980
1984-08-01,0.197,0.091,0.19,-0.399,0.02,-0.163,0.074,0.0994,-0.01905930810054368,0.05195610183629005,-0.01289679373574637,1980
1984-09-01,0.216,0.124,0.21,-0.385,0.041,-0.176,0.256,0.0819,-0.023943309793695654,0.023315356374691083,0.041627953419004576,1980
1984-10-01,0.142,0.036,0.13,-0.47,-0.04,-0.058,0.178,0.0839,-0.027984686865492877,-0.039135735279742116,0.027120422145234992,1980
1984-11-01,0.016,-0.061,0.06,-0.557,-0.136,-0.273,0.115,0.0857,-0.03138915878115358,-0.08210760113720474,-0.022503240081641694,1980
1984-12-01,-0.048,-0.162,-0.04,-0.591,-0.21,-0.23,0.065,0.1035,-0.034229369128842474,-0.01889460066412042,-0.1568760302070371,1980
1985-01-01,0.239,0.112,0.22,-0.34,0.058,-0.03,0.205,0.1009,-0.036417205388043376,0.08289133597831178,0.011525869409731604,1980
1985-02-01,-0.042,-0.104,-0.04,-0.611,-0.199,-0.149,-0.09,0.1126,-0.03791564317368266,0.001335154995088113,-0.16241951182140546,1980
1985-03-01,0.117,0.038,0.17,-0.46,-0.034,-0.094,0.052,0.1083,-0.038681052170733414,0.02923377649186375,-0.024552724321130336,1980
1985-04-01,0.1,-0.001,0.12,-0.505,-0.072,0.01,0.054,0.108,-0.038676952137696854,-0.021104517340271592,-0.012218530522031548,1980
1985-05-01,0.156,0.062,0.14,-0.4,-0.011,-0.17,0.016,0.088,-0.03770105961544393,0.07670650055512522,-0.05000544093968129,1980
1985-06-01,0.167,0.118,0.15,-0.402,0.008,0.117,0.15,0.0885,-0.03490967018018237,-0.020322295344190052,0.06323196552437242,1980
1985-07-01,0.029,-0.027,0.04,-0.543,-0.125,-0.097,0.045,0.0907,-0.029702442815263477,-0.049519318448480155,-0.045778238736256374,1980
1985-08-01,0.187,0.139,0.16,-0.421,0.016,-0.004,0.333,0.0904,-0.022164829768333536,0.02330646815642795,0.014858361611905586,1980
1985-09-01,0.112,0.115,0.13,-0.446,-0.022,-0.063,0.179,0.0858,-0.013552998311759277,0.007025490019744096,-0.01547249170798482,1980
1985-10-01,0.147,0.035,0.12,-0.48,-0.044,-0.004,0.238,0.0857,-0.005404471196265609,-0.03323828997387689,-0.0053572388298574955,1980
1985-11-01,0.052,0.012,0.05,-0.527,-0.103,0.033,0.258,0.0837,0.0014135692427480126,-0.09312452926536188,-0.011289039977386124,1980
1985-12-01,0.177,0.052,0.14,-0.417,-0.012,0.198,0.302,0.0702,0.006664993901465397,-0.040779185958199064,0.022114192056733668,1980
1986-01-01,0.192,0.113,0.26,-0.361,0.051,-0.007,0.281,0.0693,0.010450340376732823,0.07777104973820033,-0.03722139011493315,1980
1986-02-01,0.384,0.303,0.37,-0.251,0.201,0.4,0.493,0.0835,0.013343622326780907,0.05560063793977567,0.13205573973344345,1980
1986-03-01,0.211,0.131,0.3,-0.351,0.073,0.107,0.491,0.0867,0.015806467074265872,0.012448725216680882,0.044744807709053244,1980
1986-04-01,0.36,0.127,0.22,-0.382,0.081,0.153,0.336,0.0869,0.01833278832955328,-0.004935058696432877,0.0676022703668796,1980
1986-05-01,0.461,0.138,0.21,-0.332,0.119,0.13,0.51,0.0921,0.021312430044597083,0.04918880627817679,0.04849876367722612,1980
1986-06-01,0.131,0.037,0.12,-0.407,-0.03,-0.038,0.242,0.0932,0.024229347714041335,0.005688598746860613,-0.05991794646090194,1980
1986-07-01,0.131,0.038,0.11,-0.404,-0.031,0.094,0.181,0.0836,0.026763821416796396,-0.037176510767934386,-0.02058731064886201,1980
1986-08-01,0.184,0.088,0.15,-0.396,0.007,-0.009,0.281,0.0837,0.028848687879809265,0.00012856019007613192,-0.021977248069885397,1980
1986-09-01,0.109,0.021,0.03,-0.472,-0.078,-0.056,0.128,0.088,0.031032885154479307,-0.013413385568449353,-0.09561949958602994,1980
1986-10-01,0.171,0.05,0.15,-0.444,-0.018,0.026,0.385,0.0866,0.03408461279927585,-0.03381014212433082,-0.018274470674945028,1980
1986-11-01,0.109,0.036,0.1,-0.467,-0.056,0.047,0.181,0.0814,0.03891944259015481,-0.11576553370575966,0.02084609111560485,1980
1986-12-01,0.17,0.026,0.13,-0.403,-0.019,-0.007,0.047,0.0817,0.046244033516813124,-0.023338467476734872,-0.04190556604007825,1980
1987-01-01,0.3,0.213,0.32,-0.279,0.138,0.087,0.097,0.0878,0.05619231419503303,0.09002131242442718,-0.0082136266194602,1980
1987-02-01,0.38,0.313,0.43,-0.269,0.214,0.013,0.199,0.0901,0.06850670275326363,0.09363957224230042,0.05185372500443594,1980
1987-03-01,0.15,0.098,0.18,-0.465,-0.009,-0.082,-0.013,0.09,0.082851728065342,0.007488902238693583,-0.09934063030403557,1980
1987-04-01,0.232,0.185,0.24,-0.36,0.074,-0.007,0.015,0.0896,0.09847344022291615,0.003882970059691371,-0.028356410282607533,1980
1987-05-01,0.242,0.162,0.25,-0.289,0.091,-0.028,-0.05,0.0873,0.1143647499456616,0.02749132172524913,-0.05085607167091073,1980
1987-06-01,0.396,0.26,0.35,-0.244,0.19,0.22,0.063,0.0975,0.13017561354150714,0.012638146425166714,0.04718624003332614,1980
1987-07-01,0.478,0.343,0.4,-0.117,0.276,0.307,0.21,0.1153,0.14554933370287323,-0.02227863272985304,0.15272929902697982,1980
1987-08-01,0.336,0.208,0.24,-0.301,0.121,0.114,0.066,0.1146,0.1601673048187226,-0.005282138581317188,-0.03388516623740542,1980
1987-09-01,0.37,0.259,0.35,-0.221,0.19,0.268,0.281,0.1075,0.1739699930384461,-0.01165791407678854,0.027687921038342445,1980
1987-10-01,0.318,0.267,0.33,-0.286,0.157,0.175,0.252,0.1019,0.18655639843274516,-0.025294813143819747,-0.0042615852889254235,1980
1987-11-01,0.225,0.183,0.29,-0.367,0.083,0.139,0.064,0.0877,0.1974733638317215,-0.13705602919200113,0.022582665360279613,1980
1987-12-01,0.485,0.366,0.46,-0.163,0.287,0.306,0.392,0.0863,0.20643919034682437,-0.00836541199217146,0.08892622164534705,1980
1988-01-01,0.49,0.453,0.56,-0.101,0.351,0.213,0.433,0.1036,0.21300437258556448,0.08485352843843041,0.05314209897600508,1980
1988-02-01,0.363,0.327,0.44,-0.198,0.233,0.019,0.278,0.1045,0.21640564884142197,0.05642570615484053,-0.039831354996262475,1980
1988-03-01,0.413,0.381,0.51,-0.173,0.283,0.292,0.303,0.0922,0.21652051121676977,-0.0008891445273706614,0.06736863331060086,1980
1988-04-01,0.432,0.322,0.42,-0.209,0.241,0.167,0.275,0.0846,0.2139391756129129,0.004564055749796684,0.022496768637290415,1980
1988-05-01,0.407,0.314,0.44,-0.15,0.253,0.162,0.309,0.0767,0.2090884181580537,0.027074436178715435,0.016837145663230857,1980
1988-06-01,0.431,0.329,0.4,-0.163,0.249,0.059,0.392,0.0764,0.2021133157503334,0.00549076350974185,0.04139592073992476,1980
1988-07-01,0.346,0.252,0.33,-0.231,0.174,-0.102,0.236,0.0761,0.1929301847082836,0.008559465076534363,-0.027489649784817966,1980
1988-08-01,0.427,0.254,0.39,-0.203,0.217,0.096,0.502,0.0697,0.18187205481721053,-0.005362934596200587,0.04049087977899005,1980
1988-09-01,0.388,0.253,0.37,-0.246,0.191,0.001,0.255,0.0696,0.1694793492242753,0.0008366743597285388,0.020683976415996175,1980
1988-10-01,0.354,0.252,0.37,-0.278,0.174,0.017,0.309,0.0683,0.15714117131921365,-0.010398037148747884,0.02725686582953421,1980
1988-11-01,0.107,0.024,0.12,-0.474,-0.056,-0.139,-0.044,0.0997,0.14649719524866278,-0.14667841608719026,-0.055818779161472515,1980
1988-12-01,0.277,0.171,0.29,-0.32,0.104,-0.183,0.17,0.1019,0.1384145839400907,0.006237427013374163,-0.04065201095346488,1980
1989-01-01,0.021,-0.031,0.12,-0.522,-0.103,-0.454,-0.055,0.1232,0.13268257115322826,0.06255236420471955,-0.29823493535794776,1980
1989-02-01,0.3,0.234,0.29,-0.339,0.121,-0.112,0.387,0.1217,0.12875736355610962,0.021337482362836984,-0.029094845918946607,1980
1989-03-01,0.247,0.181,0.36,-0.363,0.106,-0.177,0.133,0.1152,0.12627851223289804,-0.016057925203445126,-0.004220587029452924,1980
1989-04-01,0.271,0.145,0.29,-0.366,0.085,-0.156,0.134,0.1114,0.12501616233948357,0.03157139898872842,-0.07158756132821198,1980
1989-05-01,0.112,0.034,0.17,-0.411,-0.024,-0.277,0.072,0.1115,0.1249199737618182,0.03160610370177628,-0.18052607746359448,1980
1989-06-01,0.181,0.093,0.15,-0.396,0.007,-0.242,0.031,0.1043,0.12634440614215617,0.007490819733446405,-0.1268352258756026,1980
1989-07-01,0.327,0.259,0.34,-0.291,0.159,-0.015,0.247,0.1032,0.13030739612485068,0.027186215137196924,0.001506388737952391,1980
1989-08-01,0.323,0.25,0.33,-0.294,0.152,-0.065,0.139,0.097,0.13730736402053967,-0.004521341745850954,0.019213977725311276,1980
1989-09-01,0.341,0.293,0.34,-0.246,0.182,-0.009,0.102,0.0961,0.14677835284964685,-0.010915298373466425,0.046136945523819556,1980
1989-10-01,0.335,0.254,0.29,-0.306,0.143,-0.031,0.06,0.0936,0.15746208476221657,-0.004189815044639859,-0.01027226971757672,1980
1989-11-01,0.172,0.109,0.2,-0.457,0.006,0.062,-0.098,0.0873,0.168052908540956,-0.12953367948439967,-0.032519229056556326,1980
1989-12-01,0.416,0.279,0.37,-0.196,0.217,0.113,-0.1,0.096,0.17770015982188164,-0.0007104949734804671,0.040010335151598825,1980
1990-01-01,0.381,0.28,0.41,-0.248,0.206,0.309,0.051,0.0804,0.18654866589082555,0.03897991611145449,-0.019528582002280054,1990
1990-02-01,0.369,0.273,0.43,-0.268,0.201,0.08,-0.037,0.0843,0.19477305813361456,0.022010033261621827,-0.01578309139523637,1990
1990-03-01,0.699,0.628,0.8,0.029,0.539,0.433,0.416,0.1471,0.20222427983326763,-0.014443123720035787,0.35121884388676816,1990
1990-04-01,0.582,0.49,0.56,-0.065,0.392,0.307,0.244,0.1597,0.20882104838500554,0.0430743022346536,0.1401046493803409,1990
1990-05-01,0.511,0.401,0.45,-0.112,0.312,0.336,0.127,0.1495,0.2146327469315578,0.031108110388110146,0.06625914268033209,1990
1990-06-01,0.403,0.311,0.37,-0.226,0.215,0.208,0.156,0.1353,0.2197732178584539,0.011219978704029115,-0.01599319656248302,1990
1990-07-01,0.476,0.374,0.46,-0.186,0.281,0.122,0.162,0.1343,0.224382120667914,0.043855464201070456,0.012762415131015586,1990
1990-08-01,0.358,0.274,0.34,-0.262,0.178,0.026,0.102,0.133,0.22822598812130462,-0.01705229109967839,-0.03317369702162623,1990
1990-09-01,0.314,0.213,0.23,-0.292,0.116,-0.066,0.074,0.1369,0.23114338934547168,-0.033563851878572803,-0.08157953746689889,1990
1990-10-01,0.464,0.38,0.44,-0.211,0.268,0.125,0.276,0.1341,0.23344965371955148,-0.024919421754450496,0.059469768034899034,1990
1990-11-01,0.419,0.353,0.46,-0.233,0.25,0.244,0.149,0.1112,0.2359262584278322,-0.1145537714836369,0.1286275130558047,1990
1990-12-01,0.419,0.283,0.4,-0.199,0.226,0.009,0.186,0.1109,0.23904700298797543,-0.011688052874921005,-0.0013589501130544246,1990
1991-01-01,0.399,0.297,0.42,-0.211,0.226,0.02,-0.12,0.1101,0.2426208424798327,0.035312154588507554,-0.05193299706834026,1990
1991-02-01,0.481,0.4,0.49,-0.167,0.301,0.1,0.076,0.1084,0.24600447314514695,0.05155365840916842,0.003441868445684615,1990
1991-03-01,0.329,0.241,0.35,-0.307,0.153,-0.386,-0.1,0.0752,0.24848235609606376,0.006806097420162879,-0.10228845351622665,1990
1991-04-01,0.525,0.432,0.51,-0.123,0.336,-0.056,0.214,0.0664,0.24958037662784352,0.052047877403583534,0.03437174596857298,1990
1991-05-01,0.422,0.308,0.34,-0.171,0.225,-0.087,0.149,0.0622,0.248907008608893,0.03299519152404714,-0.056902200132940145,1990
1991-06-01,0.56,0.429,0.53,-0.059,0.365,0.15,0.214,0.0728,0.24655039441491436,0.0265722933208663,0.09187731226421933,1990
1991-07-01,0.528,0.463,0.47,-0.099,0.34,0.059,0.181,0.0774,0.24239764826607077,0.034137903564220196,0.06346444816970906,1990
1991-08-01,0.469,0.361,0.39,-0.193,0.257,0.079,0.059,0.0742,0.23662799377021587,-0.04538025897968729,0.06575226520947142,1990
1991-09-01,0.436,0.347,0.44,-0.182,0.26,0.144,0.232,0.0599,0.22943624321114678,-0.07160041241931951,0.10216416920817276,1990
1991-10-01,0.366,0.245,0.29,-0.283,0.155,-0.113,0.16,0.0681,0.22032330517971363,-0.04459830567662877,-0.020724999503084846,1990
1991-11-01,0.318,0.249,0.29,-0.328,0.132,-0.118,0.072,0.0772,0.2081784077429371,-0.11052279816006658,0.03434439041712947,1990
1991-12-01,0.365,0.233,0.31,-0.317,0.148,-0.078,-0.122,0.0823,0.19243864776445693,-0.02331970627779729,-0.02111894148665966,1990
1992-01-01,0.471,0.357,0.47,-0.167,0.283,0.057,0.39,0.083,0.1732222622822139,0.05799298078285766,0.0517847569349284,1990
1992-02-01,0.412,0.343,0.4,-0.215,0.235,-0.066,0.27,0.0812,0.15161982085882786,0.09304303815048091,-0.0096628590093088,1990
1992-03-01,0.425,0.305,0.48,-0.203,0.252,0.099,0.456,0.0764,0.12996804004150977,0.029802465228877233,0.092229494729613,1990
1992-04-01,0.286,0.156,0.27,-0.362,0.088,-0.248,0.156,0.0839,0.1106469829558661,0.04817729455548963,-0.07082427751135573,1990
1992-05-01,0.3,0.164,0.31,-0.264,0.128,-0.097,0.124,0.0888,0.0948019264504497,0.02320506260563437,0.009993010943915928,1990
1992-06-01,0.304,0.152,0.26,-0.313,0.101,-0.264,0.18,0.0821,0.0822900950185994,0.04500193206304317,-0.026292027081642556,1990
1992-07-01,0.155,0.003,0.09,-0.449,-0.05,-0.39,-0.056,0.0968,0.0723849496675022,0.0161975815817993,-0.1385825312493015,1990
1992-08-01,0.133,0.035,0.08,-0.472,-0.056,-0.313,0.051,0.1111,0.06434169299688831,-0.06725285537756577,-0.053088837619322544,1990
1992-09-01,0.003,-0.096,-0.01,-0.566,-0.167,-0.427,-0.133,0.1348,0.05767334090580974,-0.08154020679179393,-0.14313313411401582,1990
1992-10-01,0.09,-0.029,0.07,-0.536,-0.101,-0.256,-0.072,0.1459,0.05258464876787527,-0.04490061857287931,-0.10868403019499596,1990
1992-11-01,0.019,-0.04,0.03,-0.551,-0.136,-0.268,-0.095,0.1577,0.049340166202555845,-0.11613365899438911,-0.06920650720816673,1990
1992-12-01,0.218,0.09,0.21,-0.406,0.028,-0.12,-0.205,0.1554,0.04833199748391969,-0.0399531648111259,0.01962116732720621,1990
1993-01-01,0.357,0.257,0.34,-0.272,0.17,-0.113,-0.124,0.143,0.04971643249510169,0.061542772748525584,0.05874079475637274,1990
1993-02-01,0.395,0.274,0.37,-0.258,0.195,-0.04,-0.045,0.1384,0.053217960741765206,0.14942858418735736,-0.007646544929122555,1990
1993-03-01,0.322,0.233,0.36,-0.313,0.151,-0.101,-0.029,0.1268,0.05817224121701585,0.04778746696098716,0.045040291821996994,1990
1993-04-01,0.297,0.191,0.28,-0.334,0.108,0.02,0.021,0.1277,0.0637302637798416,0.035762642846974314,0.008507093373184074,1990
1993-05-01,0.294,0.191,0.28,-0.304,0.115,-0.013,-0.059,0.1269,0.06860203706897369,0.004492303144793265,0.04190565978623305,1990
1993-06-01,0.321,0.161,0.23,-0.306,0.102,0.001,0.016,0.127,0.07212298509892451,0.04692498949398897,-0.017047974592913483,1990
1993-07-01,0.283,0.156,0.25,-0.342,0.087,0.137,0.059,0.1253,0.07483627974407439,-0.00563718014025264,0.017800900396178237,1990
1993-08-01,0.219,0.078,0.11,-0.404,0.001,0.057,-0.182,0.1223,0.07781905605647045,-0.07328214798815413,-0.003536908068316316,1990
1993-09-01,0.171,0.041,0.11,-0.422,-0.025,0.142,-0.242,0.1055,0.0818705037761177,-0.08563520279528146,-0.021235300980836237,1990
1993-10-01,0.274,0.148,0.24,-0.353,0.077,0.178,0.059,0.0929,0.08689464568681886,-0.025300698576797818,0.015406052889978955,1990
1993-11-01,0.109,0.06,0.03,-0.521,-0.081,0.055,-0.218,0.0824,0.09261527326151668,-0.09129975586337431,-0.08231551739814237,1990
1993-12-01,0.214,0.143,0.18,-0.377,0.04,0.012,0.02,0.0818,0.09922175063246538,-0.05378950973412744,-0.005432240898337937,1990
1994-01-01,0.244,0.192,0.26,-0.368,0.082,-0.088,-0.006,0.0767,0.10703597433131314,0.037931534492490884,-0.06296750882380402,1990
1994-02-01,0.061,0.002,0.02,-0.594,-0.128,-0.323,-0.078,0.0854,0.11645747505799518,0.17468713516621837,-0.41914461022421357,1990
1994-03-01,0.305,0.234,0.29,-0.357,0.118,-0.033,0.058,0.0821,0.12753914095063348,0.029194997967239802,-0.03873413891787329,1990
1994-04-01,0.382,0.246,0.41,-0.255,0.196,0.088,0.278,0.0919,0.14038733539034387,0.03041725100397363,0.025195413605682504,1990
1994-05-01,0.317,0.198,0.28,-0.25,0.136,0.021,-0.023,0.0935,0.15502709044323737,-0.02661376869779153,0.007586678254554169,1990
1994-06-01,0.444,0.312,0.43,-0.192,0.248,0.146,0.357,0.109,0.17114345890228155,0.036693307928604015,0.04016323316911444,1990
1994-07-01,0.322,0.177,0.3,-0.267,0.133,0.046,0.161,0.1107,0.18794857984049373,0.0019612857914873758,-0.05690986563198111,1990
1994-08-01,0.25,0.168,0.21,-0.327,0.075,0.074,0.055,0.1088,0.2042384295257013,-0.036589590894091736,-0.09264883863160955,1990
1994-09-01,0.375,0.265,0.31,-0.25,0.175,0.2,0.134,0.1078,0.2190735664714509,-0.08010243145242253,0.0360288649809716,1990
1994-10-01,0.472,0.342,0.42,-0.182,0.263,0.186,0.303,0.1187,0.23218039338124732,0.02070929428428059,0.010110312334472099,1990
1994-11-01,0.424,0.35,0.44,-0.2,0.254,0.335,0.39,0.1102,0.24381223007761132,-0.04764357152239116,0.05783134144477986,1990
1994-12-01,0.372,0.243,0.38,-0.241,0.188,0.148,0.398,0.1071,0.25405473633836384,-0.06696461691899755,0.0009098805806336818,1990
1995-01-01,0.503,0.411,0.52,-0.109,0.331,0.249,0.273,0.1174,0.26303466259502534,-0.021531481940762834,0.0894968193457375,1990
1995-02-01,0.743,0.633,0.79,0.08,0.562,0.69,0.761,0.1289,0.27060533105882606,0.1830498718344254,0.1083447971067486,1990
1995-03-01,0.455,0.351,0.46,-0.187,0.27,0.152,0.304,0.125,0.2762092774789132,6.299864009553092e-05,-0.006272276119008713,1990
1995-04-01,0.514,0.416,0.46,-0.157,0.308,0.112,0.38,0.1259,0.27899897927980716,0.008971434129488877,0.020029586590703974,1990
1995-05-01,0.341,0.259,0.27,-0.254,0.154,0.018,0.165,0.1246,0.278336244177241,-0.0615295768190413,-0.0628066673581997,1990
1995-06-01,0.546,0.375,0.43,-0.124,0.307,0.059,0.299,0.1258,0.2741451088998417,0.02741685182120907,0.005438039278949203,1990
1995-07-01,0.571,0.437,0.45,-0.069,0.347,0.214,0.472,0.1226,0.26732369512376464,0.010615396806154365,0.06906090807008097,1990
1995-08-01,0.541,0.387,0.45,-0.086,0.323,0.248,0.307,0.1067,0.25902639372358677,0.006048188222559543,0.057925418053853706,1990
1995-09-01,0.384,0.275,0.33,-0.208,0.195,0.02,0.217,0.1048,0.24985499181950813,-0.06987492379793077,0.015019931978422635,1990
1995-10-01,0.535,0.376,0.46,-0.183,0.297,0.034,0.341,0.1045,0.24063051542309838,0.041308201050103396,0.015061283526798197,1990
1995-11-01,0.47,0.367,0.44,-0.177,0.275,0.021,0.378,0.1039,0.2321817481189227,0.0007863137804823735,0.04203193810059494,1990
1995-12-01,0.316,0.167,0.26,-0.309,0.108,-0.08,0.12,0.1136,0.2247291188691561,-0.06497255095383686,-0.05175656791531927,1990
1996-01-01,0.3,0.209,0.24,-0.34,0.102,-0.229,0.051,0.1247,0.21771700043002104,-0.061194249467538854,-0.054522750962482186,1990
1996-02-01,0.545,0.454,0.46,-0.161,0.324,-0.238,0.123,0.0876,0.21113835680696036,0.18696252626543855,-0.0741008830723989,1990
1996-03-01,0.392,0.277,0.32,-0.286,0.176,-0.094,0.103,0.0899,0.20573947724718483,-0.008360592615741479,-0.021378884631443357,1990
1996-04-01,0.38,0.243,0.33,-0.296,0.164,-0.144,0.083,0.09,0.20189340393261915,-0.017603663474694567,-0.02028974045792456,1990
1996-05-01,0.292,0.234,0.27,-0.252,0.136,-0.018,0.017,0.0916,0.20001158573076816,-0.08735251059280531,0.02334092486203715,1990
1996-06-01,0.291,0.213,0.25,-0.304,0.112,-0.195,0.142,0.0938,0.20084164201589974,0.03344127435182542,-0.12228291636772516,1990
1996-07-01,0.405,0.322,0.36,-0.191,0.224,-0.123,0.255,0.0841,0.20432241759179418,0.018847431803201125,0.0008301506050047147,1990
1996-08-01,0.525,0.351,0.48,-0.163,0.298,-0.025,0.291,0.0811,0.21019642544841272,0.038983609103859604,0.04881996544772765,1990
1996-09-01,0.284,0.201,0.25,-0.318,0.104,-0.091,0.182,0.0858,0.21814624324771512,-0.06652807948660289,-0.04761816376111225,1990
1996-10-01,0.233,0.122,0.22,-0.396,0.045,-0.252,0.063,0.0889,0.22718993190967365,0.02861414556820407,-0.21080407747787772,1990
1996-11-01,0.43,0.308,0.41,-0.224,0.231,-0.044,0.287,0.0852,0.23655248797890538,0.012018627930964962,-0.017571115909870316,1990
1996-12-01,0.446,0.315,0.37,-0.238,0.223,0.115,0.242,0.0842,0.24666733799012483,-0.04353151305105809,0.01986417506093327,1990
1997-01-01,0.313,0.242,0.32,-0.356,0.13,0.028,-0.008,0.0822,0.25840732521245835,-0.07695032309644548,-0.05145700211601287,1990
1997-02-01,0.381,0.288,0.4,-0.3,0.192,-0.132,-0.022,0.0691,0.27233695357022414,0.17297762303649442,-0.2533145766067185,1990
1997-03-01,0.521,0.387,0.52,-0.16,0.317,0.141,0.326,0.0812,0.2882110610985378,-0.013243455940522921,0.04203239484198512,1990
1997-04-01,0.422,0.367,0.33,-0.236,0.221,0.057,0.147,0.0818,0.3054465102220399,-0.02779407157243517,-0.05665243864960473,1990
1997-05-01,0.392,0.31,0.34,-0.196,0.212,0.076,0.121,0.0805,0.3233062601183122,-0.08595558721959012,-0.02535067289872206,1990
1997-06-01,0.606,0.486,0.54,-0.017,0.404,0.292,0.214,0.0965,0.34164626328630593,0.039875838245183454,0.022477898468510615,1990
1997-07-01,0.424,0.343,0.34,-0.169,0.234,0.01,-0.042,0.0966,0.36032360303993216,0.024230816842931352,-0.1505544198828635,1990
1997-08-01,0.461,0.404,0.41,-0.126,0.287,-0.011,0.166,0.0958,0.37895218788756857,0.04445397947000389,-0.1364061673575725,1990
1997-09-01,0.551,0.463,0.52,-0.007,0.382,0.278,0.192,0.0996,0.3975573170940189,-0.06391760226740544,0.04836028517338653,1990
1997-10-01,0.694,0.566,0.61,0.02,0.472,0.427,0.315,0.1,0.4162484264826071,0.004310057475505158,0.05144151604188768,1990
1997-11-01,0.698,0.607,0.64,0.007,0.488,0.257,0.405,0.1159,0.43430470563561624,-0.010347186700792573,0.06404248106517635,1990
1997-12-01,0.647,0.517,0.59,-0.036,0.43,0.207,0.143,0.1192,0.4496884697962064,-0.007304728139192134,-0.01238374165701428,1990
1998-01-01,0.594,0.557,0.58,-0.041,0.422,0.292,0.071,0.1075,0.4604757416465778,-0.07260743906596817,0.03413169741939037,1990
1998-02-01,0.836,0.791,0.88,0.147,0.664,0.472,0.431,0.1325,0.4654370568284042,0.17063432193826789,0.027928621233327955,1990
1998-03-01,0.626,0.58,0.63,-0.059,0.444,0.127,0.161,0.1322,0.46465044638138076,-0.00459865545995131,-0.016051790921429443,1990
1998-04-01,0.735,0.642,0.63,0.079,0.522,0.301,0.281,0.126,0.45929678596358875,-0.023462204602304793,0.08616541863871602,1990
1998-05-01,0.738,0.632,0.68,0.086,0.534,0.322,0.281,0.1128,0.4509150481330092,-0.08426666379587178,0.1673516156628626,1990
1998-06-01,0.779,0.663,0.77,0.109,0.58,0.176,0.331,0.119,0.4404629731421384,0.044095105361843426,0.0954419214960181,1990
1998-07-01,0.758,0.655,0.66,0.11,0.546,0.312,0.372,0.0986,0.4279781535063447,0.011695650967182303,0.10632619552647304,1990
1998-08-01,0.766,0.647,0.65,0.116,0.545,0.258,0.328,0.0786,0.4133336951570358,0.024133208569587235,0.10753309627337704,1990
1998-09-01,0.482,0.43,0.42,-0.115,0.304,-0.078,0.113,0.0916,0.39653936150384556,-0.04281137253712616,-0.04972798896671943,1990
1998-10-01,0.47,0.41,0.42,-0.185,0.279,-0.193,0.105,0.1111,0.3775754111798394,-0.02744016885157518,-0.07113524232826418,1990
1998-11-01,0.45,0.375,0.43,-0.19,0.266,-0.222,0.322,0.1269,0.35640638826729143,-0.033962926546106165,-0.05644346172118525,1990
1998-12-01,0.598,0.48,0.54,-0.033,0.396,-0.034,0.292,0.1281,0.33405511486737544,0.004759913865903617,0.05718497126672095,1990
1999-01-01,0.458,0.382,0.48,-0.197,0.281,-0.141,0.384,0.1378,0.31225107097837634,-0.05930009820046318,0.028049027222086853,1990
1999-02-01,0.654,0.595,0.64,-0.003,0.472,-0.192,0.351,0.1204,0.2929159567669192,0.16146787580590707,0.0176161674271737,1990
1999-03-01,0.328,0.25,0.32,-0.315,0.146,-0.298,0.04,0.1455,0.27707313172076264,0.016775603899363792,-0.14784873562012646,1990
1999-04-01,0.363,0.262,0.32,-0.279,0.166,-0.356,0.081,0.1556,0.2641336839811971,0.004154480200765141,-0.10228816418196221,1990
1999-05-01,0.314,0.241,0.26,-0.278,0.134,-0.4,0.158,0.1615,0.25376420976610836,-0.06676741061872825,-0.05299679914738009,1990
1999-06-01,0.437,0.319,0.36,-0.191,0.231,-0.349,0.224,0.1455,0.24564776786360035,0.035467049776165376,-0.05011481763976572,1990
1999-07-01,0.396,0.307,0.39,-0.199,0.223,-0.323,0.064,0.1274,0.23936198013888696,0.018737075358838975,-0.035099055497725934,1990
1999-08-01,0.372,0.299,0.31,-0.217,0.191,-0.354,0.039,0.1004,0.23475547264320565,0.019888087954862264,-0.06364356059806792,1990
1999-09-01,0.418,0.271,0.39,-0.166,0.228,-0.076,0.046,0.0996,0.23211199071651623,-0.02749309660521402,0.023381105888697795,1990
1999-10-01,0.409,0.303,0.34,-0.26,0.198,-0.081,0.055,0.1002,0.23177531201330484,-0.06684412559119782,0.033068813577893014,1990
1999-11-01,0.379,0.279,0.37,-0.231,0.199,-0.067,0.193,0.1008,0.2337270420419149,-0.05613179809985563,0.021404756057940733,1990
1999-12-01,0.455,0.309,0.4,-0.157,0.252,-0.144,0.035,0.0881,0.2370171085749724,-0.004538439533235775,0.01952133095826339,1990
2000-01-01,0.273,0.173,0.25,-0.315,0.095,-0.186,-0.111,0.0939,0.2402290558302439,-0.02802265183415937,-0.11720640399608453,2000
2000-02-01,0.533,0.489,0.56,-0.109,0.368,-0.104,0.167,0.0692,0.24229556802155605,0.11354999892748142,0.012154433050962532,2000
2000-03-01,0.499,0.437,0.55,-0.158,0.332,0.186,-0.207,0.0759,0.24301733256736954,0.044430682840793816,0.04455198459183665,2000
2000-04-01,0.569,0.527,0.56,-0.049,0.402,0.236,0.01,0.0904,0.24261777134950196,0.009239334672390017,0.15014289397810804,2000
2000-05-01,0.348,0.299,0.35,-0.221,0.194,0.06,-0.118,0.0856,0.24135796307752683,-0.036001350834182495,-0.011356612243344333,2000
2000-06-01,0.422,0.345,0.4,-0.184,0.246,0.015,0.031,0.0855,0.24007478184509615,0.009609607820307547,-0.0036843896654036867,2000
2000-07-01,0.389,0.325,0.39,-0.174,0.233,0.01,-0.048,0.0854,0.23991980708400037,0.01988773949494866,-0.026807546578949015,2000
2000-08-01,0.472,0.374,0.42,-0.156,0.278,0.087,0.1,0.0841,0.24191251717571505,0.0018611310889084403,0.034226351735376526,2000
2000-09-01,0.456,0.308,0.38,-0.157,0.247,0.019,0.131,0.0838,0.2464007198043842,-0.014040214727626663,0.014639494923242485,2000
2000-10-01,0.32,0.19,0.27,-0.318,0.116,-0.082,-0.152,0.0917,0.25314528873808234,-0.0731951345104507,-0.06395015422763162,2000
2000-11-01,0.337,0.241,0.3,-0.311,0.142,-0.057,-0.108,0.0958,0.2614823819674195,-0.03982483810273512,-0.0796575438646844,2000
2000-12-01,0.32,0.197,0.28,-0.32,0.119,-0.133,-0.107,0.102,0.2708176560206956,-0.025968395547613994,-0.1258492604730816,2000
2001-01-01,0.461,0.357,0.45,-0.182,0.272,0.177,0.046,0.0929,0.28123243766465955,0.011049563663016635,-0.020282001327676158,2000
2001-02-01,0.435,0.385,0.43,-0.221,0.257,-0.111,-0.044,0.0848,0.2929169207282841,0.07414440563421305,-0.11006132636249716,2000
2001-03-01,0.559,0.512,0.55,-0.132,0.372,0.04,0.219,0.0896,0.3059998182289178,0.05334897259341474,0.012651209177667433,2000
2001-04-01,0.547,0.444,0.5,-0.122,0.342,-0.06,0.006,0.081,0.3208469136840556,0.008047286552904945,0.013105799763039494,2000
2001-05-01,0.561,0.483,0.57,-0.036,0.394,0.2,0.169,0.0917,0.3376450784539156,-0.003222248858368577,0.059577170404452984,2000
2001-06-01,0.56,0.443,0.52,-0.059,0.366,0.12,0.001,0.0974,0.35613117750671075,-0.01867408638946615,0.028542908882755402,2000
2001-07-01,0.598,0.507,0.59,0.006,0.425,0.192,0.085,0.1075,0.3748690449787213,0.01873732134123939,0.03139363368003928,2000
2001-08-01,0.552,0.499,0.48,-0.07,0.365,0.087,0.108,0.1105,0.39171102946393377,-0.007154723400779034,-0.019556306063154727,2000
2001-09-01,0.555,0.489,0.51,-0.062,0.373,0.126,0.113,0.1125,0.40526322533146575,0.0021924726664751698,-0.034455697997940904,2000
2001-10-01,0.553,0.461,0.5,-0.136,0.344,0.228,0.189,0.0978,0.41554897471058105,-0.0507378911987798,-0.020811083511801276,2000
2001-11-01,0.714,0.686,0.72,0.056,0.544,0.402,0.412,0.1022,0.4231015335663356,-0.029294708981443093,0.15019317541510746,2000
2001-12-01,0.65,0.536,0.55,-0.017,0.43,0.311,0.282,0.0746,0.4285637744283553,-0.06177379705024565,0.06321002262189035,2000
2002-01-01,0.72,0.64,0.77,0.059,0.547,0.275,0.264,0.0824,0.4324836170200026,0.05715197589449418,0.05736440708550328,2000
2002-02-01,0.67,0.634,0.78,0.006,0.522,0.265,0.287,0.0769,0.43532664079892286,0.045156671524206195,0.041516687676870945,2000
2002-03-01,0.863,0.787,0.88,0.143,0.668,0.296,0.416,0.1034,0.4373092256676292,0.03486208440646558,0.1958286899259053,2000
2002-04-01,0.611,0.557,0.58,-0.108,0.41,0.068,0.322,0.0992,0.43852781009351965,-0.0017982074198884064,-0.02672960267363128,2000
2002-05-01,0.661,0.497,0.64,0.025,0.456,0.062,0.328,0.0976,0.43830190023409654,0.007280490171099623,0.010417609594803867,2000
2002-06-01,0.614,0.443,0.53,-0.041,0.386,0.02,0.285,0.0961,0.4358857662971727,-0.0499303491134253,4.458281625263627e-05,2000
2002-07-01,0.648,0.567,0.61,0.038,0.466,0.041,0.516,0.0957,0.43112470366336547,0.015772961674124904,0.019102334662509657,2000
2002-08-01,0.566,0.496,0.53,-0.047,0.386,0.021,0.442,0.094,0.42501169369962055,-0.010568999588594034,-0.028442694111026512,2000
2002-09-01,0.641,0.499,0.64,-0.04,0.435,0.062,0.602,0.0903,0.418926635516523,0.009224975285821281,0.006848389197655735,2000
2002-10-01,0.613,0.497,0.54,-0.05,0.4,0.056,0.501,0.0847,0.41388533097473434,-0.006051416908266116,-0.007833914066468217,2000
2002-11-01,0.595,0.488,0.59,-0.056,0.404,-0.14,0.54,0.0834,0.4103511143604704,-0.005324782031100967,-0.0010263323293693838,2000
2002-12-01,0.54,0.341,0.44,-0.118,0.301,-0.129,0.273,0.095,0.4085745590155021,-0.07562050920719791,-0.031954049808304186,2000
2003-01-01,0.748,0.651,0.74,0.062,0.55,0.003,0.38,0.0953,0.40843461481268617,0.07993507790326551,0.06163030728404839,2000
2003-02-01,0.562,0.481,0.58,-0.051,0.393,-0.129,0.198,0.0935,0.4092473040085673,0.044312509402851016,-0.060559813411418306,2000
2003-03-01,0.54,0.474,0.6,-0.109,0.376,-0.292,0.225,0.0603,0.41047324833347565,0.022843196205848435,-0.05731644453932411,2000
2003-04-01,0.558,0.465,0.55,-0.073,0.375,-0.035,0.267,0.0613,0.4117060132081984,-0.004688017162250468,-0.032017996045947905,2000
2003-05-01,0.603,0.514,0.6,-0.022,0.424,-0.032,0.309,0.0598,0.4128558261955769,-0.016435816449831633,0.02757999025425467,2000
2003-06-01,0.493,0.42,0.47,-0.115,0.317,-0.069,0.215,0.0652,0.41390502632620796,-0.07259241311653152,-0.024312613209676426,2000
2003-07-01,0.558,0.481,0.58,-0.031,0.397,-0.069,0.31,0.062,0.4148610204438354,-0.0020405061029370574,-0.015820514340898317,2000
2003-08-01,0.683,0.611,0.64,0.026,0.49,0.104,0.489,0.0675,0.4154675643959356,-0.023779383197582937,0.09831181880164741,2000
2003-09-01,0.701,0.569,0.62,0.044,0.484,0.049,0.509,0.0708,0.41540248464721125,0.014066953967358657,0.05453056138543011,2000
2003-10-01,0.778,0.653,0.72,0.107,0.564,0.164,0.487,0.0836,0.4145779023835102,0.03512260145184531,0.11429949616464441,2000
2003-11-01,0.569,0.49,0.52,-0.067,0.378,-0.026,0.459,0.0844,0.41252907875135203,0.025750915832824312,-0.06027999458417632,2000
2003-12-01,0.778,0.651,0.74,0.114,0.571,0.27,0.531,0.0856,0.4089954462590125,-0.0685809634740221,0.23058551721500953,2000
2004-01-01,0.609,0.501,0.57,-0.023,0.414,-0.136,0.332,0.0789,0.40440223940030523,0.06397545013288462,-0.05437768953318989,2000
2004-02-01,0.705,0.629,0.72,0.03,0.521,0.128,0.649,0.0818,0.39988899913703674,0.04149671774935489,0.07961428311360841,2000
2004-03-01,0.604,0.518,0.63,-0.027,0.431,0.055,0.313,0.0792,0.395975976247233,0.018186709859225506,0.016837313893541483,2000
2004-04-01,0.63,0.516,0.61,-0.05,0.426,0.051,0.23,0.0763,0.39286892060250367,-0.006446655231313169,0.03957773462880948,2000
2004-05-01,0.371,0.347,0.37,-0.202,0.222,-0.202,0.086,0.1011,0.3907182835588041,-0.04138951223969522,-0.1273287713191089,2000
2004-06-01,0.454,0.308,0.44,-0.175,0.257,-0.06,0.009,0.1087,0.3905662249470562,-0.06389937481109707,-0.06966685013595908,2000
2004-07-01,0.327,0.236,0.25,-0.227,0.146,-0.251,0.013,0.1362,0.39331234662187936,-0.02669484033123352,-0.22061750629064586,2000
2004-08-01,0.487,0.459,0.45,-0.113,0.321,-0.169,0.246,0.1357,0.39878991776017436,-0.019108559984227905,-0.05868135777594646,2000
2004-09-01,0.573,0.461,0.5,-0.074,0.365,-0.119,0.19,0.1329,0.4060454316986073,0.01814377184688,-0.05918920354548729,2000
2004-10-01,0.648,0.517,0.61,-0.006,0.442,-0.122,0.179,0.1222,0.4139797497264235,0.06579910991612918,-0.037778859642552676,2000
2004-11-01,0.701,0.646,0.73,0.063,0.535,0.157,0.281,0.1307,0.4222886631380172,0.04730258079013993,0.06540875607184288,2000
2004-12-01,0.524,0.41,0.5,-0.084,0.337,-0.234,0.149,0.1177,0.43189686007169076,-0.04327837012631885,-0.05161848994537188,2000
2005-01-01,0.744,0.643,0.75,0.144,0.57,0.156,0.239,0.1311,0.4434537908057556,0.010881621464619741,0.11566458772962457,2000
2005-02-01,0.65,0.527,0.6,-0.034,0.436,-0.085,-0.126,0.125,0.45614761537189175,0.051295218568869254,-0.07144283394076101,2000
2005-03-01,0.745,0.64,0.74,0.053,0.544,0.113,0.274,0.1336,0.4685164833906017,0.02376978058818879,0.051713736021209544,2000
2005-04-01,0.703,0.626,0.67,0.034,0.508,0.082,0.2,0.138,0.47934533130514445,-0.02647916145810111,0.0551338301529567,2000
2005-05-01,0.658,0.55,0.63,0.034,0.468,0.246,0.314,0.1287,0.48836563712726383,-0.057942213906919206,0.03757657677965537,2000
2005-06-01,0.706,0.567,0.65,0.053,0.494,0.237,0.187,0.1209,0.49527444992567987,-0.03874648984438096,0.03747203991870113,2000
2005-07-01,0.668,0.553,0.61,0.017,0.462,0.316,0.115,0.0812,0.4993410723521256,-0.039505551317249116,0.002164478965123562,2000
2005-08-01,0.664,0.582,0.6,-0.018,0.457,0.136,0.134,0.0691,0.5002196296004259,-0.011514313652977776,-0.031705315947448076,2000
2005-09-01,0.731,0.631,0.71,0.075,0.537,0.172,0.342,0.0634,0.49840105365502907,0.008923971658045716,0.02967497468692526,2000
2005-10-01,0.847,0.68,0.76,0.1,0.597,0.155,0.3,0.0698,0.49470892187912985,0.06662700593800959,0.035664072182860496,2000
2005-11-01,0.765,0.636,0.74,0.119,0.565,0.03,0.29,0.0719,0.4901791955773345,0.06506704681559423,0.0097537576070712,2000
2005-12-01,0.763,0.595,0.67,0.102,0.532,0.195,0.424,0.0513,0.4857630125370777,-0.01756670724834358,0.06380369471126585,2000
2006-01-01,0.606,0.494,0.56,-0.028,0.408,-0.162,0.306,0.0564,0.4817561172566442,-0.04642177963860551,-0.027334337618038718,2000
2006-02-01,0.775,0.636,0.74,0.095,0.562,0.126,0.238,0.0549,0.4784102192074579,0.05382121089949966,0.029768569893042496,2000
2006-03-01,0.646,0.531,0.63,-0.032,0.444,-0.1,0.268,0.057,0.4755969856815801,0.0340109634599737,-0.06560794914155382,2000
2006-04-01,0.548,0.476,0.46,-0.098,0.346,-0.162,0.182,0.0727,0.4730849816251456,-0.04426139535695994,-0.0828235862681857,2000
2006-05-01,0.522,0.464,0.48,-0.05,0.354,-0.114,0.218,0.0825,0.47101315316003883,-0.04690327348651038,-0.0701098796735285,2000
2006-06-01,0.686,0.57,0.66,0.027,0.486,-0.008,0.374,0.0825,0.4694297172230065,-0.019434967533356568,0.03600525031035007,2000
2006-07-01,0.557,0.476,0.54,-0.034,0.385,-0.077,0.161,0.0868,0.46864774595341874,-0.03287161841201503,-0.050776127541403704,2000
2006-08-01,0.724,0.631,0.71,0.085,0.538,0.081,0.24,0.0886,0.4691404403971525,-0.007291818799281003,0.07615137840212849,2000
2006-09-01,0.643,0.545,0.66,0.039,0.472,-0.065,0.368,0.0867,0.470551137345168,0.0051355329571652515,-0.0036866703023332725,2000
2006-10-01,0.735,0.609,0.7,0.053,0.524,-0.073,0.479,0.0796,0.47212496354737743,0.0597444678978894,-0.007869431445266806,2000
2006-11-01,0.717,0.655,0.73,0.045,0.537,-0.028,0.306,0.0768,0.47325205447814644,0.0578504751434354,0.005897470378418201,2000
2006-12-01,0.837,0.709,0.79,0.165,0.625,0.093,0.402,0.088,0.4734188869648474,-0.022211042474997736,0.17379215551015031,2000
2007-01-01,0.952,0.889,1.01,0.266,0.779,0.371,0.649,0.1217,0.47228570380705437,-0.016179041891099873,0.3228933380840455,2000
2007-02-01,0.738,0.63,0.7,0.038,0.526,-0.036,0.334,0.1206,0.4693896334983969,0.022651805742375995,0.0339585607592271,2000
2007-03-01,0.664,0.583,0.71,-0.007,0.488,0.044,0.171,0.1193,0.46480424931328196,0.04756279379384012,-0.024367043107122066,2000
2007-04-01,0.816,0.718,0.77,0.131,0.609,0.263,0.388,0.1113,0.4590060569833831,-0.06415156869766116,0.21414551171427804,2000
2007-05-01,0.661,0.572,0.69,0.034,0.489,0.135,0.277,0.0984,0.45230109352316905,-0.041110127410827084,0.07780903388765803,2000
2007-06-01,0.618,0.497,0.61,-0.02,0.426,-0.06,0.022,0.1027,0.4447922060187391,-0.022082176744481916,0.00328997072574283,2000
2007-07-01,0.653,0.559,0.6,0.008,0.455,0.07,0.221,0.0952,0.43690262622452164,-0.0042462109348784405,0.0223435847103568,2000
2007-08-01,0.583,0.579,0.6,-0.038,0.431,-0.107,0.144,0.1002,0.42880949392548856,-0.004338218489810098,0.00652872456432152,2000
2007-09-01,0.534,0.506,0.6,-0.017,0.406,-0.066,0.024,0.1053,0.42100504865402066,0.0060738261867649655,-0.021078874840785577,2000
2007-10-01,0.661,0.553,0.59,-0.026,0.444,-0.08,-0.028,0.1079,0.4139643625798918,0.04902485097337386,-0.01898921355326566,2000
2007-11-01,0.582,0.528,0.59,-0.066,0.408,-0.129,-0.08,0.1122,0.4076117864486215,0.050020150554454475,-0.049631937003076,2000
2007-12-01,0.511,0.412,0.49,-0.136,0.319,-0.306,-0.111,0.1176,0.4020608287763399,-0.02935650908918691,-0.053704319687153,2000
2008-01-01,0.262,0.204,0.3,-0.362,0.101,-0.678,-0.321,0.1244,0.3978451120074842,-0.006137495114727857,-0.2907076168927563,2000
2008-02-01,0.318,0.26,0.38,-0.33,0.157,-0.369,-0.507,0.1416,0.39530903723258837,-0.032215319870042336,-0.20609371736254603,2000
2008-03-01,0.642,0.603,0.75,0.023,0.505,0.017,0.061,0.1427,0.3944908882826049,0.08959939289054002,0.02090971882685505,2000
2008-04-01,0.536,0.441,0.54,-0.132,0.346,-0.263,-0.176,0.1263,0.3953916983793147,-0.06612022360575219,0.016728525226437474,2000
2008-05-01,0.515,0.428,0.5,-0.085,0.34,-0.149,-0.194,0.1212,0.39783590030262533,-0.026619142278107764,-0.031216758024517566,2000
2008-06-01,0.492,0.377,0.49,-0.128,0.308,-0.118,-0.272,0.1202,0.4017491955108415,-0.026463323207653013,-0.0672858723031885,2000
2008-07-01,0.611,0.531,0.6,0.001,0.436,-0.019,-0.11,0.1189,0.40688116723190887,0.019000321768030928,0.010118511000060226,2000
2008-08-01,0.554,0.452,0.45,-0.072,0.346,-0.085,-0.199,0.1161,0.41281993141000267,-0.013775686194431917,-0.05304424521557077,2000
2008-09-01,0.601,0.545,0.6,-0.015,0.433,0.027,0.129,0.1177,0.4193943378639961,0.0014795065141944967,0.012126155621809409,2000
2008-10-01,0.699,0.59,0.67,0.052,0.503,0.059,0.224,0.1233,0.42687584060950573,0.032171515953355156,0.043952643437139116,2000
2008-11-01,0.677,0.617,0.69,0.065,0.512,0.104,0.246,0.1311,0.4355743808002273,0.052798683405894706,0.02362693579387798,2000
2008-12-01,0.573,0.462,0.53,-0.014,0.388,0.069,-0.008,0.1307,0.4453602450932263,-0.05816166641161378,0.0008014213183875074,2000
2009-01-01,0.68,0.58,0.64,0.05,0.488,0.387,0.207,0.105,0.45562927173947604,0.04553936287823543,-0.013168634617711505,2000
2009-02-01,0.567,0.457,0.53,-0.114,0.36,0.203,-0.112,0.0749,0.4659584541963651,-0.08282923278104294,-0.0231292214153222,2000
2009-03-01,0.478,0.439,0.53,-0.148,0.325,-0.18,0.179,0.0729,0.47609090349767197,0.09380037943597781,-0.24489128293364976,2000
2009-04-01,0.589,0.521,0.61,-0.081,0.41,0.064,0.244,0.0711,0.4858680591045424,-0.031108165831095668,-0.04475989327344676,2000
2009-05-01,0.616,0.548,0.65,0.019,0.458,0.118,0.324,0.0695,0.4954094911887569,-0.0182745890713596,-0.019134902117397268,2000
2009-06-01,0.704,0.62,0.64,0.08,0.511,0.203,0.28,0.066,0.5052416796799877,-0.0224549641338831,0.028213284453895482,2000
2009-07-01,0.789,0.676,0.73,0.135,0.582,0.146,0.359,0.0792,0.5158649953690727,0.027948904455614536,0.038186100175312765,2000
2009-08-01,0.706,0.619,0.69,0.088,0.526,0.18,0.335,0.0761,0.5273822301422033,-0.009996703112601979,0.008614472970398745,2000
2009-09-01,0.707,0.677,0.72,0.138,0.56,0.127,0.332,0.081,0.5384409354391915,-0.002119635014997359,0.023678699575805928,2000
2009-10-01,0.733,0.617,0.65,0.066,0.516,0.013,0.318,0.0816,0.5469012497120709,0.03376248601086538,-0.06466373572293627,2000
2009-11-01,0.782,0.694,0.8,0.125,0.6,0.088,0.401,0.0893,0.5514931717377609,0.07079610541191597,-0.022289277149676878,2000
2009-12-01,0.751,0.632,0.67,0.089,0.536,0.148,0.284,0.0861,0.5524697673344372,-0.06537934623320435,0.048909578898767236,2000
2010-01-01,0.794,0.706,0.74,0.123,0.591,0.103,0.496,0.0909,0.5511792163106972,-0.008811833676062452,0.04863261736536517,2010
2010-02-01,0.868,0.779,0.84,0.161,0.662,0.302,0.294,0.0911,0.5488855021409679,-0.11985754543648527,0.23297204329551746,2010
2010-03-01,0.874,0.851,0.92,0.207,0.713,0.388,0.381,0.0829,0.5455269844626326,0.07558110756716123,0.09189190797020619,2010
2010-04-01,0.909,0.819,0.85,0.22,0.7,0.29,0.298,0.0788,0.5410841271156409,0.0008581160291986277,0.15805775685516044,2010
2010-05-01,0.765,0.708,0.75,0.167,0.597,0.139,0.403,0.0689,0.5357843250888781,-0.0075544900099998825,0.06877016492112176,2010
2010-06-01,0.705,0.643,0.67,0.092,0.528,0.017,0.282,0.0673,0.529473079042427,0.0011805453563105955,-0.0026536243987376196,2010
2010-07-01,0.656,0.611,0.63,0.071,0.492,-0.09,0.259,0.0733,0.5215349829796612,0.02699644214973079,-0.056531425129391966,2010
2010-08-01,0.699,0.609,0.67,0.035,0.503,-0.023,0.225,0.0753,0.5112206868059025,0.018732213181978118,-0.026952899987880585,2010
2010-09-01,0.659,0.56,0.63,0.03,0.47,-0.09,0.223,0.082,0.49866122366185583,-0.00041448632738805193,-0.02824673733446781,2010
2010-10-01,0.766,0.639,0.71,0.058,0.543,0.027,0.427,0.0805,0.4856096466877226,0.040484786298992936,0.01690556701328455,2010
2010-11-01,0.77,0.728,0.81,0.145,0.613,0.013,0.471,0.081,0.47431289217330874,0.07357319243444617,0.06511391539224509,2010
2010-12-01,0.55,0.43,0.45,-0.1,0.332,-0.204,0.213,0.1078,0.46567447034090215,-0.07000159609394471,-0.06367287424695744,2010
2011-01-01,0.556,0.452,0.52,-0.067,0.365,-0.226,0.093,0.1212,0.4592378150653015,-0.04320934288357806,-0.051028472181723405,2010
2011-02-01,0.534,0.423,0.47,-0.138,0.322,-0.34,0.065,0.1303,0.45421633995721933,-0.12458229272773677,-0.007634047229482577,2010
2011-03-01,0.632,0.549,0.65,-0.029,0.45,-0.263,0.078,0.1151,0.45018422279740494,0.02884937571447376,-0.0290335985118787,2010
2011-04-01,0.661,0.591,0.64,0.022,0.478,-0.222,0.136,0.0949,0.4466833132330073,0.024937819295643992,0.006378867471348693,2010
2011-05-01,0.543,0.438,0.53,-0.052,0.365,-0.232,-0.029,0.0912,0.44339862712506073,0.009328617959537626,-0.08772724508459834,2010
2011-06-01,0.671,0.541,0.62,0.013,0.461,-0.067,0.095,0.0883,0.4402769426897002,0.020544813099401007,0.000178244210898848,2010
2011-07-01,0.753,0.639,0.7,0.109,0.55,0.058,0.125,0.0924,0.43821088726360635,0.003497234061289327,0.10829187867510437,2010
2011-08-01,0.741,0.651,0.75,0.086,0.557,0.054,0.192,0.0962,0.43819631117781616,0.03299767143922068,0.08580601738296317,2010
2011-09-01,0.599,0.536,0.55,0.006,0.423,-0.047,0.05,0.0967,0.44042727120806036,0.012972670353196202,-0.030399941561256583,2010
2011-10-01,0.687,0.574,0.65,0.038,0.487,-0.056,0.143,0.0933,0.4440240233459364,0.05635000445095795,-0.013374027796894339,2010
2011-11-01,0.569,0.507,0.59,-0.071,0.399,-0.214,-0.145,0.0787,0.4479029253151498,0.08651298323819803,-0.13541590855334779,2010
2011-12-01,0.584,0.49,0.6,-0.02,0.414,0.082,-0.016,0.0725,0.4517811893880053,-0.07819258363176307,0.040411394243757726,2010
2012-01-01,0.439,0.365,0.47,-0.126,0.287,-0.078,-0.26,0.0825,0.4558479843023568,-0.0418235336891286,-0.1270244506132282,2010
2012-02-01,0.497,0.456,0.48,-0.14,0.323,0.001,-0.199,0.0824,0.45993401160413866,-0.12041842466062591,-0.01651558694351274,2010
2012-03-01,0.474,0.416,0.56,-0.149,0.325,-0.125,-0.343,0.0878,0.4638577956397255,-0.020698304385538355,-0.11815949125418712,2010
2012-04-01,0.699,0.603,0.72,0.068,0.523,0.045,0.113,0.0913,0.46793975647903224,0.021206506614505773,0.03385373690646204,2010
2012-05-01,0.75,0.652,0.78,0.141,0.581,0.216,0.125,0.0991,0.4729039481382087,0.009832251924117467,0.09826379993767376,2010
2012-06-01,0.73,0.625,0.64,0.094,0.522,0.061,0.136,0.1015,0.4787393970080697,0.021649679373759608,0.021610923618170685,2010
2012-07-01,0.584,0.566,0.59,0.037,0.444,-0.106,-0.022,0.0965,0.4844898489238932,-0.021380280483244897,-0.01910956844064826,2010
2012-08-01,0.696,0.645,0.66,0.057,0.514,-0.043,0.128,0.0925,0.4890336374515057,0.041073953620870636,-0.016107591072376304,2010
2012-09-01,0.728,0.635,0.72,0.118,0.55,0.127,0.115,0.0978,0.4921702753389282,0.037176445676031886,0.02065327898503999,2010
2012-10-01,0.864,0.724,0.79,0.152,0.633,0.146,0.233,0.1114,0.4942393734776755,0.05138991740661693,0.0873707091157076,2010
2012-11-01,0.789,0.716,0.78,0.124,0.602,0.203,0.198,0.1166,0.4956439805133281,0.09080434508172582,0.015551674404946036,2010
2012-12-01,0.561,0.456,0.52,-0.088,0.362,-0.052,0.061,0.1201,0.4965652477839088,-0.06269637290567318,-0.07186887487823562,2010
2013-01-01,0.688,0.602,0.71,0.062,0.516,0.229,-0.034,0.1052,0.4971894748048767,-0.026156099962417065,0.04496662515754041,2010
2013-02-01,0.593,0.519,0.61,-0.062,0.415,0.092,0.022,0.0947,0.49804347457214015,-0.09570385537423565,0.012660380802095417,2010
2013-03-01,0.61,0.576,0.67,-0.039,0.454,0.129,0.078,0.0792,0.4996569082288475,-0.03172274744313594,-0.01393416078571158,2010
2013-04-01,0.583,0.566,0.53,-0.047,0.408,-0.115,0.033,0.0842,0.501902451128009,0.001994745014914615,-0.09589719614292364,2010
2013-05-01,0.62,0.551,0.6,0.058,0.457,-0.124,0.033,0.081,0.5042164279835389,0.015606949362849901,-0.06282337734638882,2010
2013-06-01,0.709,0.656,0.69,0.111,0.542,0.02,0.225,0.0819,0.506753485788911,0.002374845678451971,0.03287166853263712,2010
2013-07-01,0.586,0.585,0.6,0.031,0.45,0.006,0.053,0.0816,0.5103461355547473,-0.0651714223574286,0.00482528680268135,2010
2013-08-01,0.691,0.636,0.7,0.073,0.525,0.011,0.035,0.0819,0.5156230680402403,0.025276495971605573,-0.015899564011845835,2010
2013-09-01,0.774,0.719,0.76,0.141,0.598,0.048,0.114,0.086,0.5222872934491611,0.04593033408278408,0.029782372468054708,2010
2013-10-01,0.679,0.648,0.69,0.047,0.516,-0.117,-0.048,0.0751,0.5296803777276411,0.044480395492088126,-0.058160773219729234,2010
2013-11-01,0.817,0.765,0.83,0.171,0.646,0.044,0.268,0.082,0.5376200569839542,0.09273643213243787,0.015643510883607936,2010
2013-12-01,0.714,0.6,0.7,0.094,0.527,0.165,-0.044,0.0716,0.5462114833944113,-0.04412980171365296,0.02491831831924174,2010
2014-01-01,0.738,0.664,0.76,0.129,0.573,0.057,0.159,0.0743,0.5549619852887,0.014880869041883502,0.0031571456694164945,2010
2014-02-01,0.552,0.483,0.55,-0.079,0.377,-0.038,-0.144,0.0793,0.5633479041950818,-0.05101900246666828,-0.13532890172841355,2010
2014-03-01,0.707,0.681,0.78,0.121,0.572,0.118,0.141,0.0796,0.5711675489350373,0.008160333143805674,-0.007327882078843051,2010
2014-04-01,0.769,0.73,0.81,0.135,0.611,0.203,0.185,0.0761,0.5785863574161709,-0.011595894708881612,0.04400953729271062,2010
2014-05-01,0.797,0.728,0.86,0.216,0.65,0.193,0.428,0.0789,0.5859259717410843,-0.0005780160136476187,0.06465204427256332,2010
2014-06-01,0.682,0.614,0.67,0.115,0.52,-0.022,0.263,0.0794,0.5929901522291667,-0.03365645150077664,-0.03933370072839004,2010
2014-07-01,0.628,0.581,0.58,0.05,0.46,0.01,0.314,0.0783,0.5994409574152606,-0.10113710459181803,-0.03830385282344251,2010
2014-08-01,0.825,0.729,0.83,0.206,0.648,0.123,0.327,0.0829,0.6053956834287174,0.0035250371361927693,0.03907927943508982,2010
2014-09-01,0.837,0.761,0.88,0.198,0.669,0.071,0.304,0.0884,0.6114031378273043,0.022570464296152743,0.03502639787654305,2010
2014-10-01,0.832,0.738,0.8,0.154,0.631,0.115,0.189,0.0889,0.6179547682312965,0.027636736224586043,-0.014591504455882531,2010
2014-11-01,0.649,0.629,0.67,0.042,0.498,-0.148,-0.037,0.0883,0.6248938446932453,0.07294744335754026,-0.19984128805078555,2010
2014-12-01,0.776,0.678,0.78,0.194,0.607,0.08,0.27,0.0884,0.6321091771487442,-0.03190433042826105,0.006795153279516852,2010
2015-01-01,0.812,0.732,0.86,0.192,0.649,0.076,0.079,0.0915,0.640050614043297,0.04830465481937705,-0.03935526886267404,2010
2015-02-01,0.844,0.773,0.91,0.199,0.682,0.305,0.246,0.072,0.6493780474750258,0.011158200516181256,0.021463752008793024,2010
2015-03-01,0.842,0.787,0.96,0.239,0.707,0.135,0.163,0.0776,0.6603169277249065,0.08015523135523751,-0.033472159080144004,2010
2015-04-01,0.786,0.684,0.75,0.155,0.594,-0.017,0.086,0.0777,0.6728735856821141,0.0026793426182302555,-0.08155292830034433,2010
2015-05-01,0.824,0.726,0.8,0.205,0.639,-0.011,0.171,0.0773,0.6872885418707656,-0.014967143262435461,-0.033321398608330166,2010
2015-06-01,0.837,0.752,0.81,0.243,0.66,0.14,0.166,0.0731,0.7045784182491476,-0.08400187860807516,0.03942346035892763,2010
2015-07-01,0.807,0.71,0.73,0.178,0.606,0.146,0.144,0.0536,0.7246641925330585,-0.11202970190259623,-0.006634490630462286,2010
2015-08-01,0.88,0.799,0.79,0.207,0.669,0.021,0.212,0.0545,0.7443570092334487,0.00048454254297563074,-0.07584155177642427,2010
2015-09-01,0.89,0.818,0.83,0.29,0.707,0.038,0.17,0.0577,0.7601126640512827,-0.014521000066244958,-0.03859166398503788,2010
2015-10-01,1.079,1.014,1.07,0.421,0.896,0.265,0.299,0.0942,0.77175705791262,0.011799163752558529,0.11244377833482155,2010
2015-11-01,0.998,0.985,1.06,0.398,0.86,0.362,0.295,0.0957,0.7815153056594661,0.04170017762716387,0.03678451671337002,2010
2015-12-01,1.155,1.035,1.17,0.488,0.962,0.355,0.43,0.1197,0.7905153165491456,-0.01964736841924735,0.19113205187010163,2010
2016-01-01,1.17,1.079,1.18,0.542,0.993,0.344,0.585,0.1407,0.7986565495600437,0.053063191741756735,0.1412802586981995,2010
2016-02-01,1.276,1.216,1.36,0.661,1.128,0.446,0.566,0.1761,0.8053866479205843,0.026464847342787954,0.29614850473662757,2010
2016-03-01,1.246,1.176,1.35,0.632,1.101,0.394,0.657,0.1959,0.8106512299382865,0.14970925078678335,0.14063951927493012,2010
2016-04-01,1.109,1.023,1.08,0.468,0.92,0.326,0.574,0.1843,0.8148632438299518,0.01380882042188275,0.09132793574816545,2010
2016-05-01,0.979,0.873,0.95,0.339,0.785,0.146,0.431,0.1739,0.8173991904028906,-0.024583523950380413,-0.007815666452510084,2010
2016-06-01,0.871,0.769,0.8,0.229,0.667,0.007,0.181,0.1732,0.8162023507710711,-0.10947444152817075,-0.03972790924290026,2010
2016-07-01,0.91,0.761,0.84,0.269,0.695,0.089,0.31,0.1631,0.8103521988593838,-0.09509615128540577,-0.020256047573978142,2010
2016-08-01,1.03,0.94,1.01,0.376,0.839,0.17,0.301,0.1515,0.801535237445726,-0.011694721571505542,0.04915948412577953,2010
2016-09-01,0.925,0.837,0.9,0.326,0.747,0.04,0.275,0.1477,0.7922334381786909,-0.053087881013288554,0.007854442834597686,2010
2016-10-01,0.973,0.812,0.86,0.229,0.718,-0.178,0.194,0.155,0.7834310670425738,0.01980331409308644,-0.08523438113566029,2010
2016-11-01,0.945,0.839,0.91,0.298,0.748,-0.112,0.211,0.1589,0.7754415518660783,0.007966076326546265,-0.03540762819262455,2010
2016-12-01,0.934,0.772,0.86,0.287,0.713,-0.249,0.088,0.1604,0.7680910283736999,-0.005916461951993147,-0.04917456642170681,2010
2017-01-01,1.026,0.947,1.02,0.423,0.854,-0.139,0.075,0.153,0.761218852064442,0.045659277439266656,0.04712187049629135,2010
2017-02-01,1.131,1.062,1.13,0.463,0.946,-0.182,0.42,0.1272,0.7550248176221565,0.03003694912513098,0.1609382332527125,2010
2017-03-01,1.154,1.044,1.16,0.434,0.948,-0.153,0.46,0.1003,0.749511959365858,0.1912081536373325,0.0072798869968094815,2010
2017-04-01,0.947,0.835,0.93,0.309,0.755,-0.165,0.146,0.0932,0.7441812117076033,0.03027449979379101,-0.019455711501394357,2010
2017-05-01,0.933,0.775,0.91,0.312,0.732,-0.053,0.243,0.0944,0.7387972952027552,-0.03584115699763403,0.029043861794878834,2010
2017-06-01,0.772,0.65,0.71,0.179,0.578,-0.089,0.152,0.1068,0.7333886726811518,-0.11168698598829757,-0.04370168669285435,2010
2017-07-01,0.84,0.793,0.82,0.268,0.68,-0.015,0.225,0.1079,0.7276751655488715,-0.06866390670660437,0.02098874115773297,2010
2017-08-01,0.904,0.802,0.87,0.278,0.714,-0.125,0.283,0.1068,0.7213625562026694,-0.02060532315645368,0.013242766953784235,2010
2017-09-01,0.805,0.723,0.74,0.256,0.631,-0.116,0.225,0.1133,0.71492673928497,-0.0733093655001194,-0.010617373784850614,2010
2017-10-01,0.912,0.804,0.88,0.294,0.722,0.004,0.278,0.1132,0.7092050715057918,0.023221634699084122,-0.010426706204875957,2010
2017-11-01,0.834,0.795,0.87,0.263,0.69,-0.058,0.282,0.1146,0.7045352214618377,-0.02317085431418888,0.008635632852351138,2010
2017-12-01,0.912,0.806,0.93,0.362,0.753,0.04,0.434,0.1141,0.7009961959348637,0.010417136564421638,0.0415866675007146,2010
2018-01-01,0.813,0.707,0.82,0.231,0.643,-0.211,0.542,0.1129,0.698492322253436,0.014244438985689677,-0.06973676123912576,2010
2018-02-01,0.849,0.776,0.84,0.257,0.68,-0.266,0.523,0.0912,0.6966121417586015,0.027597751190511152,-0.044209892949112595,2010
2018-03-01,0.843,0.776,0.88,0.217,0.679,-0.269,0.174,0.0523,0.6953602830978293,0.1990425310259766,-0.2154028141238058,2010
2018-04-01,0.908,0.811,0.88,0.272,0.718,-0.037,0.372,0.049,0.6950488382502935,0.04592554445209865,-0.02297438270239216,2010
2018-05-01,0.81,0.701,0.81,0.257,0.645,-0.087,0.305,0.0478,0.6958958323150028,-0.03623994601733566,-0.01465588629766712,2010
2018-06-01,0.813,0.727,0.76,0.207,0.627,0.049,0.319,0.04,0.6982721196310911,-0.09449413613776649,0.023222016506675325,2010
2018-07-01,0.851,0.724,0.83,0.242,0.662,-0.018,0.226,0.0404,0.7022763420370833,-0.04503640126881413,0.00476005923173084,2010
2018-08-01,0.827,0.734,0.78,0.212,0.638,-0.076,0.292,0.0406,0.7077400365236227,-0.03157690113906093,-0.03816313538456173,2010
2018-09-01,0.79,0.677,0.8,0.206,0.618,-0.013,0.185,0.042,0.7145712136907277,-0.06749986057575857,-0.029071353114969223,2010
2018-10-01,0.974,0.858,1.01,0.392,0.808,0.086,0.305,0.0561,0.7224972635653768,0.03670364981655531,0.04879908661806798,2010
2018-11-01,0.802,0.732,0.83,0.228,0.648,-0.042,0.136,0.0567,0.7308760091220075,-0.017154344721251043,-0.06572166440075644,2010
2018-12-01,0.926,0.816,0.93,0.35,0.756,0.003,0.368,0.0571,0.7389724758851041,0.02576182791155534,-0.008734303796659404,2010
2019-01-01,0.89,0.813,0.93,0.326,0.74,0.097,0.252,0.0587,0.7467646272323923,-0.02394376017112159,0.01717913293872919,2010
2019-02-01,0.918,0.835,0.95,0.274,0.744,0.064,0.384,0.0611,0.7544909790179912,-0.024526218677419255,0.01403523965942799,2010
2019-03-01,1.125,1.077,1.17,0.49,0.966,0.287,0.641,0.1,0.7625500580584786,0.17841714566344852,0.025032796278072866,2010
2019-04-01,1.028,0.925,1.01,0.412,0.844,0.126,0.434,0.1069,0.7710994078498177,0.045422374274001656,0.027478217876180655,2010
2019-05-01,0.885,0.777,0.86,0.329,0.713,0.068,0.255,0.104,0.7798749258952579,-0.0351471749899349,-0.03172775090532298,2010
2019-06-01,0.881,0.808,0.9,0.327,0.729,0.102,0.218,0.0988,0.7881812988650309,-0.06372378039482544,0.004542481529794529,2010
2019-07-01,0.944,0.851,0.94,0.349,0.771,0.109,0.189,0.0961,0.7958355650461642,-0.027328400875766302,0.002492835829602136,2010
2019-08-01,0.934,0.836,0.95,0.35,0.768,0.13,0.242,0.0897,0.8027980396610118,-0.04029228662586298,0.005494246964851235,2010
2019-09-01,0.871,0.813,0.93,0.344,0.739,0.121,0.179,0.0786,0.808348898024264,-0.0371938530400732,-0.03215504498419086,2010
2019-10-01,1.081,0.954,1.0,0.437,0.868,0.06,0.352,0.0831,0.8116279608887458,0.04805787312658635,0.008314165984667832,2010
2019-11-01,0.964,0.933,0.99,0.386,0.818,0.17,0.218,0.0736,0.8127275264910709,0.010613226249709598,-0.005340752740780608,2010
2019-12-01,1.105,1.026,1.11,0.543,0.946,0.19,0.41,0.0856,0.8124214784896179,0.004359075867649698,0.12921944564273236,2010
2020-01-01,1.14,1.058,1.17,0.555,0.981,0.241,0.39,0.0968,0.8111211424201,-0.03809102210045412,0.20796987968035408,2020
2020-02-01,1.169,1.11,1.24,0.565,1.021,0.277,0.359,0.1083,0.8092254693569312,-0.03208986736016491,0.24386439800323356,2020
2020-03-01,1.099,1.075,1.18,0.458,0.953,-0.013,0.24,0.1071,0.806307140828861,0.14786420167185835,-0.0011713425007193745,2020
2020-04-01,1.153,1.05,1.12,0.498,0.955,0.111,0.255,0.1116,0.8021033884725306,0.017152896936566905,0.1357437145909025,2020
2020-05-01,0.976,0.894,0.99,0.416,0.819,0.106,0.222,0.1032,0.7967482017299861,-0.04280480792973893,0.06505660619975284,2020
2020-06-01,0.935,0.811,0.91,0.349,0.751,0.022,0.223,0.1007,0.7895874132081304,-0.040520450032274856,0.001933036824144474,2020
2020-07-01,0.948,0.822,0.89,0.331,0.748,-0.023,0.256,0.1029,0.7794286247091874,-0.01337448142171767,-0.01805414328746968,2020
2020-08-01,0.895,0.809,0.86,0.307,0.718,-0.05,0.215,0.108,0.766177041646622,-0.02906029834086263,-0.01911674330575941,2020
2020-09-01,0.956,0.867,0.96,0.385,0.792,0.053,0.322,0.1036,0.7520084686910988,-0.007341659684426559,0.04733319099332778,2020
2020-10-01,0.914,0.799,0.87,0.295,0.72,-0.148,0.177,0.1116,0.7395068716643496,0.05433766980169114,-0.0738445414660408,2020
2020-11-01,1.085,1.007,1.08,0.458,0.908,0.09,0.295,0.1122,0.7295430917907639,0.040424245505565184,0.13803266270367087,2020
2020-12-01,0.828,0.692,0.8,0.224,0.636,-0.31,0.304,0.1253,0.7217951208865129,-0.023674475643453416,-0.06212064524305949,2020
2021-01-01,0.814,0.707,0.81,0.212,0.636,-0.345,0.271,0.128,0.715673052436119,-0.04494281035365348,-0.03473024208246556,2020
2021-02-01,0.634,0.565,0.64,0.007,0.461,-0.56,0.139,0.1431,0.7107244175658926,-0.04399016881905208,-0.20573424874684043,2020
2021-03-01,0.779,0.737,0.89,0.217,0.656,-0.297,0.206,0.1316,0.7069658697660933,0.12367445246968153,-0.17464032223577486,2020
2021-04-01,0.805,0.757,0.76,0.172,0.624,-0.331,0.146,0.1145,0.7044715904306433,-0.015507966301643358,-0.06496362412900003,2020
2021-05-01,0.822,0.698,0.79,0.235,0.636,-0.183,0.271,0.1101,0.7033039345565117,-0.054224490921717404,-0.013079443634794297,2020
2021-06-01,0.832,0.718,0.85,0.251,0.663,-0.088,0.202,0.1086,0.7037963275914124,-0.021305816973063794,-0.01949051061834861,2020
2021-07-01,0.881,0.791,0.92,0.319,0.728,-0.02,0.178,0.1077,0.7063735988894277,0.0032436006843550034,0.018382800426217205,2020
2021-08-01,0.924,0.809,0.81,0.283,0.706,-0.012,0.149,0.1074,0.7109173854655928,-0.004345164757370084,-0.0005722207082227149,2020
2021-09-01,0.945,0.875,0.92,0.328,0.767,-0.025,0.344,0.1053,0.7166392887505467,0.0072121093539142265,0.04314860189553904,2020
2021-10-01,1.045,0.928,0.98,0.371,0.831,0.111,0.344,0.1138,0.722874555940355,0.06533262375383209,0.042792820305812884,2020
2021-11-01,0.925,0.864,0.92,0.315,0.756,-0.152,0.357,0.0937,0.7287153912850671,0.0813355386551409,-0.05405092994020799,2020
2021-12-01,0.856,0.758,0.88,0.286,0.695,0.059,0.281,0.093,0.7336163435010863,-0.042911037332775084,0.0042946938316887895,2020
2022-01-01,0.875,0.782,0.91,0.308,0.719,0.083,0.432,0.0925,0.7374953189868106,-0.054061622728559064,0.035566303741748406,2020
2022-02-01,0.832,0.753,0.89,0.251,0.682,0.221,0.359,0.0597,0.7403882421234304,-0.07530806011061346,0.016919817987183117,2020
2022-03-01,1.0,0.89,1.04,0.4,0.832,0.176,0.507,0.0676,0.7421900276746147,0.10400605070597674,-0.014196078380591448,2020
2022-04-01,0.855,0.767,0.83,0.251,0.676,0.052,0.153,0.0623,0.7430470345255592,-0.05292010700369001,-0.01412692752186917,2020
2022-05-01,0.835,0.75,0.84,0.231,0.664,0.028,0.083,0.0592,0.7439062653108038,-0.08400235032265414,0.004096085011850326,2020
2022-06-01,0.979,0.847,0.92,0.335,0.77,0.107,0.248,0.0567,0.7466380087371683,-0.017930232790695177,0.04129222405352684,2020
2022-07-01,0.937,0.778,0.94,0.325,0.745,0.017,0.301,0.0567,0.7523411819199028,0.009919101135590235,-0.017260283055493097,2020
2022-08-01,0.928,0.875,0.94,0.323,0.766,0.06,0.252,0.0564,0.7610081424741861,0.018429015986218357,-0.013437158460404497,2020
2022-09-01,0.913,0.816,0.88,0.268,0.719,-0.048,0.169,0.0562,0.7723230356449654,-0.005244722783325483,-0.048078312861639994,2020
2022-10-01,1.055,0.951,0.97,0.354,0.832,0.001,0.199,0.0563,0.7860585802642122,0.08463652567880221,-0.038695105943014396,2020
2022-11-01,0.738,0.669,0.73,0.146,0.571,-0.185,-0.031,0.0736,0.802238651647653,0.088738502248076,-0.319977153895729,2020
2022-12-01,0.895,0.745,0.79,0.231,0.665,-0.03,0.303,0.0751,0.820586754046925,-0.02085875101443574,-0.13472800303248922,2020
2023-01-01,0.871,0.783,0.87,0.27,0.698,-0.021,0.182,0.0754,0.841217313221036,-0.023905926978559196,-0.11931138624247684,2020
2023-02-01,0.93,0.886,0.97,0.362,0.787,0.105,0.372,0.0769,0.8641947179409318,-0.0293904499863303,-0.047804267954601465,2020
2023-03-01,1.188,1.129,1.23,0.554,1.025,0.193,0.571,0.1127,0.8894406138376773,0.08536999489994573,0.05018939126237687,2020
2023-04-01,1.029,0.925,0.99,0.361,0.826,0.15,0.418,0.1129,0.9164060493919126,-0.04332109598575752,-0.04708495340615515,2020
2023-05-01,0.984,0.88,0.94,0.374,0.794,0.13,0.337,0.1095,0.9445088140804772,-0.10530677661452287,-0.0452020374659543,2020
2023-06-01,1.159,1.059,1.08,0.476,0.944,0.174,0.402,0.1209,0.9724516162220538,-0.049139680126630496,0.02068806390457667,2020
2023-07-01,1.324,1.161,1.19,0.588,1.066,0.321,0.616,0.1453,0.9987672619164121,-0.033267449124244806,0.10050018720783283,2020
2023-08-01,1.334,1.213,1.19,0.653,1.098,0.332,0.573,0.1666,1.0222499777833152,0.012595803407354415,0.06315421880933059,2020
2023-09-01,1.477,1.348,1.48,0.8,1.276,0.557,0.678,0.2045,1.0427517192339315,0.006411252860715324,0.2268370279053531,2020
2023-10-01,1.413,1.327,1.34,0.74,1.205,0.373,0.689,0.2237,1.0608344081389753,0.08173617336130423,0.0624294184997205,2020
2023-11-01,1.409,1.342,1.4,0.787,1.234,0.663,0.588,0.2132,1.076791658794807,0.08329997472433243,0.07390836648086063,2020
2023-12-01,1.396,1.264,1.35,0.757,1.192,0.527,0.665,0.1989,1.0904591368737913,-0.012576296440095022,0.11411715956630375,2020
2024-01-01,1.246,1.146,1.25,0.679,1.08,0.382,0.507,0.1729,1.101350388325148,0.015778673454716088,-0.03712906177986408,2020
2024-02-01,1.372,1.276,1.43,0.747,1.206,0.419,0.829,0.158,1.1086733655115713,0.0067852278469484155,0.09054140664148025,2020
2024-03-01,1.275,1.221,1.39,0.637,1.131,0.106,0.559,0.1577,1.1116149416388057,0.07604603938244199,-0.056660981021247725,2020
2024-04-01,1.265,1.207,1.31,0.631,1.103,0.277,0.492,0.1344,1.1105640315714256,-0.024772903303736032,0.01720887173231045,2020
2024-05-01,1.158,1.061,1.16,0.563,0.985,0.191,0.335,0.1006,1.1069094398671862,-0.1214055496012331,-0.0005038902659530997,2020
2024-06-01,1.232,1.094,1.24,0.588,1.038,0.094,0.518,0.0879,1.10194757022224,-0.08301047888758879,0.019062908665348655,2020
2024-07-01,1.23,1.13,1.2,0.606,1.041,-0.025,0.581,0.0899,1.0962491402228223,-0.07610047013841643,0.02085132991559413,2020
2024-08-01,1.289,1.216,1.3,0.646,1.113,0.015,0.465,0.0895,1.0900996511648564,0.005730145204177239,0.01717020363096644,2020
2024-09-01,1.286,1.143,1.23,0.619,1.07,-0.206,0.401,0.0789,1.0832589266114654,0.01560980275057662,-0.02886872936204199,2020
2024-10-01,1.367,1.201,1.34,0.704,1.153,-0.052,0.522,0.0749,1.0753291215057232,0.07835549334739686,-0.0006846148531201024,2020
2024-11-01,1.347,1.209,1.29,0.691,1.134,-0.1,0.636,0.065,1.0660612068601822,0.08029363795885272,-0.012354844819035149,2020
2024-12-01,1.289,1.125,1.26,0.659,1.083,-0.109,0.476,0.0589,1.0555877875855577,-0.0021004711455278506,0.029512683559970165,2020
2025-01-01,1.35,1.253,1.37,0.692,1.166,0.086,0.517,0.0621,1.0442896672771984,0.057974755975017216,0.0637355767477843,2020
2025-02-01,1.256,1.111,1.27,0.577,1.054,-0.152,0.372,0.0539,1.0307956570046117,0.043516132605759004,-0.020311789610370612,2020
2025-03-01,1.272,1.16,1.37,0.645,1.112,-0.019,0.405,0.0528,1.0170346723886516,0.06551931767802917,0.02944600993331936,2020
2025-04-01,1.189,1.09,1.24,0.564,1.021,-0.082,0.427,0.0559,1.0031870459276373,-0.001856154482350953,0.0196691085547136,2020
2025-05-01,1.058,0.952,1.07,0.465,0.886,-0.099,0.247,0.0752,0.9892365030634054,-0.13461032160839426,0.031373818544988774,2020
2025-06-01,1.042,0.882,1.06,0.359,0.836,-0.202,0.176,0.1016,0.975148194433985,-0.12054222092282424,-0.018605973511160778,2020
2025-07-01,1.018,0.806,1.02,0.38,0.806,-0.235,0.2,0.1248,0.9608973917954897,-0.12263512583648793,-0.032262265959001724,2020
2025-08-01,1.127,0.92,1.17,0.464,0.92,-0.193,0.251,0.1264,0.9464824770428102,-0.00387389941811837,-0.022608577624691817,2020
2025-09-01,1.236,1.006,1.25,0.531,1.006,-0.064,0.299,0.1254,0.9319216240434453,0.02792472727090914,0.04615364868564564,2020
2025-10-01,1.236,0.987,1.19,0.535,0.987,-0.166,0.091,0.1177,0.9172373942764124,0.07321700979362214,-0.0034544040700345002,2020
2025-11-01,1.21,0.976,1.2,0.519,0.976,-0.158,0.116,0.1101,0.9024342872770653,0.07325533100851482,0.0003103817144198828,2020
2025-12-01,1.089,0.869,1.07,0.449,0.869,-0.214,-0.093,0.1106,0.8875134226133584,0.0071256461846226134,-0.025639068797981057,2020
