,Date,Global_Temp_Avg,Warming_Velocity_12m,Warming_Velocity_10y,Temp_Volatility_12m,Trend_Component,Seasonal_Component,Residual_Component
0,1850-01-01,-0.72,,,,-0.503663220969533,-0.1518737904666209,-0.064462988563846
1,1850-02-01,-0.441,,,,-0.5002481100708782,0.0071916620986809,0.0520564479721972
2,1850-03-01,-0.567,,,,-0.4966838816024893,-0.1287718692744989,0.0584557508769882
3,1850-04-01,-0.778,,,,-0.4929336212945116,-0.318901610783344,0.0338352320778556
4,1850-05-01,-0.549,,,,-0.4889981493779399,-0.025394834558553,-0.034607016063507
5,1850-06-01,-0.404,,,,-0.4849066577491988,0.1011879966511141,-0.0202813389019153
6,1850-07-01,-0.289,,,,-0.4806912759820387,0.1953225169304937,-0.0036312409484549
7,1850-08-01,-0.333,,,,-0.4763904567154963,0.1281012358681839,0.0152892208473124
8,1850-09-01,-0.445,,,,-0.4720695429135224,0.058317756539013,-0.0312482136254906
9,1850-10-01,-0.497,,,,-0.4678526586245232,0.0092038167898023,-0.038351158165279
10,1850-11-01,-0.371,,,,-0.46391070787056,0.0954785131440642,-0.0025678052735041
11,1850-12-01,-0.482,,,0.1466,-0.4600191508996312,0.0115773582896195,-0.0335582073899883
12,1851-01-01,-0.482,0.238,,0.1275,-0.4526270022568564,-0.1340007185743567,0.1046277208312131
13,1851-02-01,-0.501,-0.06,,0.1274,-0.4438503362362694,-0.0396377886930233,-0.0175118750707072
14,1851-03-01,-0.618,-0.051,,0.1315,-0.4342693181327974,-0.1116868595427307,-0.0720438223244718
15,1851-04-01,-0.689,0.089,,0.1146,-0.4244136815887145,-0.2555951800480542,-0.0089911383632311
16,1851-05-01,-0.418,0.131,,0.1127,-0.4146018397833592,-0.0198913775391718,0.0164932173225311
17,1851-06-01,-0.306,0.098,,0.1205,-0.4050077894546091,0.0968938838846095,0.0021139055699995
18,1851-07-01,-0.222,0.067,,0.13,-0.3962021240313991,0.1766157466906371,-0.002413622659238
19,1851-08-01,-0.28,0.053,,0.135,-0.3883819121512351,0.1114965872999176,-0.0031146751486825
20,1851-09-01,-0.306,0.139,,0.1406,-0.3811979782522839,0.0595085373104652,0.0156894409418186
21,1851-10-01,-0.231,0.266,,0.1499,-0.3743519858811187,0.0235862431585674,0.1197657427225512
22,1851-11-01,-0.301,0.07,,0.1529,-0.3677868867448287,0.0560139742130175,0.0107729125318112
23,1851-12-01,-0.344,0.138,,0.1516,-0.3612601495278602,0.0118818817727207,0.0053782677551394
24,1852-01-01,-0.44,0.042,,0.1498,-0.3551417801544884,-0.1154619354680283,0.0306037156225167
25,1852-02-01,-0.552,-0.051,,0.1539,-0.3496314677086087,-0.0797381384284244,-0.1226303938629669
26,1852-03-01,-0.676,-0.058,,0.1623,-0.3446369966124183,-0.092692513547094,-0.2386704898404876
27,1852-04-01,-0.609,0.08,,0.1505,-0.3404115788885745,-0.1886376957321362,-0.0799507253792891
28,1852-05-01,-0.302,0.116,,0.1522,-0.3372531484716154,-0.0170800387621824,0.0523331872337978
29,1852-06-01,-0.217,0.089,,0.1583,-0.3350711175073995,0.0888859515618954,0.029185165945504
30,1852-07-01,-0.181,0.041,,0.1622,-0.3334128047879707,0.1556327181245957,-0.0032199133366249
31,1852-08-01,-0.275,0.005,,0.1625,-0.3318226502397478,0.0964193479563229,-0.0395966977165752
32,1852-09-01,-0.185,0.121,,0.1703,-0.330135087032142,0.0598194278107106,0.0853156592214314
33,1852-10-01,-0.284,-0.053,,0.1674,-0.3287064836838937,0.0416743551191019,0.0030321285647919
34,1852-11-01,-0.293,0.008,,0.1677,-0.3279793729771046,0.0203917005552461,0.0145876724218584
35,1852-12-01,-0.248,0.096,,0.1709,-0.328492404516188,0.0086745926129894,0.0718178119031985
36,1853-01-01,-0.459,-0.019,,0.1719,-0.330749327549225,-0.1015127804966706,-0.0267378919541043
37,1853-02-01,-0.465,0.087,,0.1646,-0.3349482382239426,-0.1163984423385435,-0.0136533194375138
38,1853-03-01,-0.446,0.23,,0.1335,-0.3410227611139422,-0.0767849728948729,-0.0281922659911848
39,1853-04-01,-0.454,0.155,,0.1095,-0.3486586852776395,-0.1203412235689638,0.0149999088466032
40,1853-05-01,-0.369,-0.067,,0.1103,-0.357331023062809,-0.0179346647431655,0.0062656878059745
41,1853-06-01,-0.241,-0.024,,0.1084,-0.3658332486668036,0.0754780418059873,0.0493552068608163
42,1853-07-01,-0.179,0.002,,0.1087,-0.3729655772621963,0.1273544477115114,0.0666111295506849
43,1853-08-01,-0.266,0.009,,0.1091,-0.3785105226515415,0.078721579890513,0.0337889427610283
44,1853-09-01,-0.39,-0.205,,0.1011,-0.3831471164827428,0.0565189117871196,-0.0633717953043768
45,1853-10-01,-0.464,-0.18,,0.1051,-0.3873701498337524,0.0518634929515164,-0.128493343117764
46,1853-11-01,-0.526,-0.233,,0.1135,-0.3912851716062266,-0.0172615218244505,-0.1174533065693229
47,1853-12-01,-0.378,-0.13,,0.1062,-0.3947716016294806,-0.0010236965161866,0.0177952981456672
48,1854-01-01,-0.551,-0.092,,0.1149,-0.397334595769199,-0.0845309249338277,-0.0691344792969733
49,1854-02-01,-0.524,-0.059,,0.1194,-0.3985094698350784,-0.0853120344869757,-0.0401784956779457
50,1854-03-01,-0.371,0.075,,0.1187,-0.3977831041898232,-0.0290744484679202,0.0558575526577434
51,1854-04-01,-0.39,0.064,,0.1171,-0.3945361216410143,-0.065257168541877,0.0697932901828913
52,1854-05-01,-0.457,-0.088,,0.1186,-0.3886340236566264,-0.0345059701995343,-0.0338600061438391
53,1854-06-01,-0.384,-0.143,,0.1085,-0.3809771340236806,0.0548908208905149,-0.0579136868668343
54,1854-07-01,-0.31,-0.131,,0.0882,-0.3729036151624458,0.1001729066528435,-0.0372692914903977
55,1854-08-01,-0.302,-0.036,,0.083,-0.3657057230782178,0.0657143133548128,-0.0020085902765949
56,1854-09-01,-0.29,0.1,,0.091,-0.3599454089505448,0.0243038638692164,0.0456415450813283
57,1854-10-01,-0.255,0.209,,0.0998,-0.3555378403815962,0.0496717433795822,0.0508660970020139
58,1854-11-01,-0.373,0.153,,0.0909,-0.3524985455500412,-0.038809269673682,0.0183078152237233
59,1854-12-01,-0.428,-0.05,,0.0918,-0.3509666148624057,-0.02933231828858,-0.0477010668490141
60,1855-01-01,-0.361,0.19,,0.0758,-0.3504459776132611,-0.0482790777138852,0.0377250553271463
61,1855-02-01,-0.329,0.195,,0.0589,-0.3505529580620103,-0.04498192085517,0.0665348789171803
62,1855-03-01,-0.342,0.029,,0.0587,-0.3514346601506345,-0.0007631862593199,0.0101978464099544
63,1855-04-01,-0.347,0.043,,0.0575,-0.3533194463435164,-0.0575818273530759,0.0639012736965924
64,1855-05-01,-0.414,0.043,,0.0511,-0.356104606315698,-0.0410777699293161,-0.0168176237549857
65,1855-06-01,-0.358,0.026,,0.0498,-0.359683719185654,0.0550487392964485,-0.0533650201107944
66,1855-07-01,-0.451,-0.141,,0.0575,-0.3641067052060557,0.0811059169458676,-0.1679992117398118
67,1855-08-01,-0.317,-0.015,,0.0564,-0.3690754900128453,0.0512420823324429,0.0008334076804022
68,1855-09-01,-0.385,-0.095,,0.0529,-0.3744101079206586,0.0078629795729712,-0.0184528716523126
69,1855-10-01,-0.286,-0.031,,0.0477,-0.3801620419395916,0.0477513596778779,0.0464106822617137
70,1855-11-01,-0.425,-0.052,,0.0506,-0.3865616683975745,-0.0357997966588892,-0.0026385349435362
71,1855-12-01,-0.451,-0.023,,0.0534,-0.3937157647346384,-0.0477824304311961,-0.0095018048341654
72,1856-01-01,-0.25,0.111,,0.064,-0.4019341478505793,-0.0184377817342071,0.1703719295847864
73,1856-02-01,-0.394,-0.065,,0.0637,-0.4114816438596663,-0.02361821067607,0.0410998545357363
74,1856-03-01,-0.399,-0.057,,0.0636,-0.4223895225693968,0.0059674044439263,0.0174221181254704
75,1856-04-01,-0.554,-0.207,,0.0815,-0.4347389846785479,-0.0732987910985555,-0.0459622242228965
76,1856-05-01,-0.41,0.004,,0.0814,-0.4483417109578839,-0.05121472738435,0.0895564383422339
77,1856-06-01,-0.34,0.018,,0.0822,-0.4628292116604331,0.0697265546138066,0.0531026570466264
78,1856-07-01,-0.363,0.088,,0.08,-0.4782597689246042,0.066580615121729,0.0486791538028752
79,1856-08-01,-0.488,-0.171,,0.0827,-0.4943936890734346,0.0525535108568656,-0.046159821783431
80,1856-09-01,-0.555,-0.17,,0.0945,-0.5104729805067946,0.0053714163759659,-0.0498984358691714
81,1856-10-01,-0.569,-0.283,,0.0961,-0.5257746708793644,0.0388253283063036,-0.0820506574269391
82,1856-11-01,-0.565,-0.14,,0.1033,-0.539390399666184,-0.0333779283063505,0.0077683279725345
83,1856-12-01,-0.59,-0.139,,0.1115,-0.5506377997895051,-0.0547037252541426,0.0153415250436478
84,1857-01-01,-0.573,-0.323,,0.0949,-0.5593742751492233,-0.0085920625692215,-0.0050336622815549
85,1857-02-01,-0.644,-0.25,,0.1008,-0.565672107909625,-0.020112587950951,-0.0582153041394239
86,1857-03-01,-0.614,-0.215,,0.0995,-0.569558395870146,0.006085696665735,-0.0505273007955889
87,1857-04-01,-0.735,-0.181,,0.1169,-0.5706549588439835,-0.0713963917447067,-0.0929486494113096
88,1857-05-01,-0.666,-0.256,,0.115,-0.569111480658729,-0.0623850563338077,-0.0345034630074633
89,1857-06-01,-0.451,-0.111,,0.0992,-0.5654346201483376,0.0867850260109053,0.0276495941374321
90,1857-07-01,-0.519,-0.156,,0.0778,-0.5604240873053048,0.065882194417162,-0.0244581071118572
91,1857-08-01,-0.487,0.001,,0.0779,-0.5548338331743741,0.065220444523895,0.0026133886504789
92,1857-09-01,-0.5,0.055,,0.0811,-0.5489567093990226,0.0061638572583447,0.0427928521406779
93,1857-10-01,-0.528,0.041,,0.0823,-0.5424862346914885,0.0279619560799454,-0.0134757213884569
94,1857-11-01,-0.572,-0.007,,0.0823,-0.5355926893388193,-0.0351771775736636,-0.001230133087517
95,1857-12-01,-0.382,0.208,,0.0987,-0.5288795554648448,-0.0492372583278782,0.196116813792723
96,1858-01-01,-0.542,0.031,,0.0986,-0.5226012923913607,-0.0372394961936066,0.0178407885849672
97,1858-02-01,-0.537,0.107,,0.0944,-0.5169517365654029,-0.0339806512302156,0.0139323877956185
98,1858-03-01,-0.471,0.143,,0.0939,-0.5121295504276391,-0.0074343179677763,0.0485638683954154
99,1858-04-01,-0.545,0.19,,0.0694,-0.5079951042084474,-0.035130791142502,-0.0018741046490506
100,1858-05-01,-0.606,0.06,,0.0591,-0.5042644881517432,-0.0504911618156731,-0.0512443500325836
101,1858-06-01,-0.477,-0.026,,0.0571,-0.5007065194372857,0.0888564181916234,-0.0651498987543377
102,1858-07-01,-0.423,0.096,,0.0628,-0.4967698437010427,0.0376372952882632,0.0361325484127795
103,1858-08-01,-0.383,0.104,,0.0721,-0.4920028286506688,0.0787668930536202,0.0302359355970485
104,1858-09-01,-0.492,0.008,,0.0721,-0.4861627793230424,0.0364376209935197,-0.0422748416704772
105,1858-10-01,-0.403,0.125,,0.0761,-0.4795244986220969,0.0205379125760888,0.055986586046008
106,1858-11-01,-0.54,0.032,,0.0733,-0.4725889585744728,-0.0371141141942775,-0.0302969272312496
107,1858-12-01,-0.585,-0.203,,0.0711,-0.4657244575265219,-0.0376524944500859,-0.0816230480233921
108,1859-01-01,-0.573,-0.031,,0.0733,-0.4592450204832821,-0.0859169542878287,-0.027838025228889
109,1859-02-01,-0.479,0.058,,0.0728,-0.4530602168814222,-0.0442599910099651,0.0183202078913874
110,1859-03-01,-0.46,0.011,,0.0732,-0.4467532017082004,-0.027146612060173,0.0138998137683734
111,1859-04-01,-0.324,0.221,,0.0867,-0.4399785253386548,0.0115264131982771,0.1044521121403777
112,1859-05-01,-0.261,0.345,,0.0972,-0.4329043699495372,-0.0169845025449246,0.1888888724944618
113,1859-06-01,-0.31,0.167,,0.1046,-0.4261487394209243,0.0797778302016913,0.0363709092192329
114,1859-07-01,-0.508,-0.085,,0.1065,-0.4206873191735559,0.0301896722026108,-0.117502353029055
115,1859-08-01,-0.341,0.042,,0.1093,-0.4171813514822467,0.0912293758444794,-0.0150480243622326
116,1859-09-01,-0.57,-0.078,,0.1149,-0.4157576160460731,0.0618785359906386,-0.2161209199445654
117,1859-10-01,-0.405,-0.002,,0.1149,-0.4165625198379576,0.0108821233824154,0.0006803964555421
118,1859-11-01,-0.417,0.123,,0.1112,-0.4193226137121481,-0.0387038274614521,0.0410264411736002
119,1859-12-01,-0.389,0.196,,0.1012,-0.4233041392090658,-0.0268147096420607,0.0611188488511266
120,1860-01-01,-0.49,0.083,0.23,0.0923,-0.4279237378359563,-0.1480689981593316,0.0859927359952879
121,1860-02-01,-0.502,-0.023,-0.061,0.094,-0.4328848252961261,-0.0919087333013231,0.0227935585974492
122,1860-03-01,-0.62,-0.16,-0.053,0.1108,-0.4383148547359863,-0.0431657412851256,-0.138519403978888
123,1860-04-01,-0.429,-0.105,0.349,0.1059,-0.4450811959500009,0.047800156597314,-0.031718960647313
124,1860-05-01,-0.415,-0.154,0.134,0.0909,-0.4537492069234758,0.031698788128477,0.0070504187949988
125,1860-06-01,-0.394,-0.084,0.01,0.082,-0.463416349613645,0.0931376010767608,-0.0237212514631159
126,1860-07-01,-0.43,0.078,-0.141,0.0806,-0.472295086468677,0.0338804122520749,0.008414674216602
127,1860-08-01,-0.39,-0.049,-0.057,0.0757,-0.4794315391857565,0.091261855035118,-0.0018303158493615
128,1860-09-01,-0.355,0.215,0.09,0.0711,-0.484509928198041,0.0835960434898191,0.0459138847082219
129,1860-10-01,-0.529,-0.124,-0.032,0.075,-0.4877886267663218,0.0030046357871926,-0.0442160090208708
130,1860-11-01,-0.55,-0.133,-0.179,0.0799,-0.4899940774339941,-0.0288570649154022,-0.0311488576506037
131,1860-12-01,-0.747,-0.358,-0.265,0.1122,-0.4921233583013896,0.0002164868764152,-0.2550931285750256
132,1861-01-01,-0.761,-0.271,-0.279,0.1372,-0.4949017955353111,-0.2035336202949651,-0.0625645841697237
133,1861-02-01,-0.891,-0.389,-0.39,0.1757,-0.4984437272140548,-0.1603278504639001,-0.2322284223220451
134,1861-03-01,-0.523,0.097,0.095,0.174,-0.5026083603448652,-0.0621213919092422,0.0417297522541074
135,1861-04-01,-0.411,0.018,0.278,0.1751,-0.5072539159247296,0.050190763611241,0.0460631523134885
136,1861-05-01,-0.67,-0.255,-0.252,0.1749,-0.5123471959969217,0.0746563928466432,-0.2323091968497215
137,1861-06-01,-0.41,-0.016,-0.104,0.1737,-0.5177234054323829,0.1036480980878093,0.0040753073445736
138,1861-07-01,-0.455,-0.025,-0.233,0.1722,-0.5235597713600488,0.0551313057907319,0.0134284655693168
139,1861-08-01,-0.395,-0.005,-0.115,0.1717,-0.5303951845954538,0.0777331187267078,0.0576620658687458
140,1861-09-01,-0.448,-0.093,-0.142,0.1636,-0.5385921488553288,0.0941263501672827,-0.0035342013119539
141,1861-10-01,-0.557,-0.028,-0.326,0.1633,-0.547583423242423,0.0027738489245222,-0.0121904256820992
142,1861-11-01,-0.378,0.172,-0.077,0.1723,-0.5567797035459706,-0.0116662313891166,0.1904459349350872
143,1861-12-01,-0.568,0.179,-0.224,0.1615,-0.5657826601112658,0.0210851523910694,-0.0233024922798036
144,1862-01-01,-0.825,-0.064,-0.385,0.1703,-0.5739011321402093,-0.2237524308342169,-0.0273464370255737
145,1862-02-01,-0.827,0.064,-0.275,0.1591,-0.581076707883887,-0.1830955286486583,-0.0628277634674545
146,1862-03-01,-0.679,-0.156,-0.003,0.164,-0.587543064786838,-0.0634622366792582,-0.0279946985339037
147,1862-04-01,-0.575,-0.164,0.034,0.1579,-0.5932623392217976,0.023444299628971,-0.0051819604071733
148,1862-05-01,-0.489,0.181,-0.187,0.1556,-0.5975162163112981,0.097922091158113,0.010594125153185
149,1862-06-01,-0.46,-0.05,-0.243,0.1521,-0.5995768036111344,0.1146558357438535,0.0249209678672808
150,1862-07-01,-0.52,-0.065,-0.339,0.1494,-0.5994763562988646,0.0859765977608473,-0.0065002414619826
151,1862-08-01,-0.583,-0.188,-0.308,0.1401,-0.5987032683547906,0.0622270267085814,-0.0465237583537908
152,1862-09-01,-0.53,-0.082,-0.345,0.1352,-0.6001511097395215,0.0540052253217535,0.0161458844177678
153,1862-10-01,-0.514,0.043,-0.23,0.1365,-0.6044109918883248,-0.0041708406608185,0.0945818325491433
154,1862-11-01,-0.638,-0.26,-0.345,0.1215,-0.6092982588541636,0.0152745389235005,-0.0439762800693369
155,1862-12-01,-0.943,-0.375,-0.695,0.1557,-0.6137440606712697,0.0184881081789703,-0.3477440475077006
156,1863-01-01,-0.463,0.362,-0.004,0.1499,-0.6174299117934302,-0.2067205630205637,0.3611504748139938
157,1863-02-01,-0.558,0.269,-0.093,0.1322,-0.6198476950165344,-0.1857789642616498,0.2476266592781841
158,1863-03-01,-0.509,0.17,-0.063,0.1296,-0.6209832555116725,-0.0739532325388197,0.1859364880504922
159,1863-04-01,-0.43,0.145,0.024,0.1353,-0.6216045277618045,-0.0137892934619568,0.2053938212237613
160,1863-05-01,-0.51,-0.021,-0.141,0.1345,-0.6227380780940645,0.1017144826377049,0.0110235954563594
161,1863-06-01,-0.577,-0.117,-0.336,0.1312,-0.6249815382423782,0.1327043825839485,-0.0847228443415702
162,1863-07-01,-0.552,-0.032,-0.373,0.1305,-0.6267601787502213,0.1187777748410748,-0.0440175960908536
163,1863-08-01,-0.579,0.004,-0.313,0.1305,-0.6246571580850508,0.0408737794481001,0.0047833786369507
164,1863-09-01,-0.634,-0.104,-0.244,0.1313,-0.6182579146654092,0.0265233513857844,-0.0422654367203751
165,1863-10-01,-0.65,-0.136,-0.186,0.1314,-0.6094179845962989,-0.0152455787721972,-0.0253364366315038
166,1863-11-01,-0.493,0.145,0.033,0.1329,-0.5994897173109774,0.0327911889663989,0.0736985283445785
167,1863-12-01,-0.509,0.434,-0.131,0.0656,-0.5894225005708815,-0.0006144450278084,0.0810369455986899
168,1864-01-01,-0.754,-0.291,-0.203,0.0858,-0.5799485750225948,-0.1450987196548663,-0.0289527053225389
169,1864-02-01,-0.721,-0.163,-0.197,0.0971,-0.571365565515802,-0.1214483283934272,-0.0281861060907707
170,1864-03-01,-0.667,-0.158,-0.296,0.0978,-0.563785288635031,-0.0913266589664465,-0.0118880523985225
171,1864-04-01,-0.638,-0.208,-0.248,0.0845,-0.5571481601450745,-0.0613937811145044,-0.019458058740421
172,1864-05-01,-0.436,0.074,0.021,0.0943,-0.5510946808248884,0.0480792105861561,0.0670154702387323
173,1864-06-01,-0.296,0.281,0.088,0.1292,-0.544559849952712,0.1329712948974589,0.1155885550552531
174,1864-07-01,-0.349,0.203,-0.039,0.1451,-0.5365146435071693,0.1504080284727936,0.0371066150343756
175,1864-08-01,-0.532,0.047,-0.23,0.1452,-0.5270891978535046,0.0448771300229702,-0.0497879321694656
176,1864-09-01,-0.538,0.096,-0.248,0.1432,-0.5168481416603674,0.0192229681594552,-0.0403748264990878
177,1864-10-01,-0.6,0.05,-0.345,0.1407,-0.5060839664342359,-0.0299249296425273,-0.0639911039232367
178,1864-11-01,-0.463,0.03,-0.09,0.1419,-0.4950231506199583,0.0467220858844922,-0.0146989352645339
179,1864-12-01,-0.601,-0.092,-0.173,0.1425,-0.4837628062466291,-0.0180457886779991,-0.0991914050753716
180,1865-01-01,-0.271,0.483,0.09,0.1476,-0.4721263542378746,-0.0894452658430216,0.2905716200808963
181,1865-02-01,-0.411,0.31,-0.082,0.1337,-0.4599968849074097,-0.0810516287526702,0.1300485136600799
182,1865-03-01,-0.536,0.131,-0.194,0.1222,-0.4470613373246744,-0.105933972767735,0.0169953100924094
183,1865-04-01,-0.503,0.135,-0.156,0.1113,-0.4329834464050063,-0.1042541359761507,0.034237582381157
184,1865-05-01,-0.476,-0.04,-0.062,0.1111,-0.4183885550144892,-0.0084796955308726,-0.0491317494546381
185,1865-06-01,-0.282,0.014,0.076,0.1131,-0.4049019120983055,0.1396057541300474,-0.0167038420317419
186,1865-07-01,-0.199,0.15,0.252,0.1333,-0.3942378852402907,0.1704018461480844,0.0248360390922062
187,1865-08-01,-0.286,0.246,0.031,0.1386,-0.3871829177654171,0.0494158643312816,0.0517670534341354
188,1865-09-01,-0.244,0.294,0.141,0.1437,-0.3839015568768849,0.0260430381191996,0.1138585187576852
189,1865-10-01,-0.36,0.24,-0.074,0.1304,-0.3834963757531544,-0.0247134157331708,0.0482097914863252
190,1865-11-01,-0.369,0.094,0.056,0.1281,-0.3848049029240902,0.0629142336603383,-0.0471093307362481
191,1865-12-01,-0.415,0.186,0.036,0.1084,-0.3874071742369092,-0.0607339694086905,0.0331411436455997
192,1866-01-01,-0.302,-0.031,-0.052,0.1064,-0.3914473319609806,-0.0386532676368525,0.1281005995978332
193,1866-02-01,-0.431,-0.02,-0.037,0.1073,-0.3969400080219071,-0.0802854726989134,0.0462254807208205
194,1866-03-01,-0.566,-0.03,-0.167,0.1119,-0.4041665899336517,-0.0954100855814817,-0.0664233244848665
195,1866-04-01,-0.6,-0.097,-0.046,0.1251,-0.4134678856180232,-0.1165670871463664,-0.0699650272356103
196,1866-05-01,-0.72,-0.244,-0.31,0.1581,-0.4242332131152895,-0.0385304252146719,-0.2572363616700385
197,1866-06-01,-0.288,-0.006,0.052,0.1577,-0.4352559025240948,0.1162600130371759,0.0309958894869188
198,1866-07-01,-0.246,-0.047,0.117,0.1528,-0.4458449061807639,0.1592712763633677,0.040573629817396
199,1866-08-01,-0.378,-0.092,0.11,0.1487,-0.4559168606412451,0.0495426729810703,0.0283741876601747
200,1866-09-01,-0.478,-0.234,0.077,0.14,-0.4655462060690498,0.045950244022407,-0.0584040379533571
201,1866-10-01,-0.521,-0.161,0.048,0.1405,-0.4748561906965051,0.0170479296809495,-0.0631917389844445
202,1866-11-01,-0.327,0.042,0.238,0.143,-0.4833479241346258,0.0622275446310029,0.0941203795036228
203,1866-12-01,-0.334,0.081,0.256,0.1461,-0.4904274955391643,-0.087470337791815,0.2438978333309794
204,1867-01-01,-0.536,-0.234,0.037,0.1427,-0.4958531918569333,0.0050060817326029,-0.0451528898756696
205,1867-02-01,-0.64,-0.209,0.004,0.1523,-0.4995108920339208,-0.1091725404025213,-0.0313165675635578
206,1867-03-01,-0.565,0.001,0.049,0.1523,-0.5014041223008093,-0.0809648547185735,0.0173689770193828
207,1867-04-01,-0.633,-0.033,0.102,0.1551,-0.5016188782571819,-0.1033556462701147,-0.0280254754727034
208,1867-05-01,-0.599,0.121,0.067,0.1408,-0.4996515365159532,-0.0378295294474959,-0.0615189340365508
209,1867-06-01,-0.412,-0.124,0.039,0.1311,-0.4951321225051912,0.0778006514247948,0.0053314710803963
210,1867-07-01,-0.444,-0.198,0.075,0.1109,-0.4882016296289341,0.1456762907544065,-0.1014746611254723
211,1867-08-01,-0.505,-0.127,-0.018,0.1053,-0.4794657205618389,0.0503731403568497,-0.0759074197950107
212,1867-09-01,-0.363,0.115,0.137,0.1124,-0.4697304396853358,0.0434806799744388,0.063249759710897
213,1867-10-01,-0.373,0.148,0.155,0.1167,-0.459520234671575,0.0313606703462614,0.0551595643253135
214,1867-11-01,-0.37,-0.043,0.202,0.1123,-0.4492465582356282,0.063264873434642,0.0159816848009861
215,1867-12-01,-0.56,-0.226,-0.178,0.104,-0.4389247297447693,-0.0915196871646949,-0.0295555830905357
216,1868-01-01,-0.639,-0.103,-0.097,0.1112,-0.4284314114691069,-0.0059720154884407,-0.2045965730424523
217,1868-02-01,-0.568,0.072,-0.031,0.1053,-0.4183768602162225,-0.1334382053723614,-0.0161849344114159
218,1868-03-01,-0.359,0.206,0.112,0.1108,-0.409455571498182,-0.0747483370442323,0.1252039085424144
219,1868-04-01,-0.445,0.188,0.1,0.1009,-0.4018405974246462,-0.060251911989719,0.0170925094143651
220,1868-05-01,-0.369,0.23,0.237,0.0958,-0.3955629480944624,0.0004889230882395,0.0260740250062228
221,1868-06-01,-0.379,0.033,0.098,0.0975,-0.3911624386704325,0.0540189456508068,-0.0418565069803743
222,1868-07-01,-0.225,0.219,0.198,0.1169,-0.3887107416603934,0.1484817088161678,0.0152290328442255
223,1868-08-01,-0.308,0.197,0.075,0.1191,-0.3874645251600685,0.0452199995271528,0.0342445256329156
224,1868-09-01,-0.369,-0.006,0.123,0.1189,-0.3871960008768975,0.0388369519498066,-0.020640951072909
225,1868-10-01,-0.229,0.144,0.174,0.1301,-0.387878465260295,0.0127228352990654,0.1461556299612295
226,1868-11-01,-0.443,-0.073,0.097,0.1302,-0.3894495047041301,0.0520925881555232,-0.1056430834513931
227,1868-12-01,-0.233,0.327,0.352,0.1297,-0.391632246352705,-0.108025563701635,0.2666578100543401
228,1869-01-01,-0.323,0.316,0.25,0.1014,-0.3940908611301528,-0.0313639363807627,0.1024547975109155
229,1869-02-01,-0.074,0.494,0.405,0.1068,-0.3959692011168448,-0.1431433613753821,0.4651125624922269
230,1869-03-01,-0.528,-0.169,-0.068,0.1233,-0.3973413975265606,-0.0755152558724463,-0.055143346600993
231,1869-04-01,-0.406,0.039,-0.082,0.1204,-0.3987959816530159,-0.0012967195326976,-0.0059072988142864
232,1869-05-01,-0.29,0.079,-0.029,0.1199,-0.400504738849957,0.0409049979841498,0.0695997408658071
233,1869-06-01,-0.389,-0.01,-0.079,0.1204,-0.4019197234515564,0.0531617228532143,-0.0402419994016578
234,1869-07-01,-0.452,-0.227,0.056,0.1222,-0.402939889928639,0.1685337066317098,-0.2175938167030707
235,1869-08-01,-0.366,-0.058,-0.025,0.1221,-0.4040768075205256,0.0559448548008615,-0.0178680472803359
236,1869-09-01,-0.387,-0.018,0.183,0.1226,-0.4055919257487061,0.0252505987070264,-0.0066586729583203
237,1869-10-01,-0.466,-0.237,-0.061,0.1216,-0.4076217678783818,-0.0159498335451419,-0.0424283985764763
238,1869-11-01,-0.299,0.144,0.118,0.1201,-0.4097365715647778,0.0162625386063864,0.0944740329583914
239,1869-12-01,-0.48,-0.247,-0.091,0.1192,-0.4118291346614594,-0.1085965994157833,0.0404257340772428
240,1870-01-01,-0.496,-0.173,-0.006,0.1231,-0.4143806130552223,-0.056517677333355,-0.0251017096114227
241,1870-02-01,-0.545,-0.471,-0.043,0.0832,-0.4176026807854889,-0.1406742901638842,0.013276970949373
242,1870-03-01,-0.497,0.031,0.123,0.0802,-0.4215985516299571,-0.087742374430039,0.0123409260599962
243,1870-04-01,-0.369,0.037,0.06,0.0816,-0.4267444139240882,0.0204347339762804,0.0373096799478077
244,1870-05-01,-0.432,-0.142,-0.017,0.0706,-0.433342841525856,0.0777968195538414,-0.0764539780279854
245,1870-06-01,-0.339,0.05,0.055,0.0747,-0.4410500169910373,0.0651840723010145,0.0368659446900227
246,1870-07-01,-0.252,0.2,0.178,0.0895,-0.4490671834266367,0.1908153108903795,0.0062518725362572
247,1870-08-01,-0.372,-0.006,0.018,0.0893,-0.456019675807812,0.0726200717788822,0.0113996040289298
248,1870-09-01,-0.42,-0.033,-0.065,0.089,-0.4605665019865587,0.0202117460075551,0.0203547559790036
249,1870-10-01,-0.549,-0.083,-0.02,0.0963,-0.4625373458160153,-0.051231488309939,-0.0352311658740456
250,1870-11-01,-0.463,-0.164,0.087,0.0888,-0.4633481093902476,-0.0093001795769673,0.0096482889672149
251,1870-12-01,-0.668,-0.188,0.079,0.1113,-0.4643931700012491,-0.0980397558279227,-0.1055670741708281
252,1871-01-01,-0.634,-0.138,0.127,0.123,-0.4660671748285122,-0.0916099204893358,-0.0763229046821519
253,1871-02-01,-0.631,-0.086,0.26,0.1305,-0.4682943153826497,-0.1209219038012652,-0.041783780816085
254,1871-03-01,-0.284,0.213,0.239,0.1405,-0.4705044754557181,-0.0839806107534919,0.2704850862092101
255,1871-04-01,-0.355,0.014,0.056,0.1413,-0.4722579289537816,-0.0017278596776546,0.1189857886314362
256,1871-05-01,-0.352,0.08,0.318,0.1441,-0.472771500258147,0.0864353235899873,0.0343361766681597
257,1871-06-01,-0.34,-0.001,0.07,0.144,-0.4717612441618076,0.0658900300188975,0.06587121414291
258,1871-07-01,-0.249,0.003,0.206,0.1444,-0.469400873849438,0.1857530611204666,0.0346478127289713
259,1871-08-01,-0.403,-0.031,-0.008,0.1432,-0.4662130012164765,0.0997845040292527,-0.0365715028127762
260,1871-09-01,-0.504,-0.084,-0.056,0.1439,-0.4632738130399532,0.0303659946010605,-0.0710921815611073
261,1871-10-01,-0.512,0.037,0.045,0.1421,-0.4612478671094391,-0.0462432406745843,-0.0045088922159765
262,1871-11-01,-0.561,-0.098,-0.183,0.1457,-0.4600200816894467,-0.0381373804689656,-0.0628425378415876
263,1871-12-01,-0.502,0.166,0.066,0.131,-0.4584050886090873,-0.0865536618919194,0.0429587505010068
264,1872-01-01,-0.568,0.066,0.257,0.1235,-0.4553420410839962,-0.0728646360814801,-0.0397933228345235
265,1872-02-01,-0.539,0.092,0.288,0.1128,-0.4509914767376112,-0.0884597334827337,0.0004512102203449
266,1872-03-01,-0.523,-0.239,0.156,0.1054,-0.4460524226202345,-0.0834566922894094,0.0065091149096439
267,1872-04-01,-0.522,-0.167,0.053,0.1026,-0.4408457453011353,-0.0394771700946961,-0.0416770846041686
268,1872-05-01,-0.277,0.075,0.212,0.112,-0.4353673996905364,0.0738718138483277,0.0844955858422086
269,1872-06-01,-0.428,-0.088,0.032,0.1063,-0.4300101853069151,0.0425341393183667,-0.0405239540114517
270,1872-07-01,-0.28,-0.031,0.24,0.1008,-0.4255660495776403,0.1566290696801965,-0.0110630201025562
271,1872-08-01,-0.166,0.237,0.417,0.1328,-0.4223718139276801,0.1078152887069753,0.1485565252207048
272,1872-09-01,-0.297,0.207,0.233,0.1383,-0.4202206861769104,0.0421018610508067,0.0811188251261036
273,1872-10-01,-0.427,0.085,0.087,0.1359,-0.4189925944820654,-0.0320839048035003,0.0240764992855657
274,1872-11-01,-0.493,0.068,0.145,0.131,-0.4186131503921708,-0.0516362702688795,-0.0227505793389496
275,1872-12-01,-0.53,-0.028,0.413,0.1329,-0.4195856414907216,-0.0431104213742306,-0.0673039371350478
276,1873-01-01,-0.419,0.149,0.044,0.1246,-0.4219753712584212,-0.0268969817235934,0.0298723529820146
277,1873-02-01,-0.405,0.134,0.153,0.1177,-0.4253795601714861,-0.0659223449627473,0.0863019051342334
278,1873-03-01,-0.507,0.016,0.002,0.1162,-0.4291675356045548,-0.1009844403880529,0.0231519759926078
279,1873-04-01,-0.553,-0.031,-0.123,0.1195,-0.4327804865454002,-0.0803127523234387,-0.0399067611311611
280,1873-05-01,-0.425,-0.148,0.085,0.1133,-0.436501251776448,0.0490668997818201,-0.0375656480053721
281,1873-06-01,-0.411,0.017,0.166,0.1132,-0.4405613982548945,0.0102691250358492,0.0192922732190452
282,1873-07-01,-0.334,-0.054,0.218,0.1086,-0.4452500864766448,0.1289714445369053,-0.0177213580602604
283,1873-08-01,-0.322,-0.156,0.257,0.0824,-0.4510318229490526,0.1051551297997385,0.023876693149314
284,1873-09-01,-0.478,-0.181,0.156,0.0724,-0.4581667790217338,0.0721587812411424,-0.0919920022194085
285,1873-10-01,-0.476,-0.049,0.174,0.0728,-0.4662312963078797,-0.01589730504137,0.0061286013492498
286,1873-11-01,-0.46,0.033,0.033,0.0715,-0.4741094253570787,-0.0555455543600266,0.0696549797171052
287,1873-12-01,-0.43,0.1,0.079,0.0661,-0.4806347197911614,-0.0178146674977476,0.068449387288909
288,1874-01-01,-0.383,0.036,0.371,0.0677,-0.485873261617224,-0.0036298935039436,0.1065031551211676
289,1874-02-01,-0.593,-0.188,0.128,0.0813,-0.4902354296971903,-0.0461757404801993,-0.0565888298226102
290,1874-03-01,-0.716,-0.209,-0.049,0.1118,-0.4939160177579747,-0.0901458240338126,-0.1319381582082125
291,1874-04-01,-0.598,-0.045,0.04,0.1157,-0.4969627358803337,-0.0797350107395708,-0.0213022533800954
292,1874-05-01,-0.52,-0.095,-0.084,0.1157,-0.4994046586692095,0.0051063261414227,-0.0257016674722131
293,1874-06-01,-0.63,-0.219,-0.334,0.1215,-0.5015277439266465,0.0052966889971431,-0.1337689450704967
294,1874-07-01,-0.396,-0.062,-0.047,0.1152,-0.5030465860677101,0.1161201948879682,-0.0090736088202582
295,1874-08-01,-0.446,-0.124,0.086,0.1026,-0.5031259047114849,0.0765905345890299,-0.019464629877545
296,1874-09-01,-0.343,0.135,0.195,0.1134,-0.5005079885071076,0.0865691042500447,0.0709388842570628
297,1874-10-01,-0.566,-0.09,0.034,0.1146,-0.4951283469266734,0.0109210792070208,-0.0817927322803473
298,1874-11-01,-0.558,-0.098,-0.095,0.1145,-0.4881821471391362,-0.0621069005348497,-0.0077109523260139
299,1874-12-01,-0.442,-0.012,0.159,0.1137,-0.4809498781728865,-0.0403092685919683,0.0792591467648548
300,1875-01-01,-0.493,-0.11,-0.222,0.1062,-0.474115516861781,-0.0013290455596523,-0.0175554375785665
301,1875-02-01,-0.488,0.105,-0.077,0.1045,-0.4680365320589206,-0.0308721762932891,0.0109087083522098
302,1875-03-01,-0.569,0.147,-0.033,0.0859,-0.4630723869036515,-0.0490802713913266,-0.0568473417050217
303,1875-04-01,-0.495,0.103,0.008,0.0806,-0.4598337121584118,-0.0586625129152103,0.0234962250736222
304,1875-05-01,-0.385,0.135,0.091,0.0861,-0.458492153764955,-0.0416679341096948,0.1151600878746498
305,1875-06-01,-0.402,0.228,-0.12,0.0755,-0.4584683074995254,0.0009803329412587,0.0554879745582666
306,1875-07-01,-0.352,0.044,-0.153,0.0801,-0.4592582655502584,0.1205969835606515,-0.0133387180103931
307,1875-08-01,-0.427,0.019,-0.141,0.0807,-0.4608428855026802,0.0397919753312447,-0.0059490898285644
308,1875-09-01,-0.374,-0.031,-0.13,0.077,-0.4632408802631969,0.084999840278349,0.0042410399848478
309,1875-10-01,-0.35,0.216,0.01,0.0759,-0.4659078973307162,0.0321118541647957,0.0837960431659204
310,1875-11-01,-0.556,0.002,-0.187,0.0756,-0.4687934538670181,-0.0905770004476067,0.0033704543146248
311,1875-12-01,-0.672,-0.23,-0.257,0.1001,-0.4722836206854787,-0.0638235853644226,-0.1358927939500986
312,1876-01-01,-0.533,-0.04,-0.231,0.1018,-0.4760229142276524,-0.0248843482134671,-0.0320927375588803
313,1876-02-01,-0.527,-0.039,-0.096,0.1032,-0.4795657674209401,0.0103144726969288,-0.0577487052759887
314,1876-03-01,-0.412,0.157,0.154,0.0994,-0.4821697087219894,0.0207313242051905,0.0494383845167988
315,1876-04-01,-0.51,-0.015,0.09,0.1,-0.4825927513640295,-0.051073887392916,0.0236666387569455
316,1876-05-01,-0.68,-0.295,0.04,0.1154,-0.4796781949566751,-0.0691770257414936,-0.1311447793018312
317,1876-06-01,-0.49,-0.088,-0.202,0.1126,-0.4728636981421118,0.0007425645461655,-0.0178788664040536
318,1876-07-01,-0.323,0.029,-0.077,0.116,-0.4623195260681797,0.1153323284249273,0.0239871976432524
319,1876-08-01,-0.486,-0.059,-0.108,0.1145,-0.448719563234932,0.0295081087124652,-0.0667885454775331
320,1876-09-01,-0.54,-0.166,-0.062,0.1087,-0.4329427732103451,0.0693075675631928,-0.1763647943528477
321,1876-10-01,-0.388,-0.038,0.133,0.1042,-0.4157357634369227,0.0480528643308859,-0.0203171008939632
322,1876-11-01,-0.591,-0.035,-0.264,0.1061,-0.3973778558501239,-0.0730851665756032,-0.1205369775742727
323,1876-12-01,-0.571,0.101,-0.237,0.0958,-0.3772985133625604,-0.0759670184828937,-0.1177344681545458
324,1877-01-01,-0.39,0.143,0.146,0.1007,-0.3548840254145078,-0.0345860025811858,-0.0005299720043063
325,1877-02-01,-0.236,0.291,0.404,0.1239,-0.329688824818136,0.0323877804914151,0.0613010443267207
326,1877-03-01,-0.207,0.205,0.358,0.1447,-0.3021891963022585,0.0611818805836594,0.0340073157185991
327,1877-04-01,-0.349,0.161,0.284,0.1462,-0.2736283213109338,-0.055253010244549,-0.020118668444517
328,1877-05-01,-0.364,0.316,0.235,0.1256,-0.2447318656567191,-0.0935858974828448,-0.0256822368604359
329,1877-06-01,-0.237,0.253,0.175,0.1322,-0.2164910832142941,-0.0004821047530149,-0.0200268120326908
330,1877-07-01,-0.076,0.247,0.368,0.16,-0.1901838690324134,0.1007457577322458,0.0134381113001676
331,1877-08-01,-0.027,0.459,0.478,0.1828,-0.1679423376628101,0.0197018356620809,0.1212405020007292
332,1877-09-01,-0.098,0.442,0.265,0.1815,-0.1515578333727255,0.043949983140429,0.0096078502322964
333,1877-10-01,-0.046,0.342,0.327,0.192,-0.141132572974657,0.0384112725119155,0.0567213004627414
334,1877-11-01,-0.032,0.559,0.338,0.1729,-0.1350455131591,-0.0603347352695175,0.1633802484286176
335,1877-12-01,-0.083,0.488,0.477,0.1361,-0.1313459642602749,-0.0556319900385555,0.1039779542988304
336,1878-01-01,-0.167,0.223,0.472,0.1188,-0.129437191063488,-0.0256098157836205,-0.0119529931528914
337,1878-02-01,0.002,0.238,0.57,0.1247,-0.1297459013608165,0.0198155749435063,0.1119303264173101
338,1878-03-01,0.15,0.357,0.509,0.1478,-0.1331250577435588,0.0709905719146584,0.2121344858289003
339,1878-04-01,0.039,0.388,0.484,0.1325,-0.1400546522032686,-0.0485377852104199,0.2275924374136885
340,1878-05-01,-0.217,0.147,0.152,0.1083,-0.1507038788984859,-0.0691712074463581,0.002875086344844
341,1878-06-01,-0.128,0.109,0.251,0.0966,-0.1645260210542918,-0.0103555664648256,0.0468815875191174
342,1878-07-01,-0.096,-0.02,0.129,0.0971,-0.1809241263066081,0.0630226716210054,0.0219014546856026
343,1878-08-01,-0.19,-0.163,0.118,0.1035,-0.1999830090208887,0.025379478500272,-0.0153964694793833
344,1878-09-01,-0.162,-0.064,0.207,0.1066,-0.2207864858951946,0.0183930761702645,0.0403934097249301
345,1878-10-01,-0.286,-0.24,-0.057,0.1216,-0.2425426686456943,0.0169530309498927,-0.0604103623041984
346,1878-11-01,-0.275,-0.243,0.168,0.1296,-0.2651907949589502,-0.0353767843405887,0.0255675792995389
347,1878-12-01,-0.31,-0.227,-0.077,0.1402,-0.2880079058829024,-0.0096303603328819,-0.0123617337842155
348,1879-01-01,-0.28,-0.113,0.043,0.1461,-0.3096264936667092,-0.0271987318333872,0.0568252255000964
349,1879-02-01,-0.395,-0.397,-0.321,0.1543,-0.3297170227215599,-0.0018820861211168,-0.0634008911573232
350,1879-03-01,-0.307,-0.457,0.221,0.1177,-0.3485235967310903,0.0623489370950776,-0.0208253403639873
351,1879-04-01,-0.423,-0.462,-0.017,0.1006,-0.3658274384933708,-0.0293390464661725,-0.0278335150404565
352,1879-05-01,-0.406,-0.189,-0.116,0.1084,-0.3813050851876006,-0.0079821301562603,-0.016712784656139
353,1879-06-01,-0.432,-0.304,-0.043,0.1074,-0.3942600572340757,-0.0220790811328878,-0.0156608616330364
354,1879-07-01,-0.408,-0.312,0.044,0.0908,-0.4039964761793724,0.028863055838387,-0.0328665796590145
355,1879-08-01,-0.443,-0.253,-0.077,0.0864,-0.4103092561441706,0.0351734773979117,-0.0678642212537412
356,1879-09-01,-0.464,-0.302,-0.077,0.0713,-0.4136362432767803,-0.0147527301214522,-0.0356110266017674
357,1879-10-01,-0.37,-0.084,0.096,0.0664,-0.4144337189387915,-0.0132843997986224,0.057718118737414
358,1879-11-01,-0.479,-0.204,-0.18,0.0642,-0.4128727791114946,-0.0327245153617266,-0.0334027055267786
359,1879-12-01,-0.62,-0.31,-0.14,0.0863,-0.4094515338412544,0.0145002267333723,-0.2250486928921179
360,1880-01-01,-0.479,-0.199,0.017,0.0756,-0.404834974976219,-0.025771776328063,-0.0483932486957179
361,1880-02-01,-0.512,-0.117,0.033,0.0775,-0.3990499977223965,-0.0110232819731929,-0.1019267203044104
362,1880-03-01,-0.316,-0.009,0.181,0.076,-0.3921580731197028,0.0563782751337832,0.0197797979859195
363,1880-04-01,-0.366,0.057,0.003,0.0793,-0.3841580766319891,0.000337157075093,0.017820919556896
364,1880-05-01,-0.32,0.086,0.112,0.0864,-0.375277230247594,0.0373707679891406,0.0179064622584533
365,1880-06-01,-0.398,0.034,-0.059,0.087,-0.365901424136368,-0.0459332662361109,0.013834690372479
366,1880-07-01,-0.391,0.017,-0.139,0.0875,-0.3559728542551775,0.0126600718052495,-0.0476872175500719
367,1880-08-01,-0.23,0.213,0.142,0.1046,-0.3453478159336414,0.0430869205273449,0.0722608954062964
368,1880-09-01,-0.385,0.079,0.035,0.1035,-0.3346447161301841,-0.0372648463268161,-0.0130904375429997
369,1880-10-01,-0.404,-0.034,0.145,0.1029,-0.3247996287775316,-0.0332162609168003,-0.045984110305668
370,1880-11-01,-0.328,0.151,0.135,0.1027,-0.3164008508326298,-0.0530190579489303,0.0414199087815602
371,1880-12-01,-0.287,0.333,0.381,0.0788,-0.3098271580772993,0.0352554499530966,-0.0124282918757973
372,1881-01-01,-0.321,0.158,0.313,0.0714,-0.3049940008553342,-0.0494300162885453,0.0334240171438796
373,1881-02-01,-0.257,0.255,0.374,0.0568,-0.3016356354281591,0.0257723400070815,0.0188632954210775
374,1881-03-01,-0.269,0.047,0.015,0.0597,-0.2994063062343583,0.0683245666736518,-0.0379182604392935
375,1881-04-01,-0.146,0.22,0.209,0.0784,-0.2980933106549333,0.0038942982346337,0.1481990124202995
376,1881-05-01,-0.135,0.185,0.217,0.0933,-0.297604124438957,0.0494862258251023,0.1131178986138546
377,1881-06-01,-0.391,0.007,-0.051,0.0926,-0.2977190636412586,-0.0711463047773483,-0.022134631581393
378,1881-07-01,-0.239,0.152,0.01,0.0887,-0.298531993063507,0.009555258620516,0.0499767344429909
379,1881-08-01,-0.25,-0.02,0.153,0.0878,-0.3005467779018795,0.0479218144092881,0.0026249634925913
380,1881-09-01,-0.381,0.004,0.123,0.0874,-0.303935007471669,-0.0345461837806932,-0.0425188087476376
381,1881-10-01,-0.353,0.051,0.159,0.0821,-0.3085667061051758,-0.0500506601808335,0.0056173662860093
382,1881-11-01,-0.442,-0.114,0.119,0.0939,-0.3141396637232893,-0.0515216647622234,-0.0763386715144873
383,1881-12-01,-0.244,0.043,0.258,0.0948,-0.3200612038489734,0.042286330569511,0.0337748732794623
384,1882-01-01,-0.098,0.223,0.47,0.1082,-0.3259314653455433,-0.0620311764702879,0.2899626418158313
385,1882-02-01,-0.233,0.024,0.306,0.1086,-0.3312999718246471,0.0764389242433823,0.0218610475812647
386,1882-03-01,-0.228,0.041,0.295,0.1091,-0.3358359061649345,0.0570746148362645,0.0507612913286699
387,1882-04-01,-0.369,-0.223,0.153,0.1066,-0.339857057860756,-0.0059408819153141,-0.0232020602239298
388,1882-05-01,-0.335,-0.2,-0.058,0.097,-0.3437733437102183,0.040985106872466,-0.0322117631622477
389,1882-06-01,-0.428,-0.037,0.0,0.1008,-0.3475336578888268,-0.0664699829674144,-0.0139963591437586
390,1882-07-01,-0.367,-0.128,-0.087,0.1005,-0.3511050676013401,0.0188699708994113,-0.0347649032980711
391,1882-08-01,-0.309,-0.059,-0.143,0.0987,-0.3542559271036676,0.0282689466938566,0.0169869804098109
392,1882-09-01,-0.326,0.055,-0.029,0.0966,-0.3567187947084707,-0.0229041772310594,0.0536229719395301
393,1882-10-01,-0.434,-0.081,-0.007,0.1025,-0.3583577150681383,-0.0376678686029766,-0.037974416328885
394,1882-11-01,-0.392,0.05,0.101,0.0979,-0.3597458290518364,-0.0411846220716668,0.0089304511235032
395,1882-12-01,-0.564,-0.32,-0.034,0.1186,-0.3615634200694037,0.0492981604507188,-0.251734740381315
396,1883-01-01,-0.481,-0.383,-0.062,0.0971,-0.363976498731247,-0.0647054185754195,-0.0523180826933333
397,1883-02-01,-0.504,-0.271,-0.099,0.0932,-0.3669940056837104,0.0861940030113476,-0.2231999973276373
398,1883-03-01,-0.291,-0.063,0.216,0.0843,-0.3708294270229269,0.0366285612294506,0.0432008657934763
399,1883-04-01,-0.398,-0.029,0.155,0.0838,-0.3750920389820785,-0.0358373335327062,0.0129293725147847
400,1883-05-01,-0.348,-0.013,0.077,0.0829,-0.3794916652686757,0.0101397411994609,0.0213519240692148
401,1883-06-01,-0.205,0.223,0.206,0.1001,-0.3842347525135089,-0.0571360965558343,0.2363708490693432
402,1883-07-01,-0.314,0.053,0.02,0.1021,-0.3896272855437795,0.0157494909948126,0.0598777945489669
403,1883-08-01,-0.424,-0.115,-0.102,0.1002,-0.3964060927003875,0.0135732009388702,-0.0411671082384826
404,1883-09-01,-0.408,-0.082,0.07,0.0982,-0.4051306966485996,-0.0038730922700001,0.0010037889185997
405,1883-10-01,-0.416,0.018,0.06,0.0977,-0.4155121363411709,-0.0010351977924472,0.0005473341336182
406,1883-11-01,-0.413,-0.021,0.047,0.0978,-0.4270203123335867,-0.0132966375370737,0.0273169498706605
407,1883-12-01,-0.426,0.138,0.004,0.0835,-0.4392657441244462,0.0670456110578505,-0.0537798669334043
408,1884-01-01,-0.449,0.032,-0.066,0.0806,-0.4515214348450156,-0.0775695750068579,0.0800910098518736
409,1884-02-01,-0.326,0.178,0.267,0.0723,-0.4634984070320986,0.0661254809390677,0.0713729260930308
410,1884-03-01,-0.556,-0.265,0.16,0.0858,-0.4750185715426758,0.0035621159268588,-0.084543544384183
411,1884-04-01,-0.56,-0.162,0.038,0.0989,-0.4860446865388838,-0.0475948651021206,-0.0263604483589954
412,1884-05-01,-0.535,-0.187,-0.015,0.1039,-0.4964945727770763,-0.004857724703287,-0.0336477025196366
413,1884-06-01,-0.502,-0.297,0.128,0.081,-0.5062160581643683,-0.0536564600627752,0.0578725182271436
414,1884-07-01,-0.551,-0.237,-0.155,0.0751,-0.5153012010295919,0.0239744124014156,-0.0596732113718238
415,1884-08-01,-0.516,-0.092,-0.07,0.0754,-0.5235496416673691,0.0075628279732567,-1.318630588764691e-05
416,1884-09-01,-0.56,-0.152,-0.217,0.0765,-0.5307578327724959,0.0078794651191322,-0.0371216323466364
417,1884-10-01,-0.484,-0.068,0.082,0.0735,-0.5366346716786554,0.0316521736890174,0.020982497989638
418,1884-11-01,-0.569,-0.156,-0.011,0.0724,-0.5407706008505188,0.0132239710438285,-0.0414533701933097
419,1884-12-01,-0.439,-0.013,0.003,0.0713,-0.5427257552175103,0.0863478860206957,0.0173778691968146
420,1885-01-01,-0.655,-0.206,-0.162,0.081,-0.5425440953332776,-0.0771658098614266,-0.0352900948052957
421,1885-02-01,-0.542,-0.216,-0.054,0.0528,-0.540354312600463,0.0113309288932829,-0.01297661629282
422,1885-03-01,-0.529,0.027,0.04,0.0525,-0.5359259505267899,-0.0379438102361108,0.0448697607629007
423,1885-04-01,-0.621,-0.061,-0.126,0.0577,-0.5295595068104254,-0.0323910593907623,-0.0590494337988122
424,1885-05-01,-0.56,-0.025,-0.175,0.0579,-0.5222996944700413,-0.0025261626962343,-0.0351741428337244
425,1885-06-01,-0.635,-0.133,-0.233,0.0617,-0.5152604012107745,-0.0481808517093147,-0.0715587470799107
426,1885-07-01,-0.489,0.062,-0.137,0.0646,-0.5084407238243984,0.0428898419680165,-0.0234491181436181
427,1885-08-01,-0.482,0.034,-0.055,0.0669,-0.5015974924073788,0.0120404858909157,0.007557006516463
428,1885-09-01,-0.451,0.109,-0.077,0.0722,-0.494801504880382,0.0179058450129022,0.0258956598674797
429,1885-10-01,-0.402,0.082,-0.052,0.0811,-0.4881830221706858,0.0441680247761979,0.0420149973944878
430,1885-11-01,-0.382,0.187,0.174,0.0906,-0.4819685560650723,0.0195346371043508,0.0804339189607215
431,1885-12-01,-0.277,0.162,0.395,0.1125,-0.4766372677724482,0.0977158557849013,0.1019214119875467
432,1886-01-01,-0.555,0.1,-0.022,0.1035,-0.4727128474144589,-0.0777830529913089,-0.0045040995942321
433,1886-02-01,-0.578,-0.036,-0.051,0.1055,-0.470856455750069,-0.0747713148603955,-0.0323722293895354
434,1886-03-01,-0.594,-0.065,-0.182,0.1089,-0.4715721852690323,-0.0514870807983297,-0.0709407339326379
435,1886-04-01,-0.412,0.209,0.098,0.1048,-0.4748428340064118,-0.0160436777243576,0.0788865117307694
436,1886-05-01,-0.403,0.157,0.277,0.1044,-0.4804169460332271,-0.0004686213006215,0.0778855673338486
437,1886-06-01,-0.546,0.089,-0.056,0.0944,-0.4873349130797657,-0.0357220467776688,-0.0229430401425655
438,1886-07-01,-0.383,0.106,-0.06,0.0968,-0.4945493834332273,0.0620035160428551,0.0495458673903722
439,1886-08-01,-0.482,0.0,0.004,0.0968,-0.5013757213553233,0.0141250638194954,0.0052506575358278
440,1886-09-01,-0.484,-0.033,0.056,0.0971,-0.5074186377476018,0.0267646841212669,-0.003346046373665
441,1886-10-01,-0.494,-0.092,-0.106,0.0959,-0.5126263026264872,0.0435268934685668,-0.0249005908420795
442,1886-11-01,-0.537,-0.155,0.054,0.094,-0.5173519761287376,0.0320806095722292,-0.0517286334434916
443,1886-12-01,-0.45,-0.173,0.121,0.0706,-0.5219079342301493,0.0873628660004086,-0.0154549317702593
444,1887-01-01,-0.843,-0.288,-0.453,0.123,-0.5262769265691719,-0.0592352938022834,-0.2574877796285446
445,1887-02-01,-0.726,-0.148,-0.49,0.1364,-0.5299957496149897,-0.1270877796115513,-0.0689164707734589
446,1887-03-01,-0.55,0.044,-0.343,0.1351,-0.5327063330005738,-0.0744228000207116,0.0571291330212854
447,1887-04-01,-0.537,-0.125,-0.188,0.1302,-0.5342498097875578,-7.474018834896425e-05,-0.0026754500240933
448,1887-05-01,-0.566,-0.163,-0.202,0.1234,-0.5344805850935102,0.0144668375672803,-0.0459862524737701
449,1887-06-01,-0.53,0.016,-0.293,0.1235,-0.5331891749673068,-0.0039311370485779,0.0071203120158847
450,1887-07-01,-0.442,-0.059,-0.366,0.1173,-0.5304485435692641,0.0697629494172701,0.018685594151994
451,1887-08-01,-0.528,-0.046,-0.501,0.1155,-0.5263625453029732,0.0074922802692618,-0.0091297349662886
452,1887-09-01,-0.477,0.007,-0.379,0.116,-0.520824779626968,0.0144577539871209,0.0293670256398471
453,1887-10-01,-0.526,-0.032,-0.48,0.1147,-0.5137355056446663,0.041963941673261,-0.0542284360285948
454,1887-11-01,-0.478,0.059,-0.446,0.117,-0.505086866567008,0.0250508371649853,0.0020360294020226
455,1887-12-01,-0.516,-0.066,-0.433,0.1132,-0.4950714161409628,0.0701641226983389,-0.0910927065573761
456,1888-01-01,-0.546,0.297,-0.379,0.0698,-0.483456787214381,-0.0377291830429422,-0.0248140297426768
457,1888-02-01,-0.588,0.138,-0.59,0.0409,-0.4698180032326798,-0.1182681868645066,8.619009718657811e-05
458,1888-03-01,-0.574,-0.024,-0.724,0.0428,-0.454172123215849,-0.0832092715026937,-0.0366186052814571
459,1888-04-01,-0.462,0.075,-0.501,0.0463,-0.436577624710764,-0.0040196153440644,-0.0214027599451715
460,1888-05-01,-0.424,0.142,-0.207,0.0512,-0.41696918710102,0.0255947120973924,-0.0326255249963724
461,1888-06-01,-0.336,0.194,-0.208,0.0705,-0.3953999370407575,0.0268023335381513,0.0325976035026061
462,1888-07-01,-0.345,0.097,-0.249,0.0814,-0.3722612564006766,0.0589842604868722,-0.0317230040861956
463,1888-08-01,-0.352,0.176,-0.162,0.0882,-0.349420777800086,0.0003766556382705,-0.0029558778381844
464,1888-09-01,-0.361,0.116,-0.199,0.0934,-0.3312364636297072,-0.0025203499767074,-0.0272431863935853
465,1888-10-01,-0.182,0.344,0.104,0.12,-0.3207995214243768,0.0439775130140424,0.0948220084103343
466,1888-11-01,-0.2,0.278,0.075,0.1357,-0.3166541164906934,-0.0042137057251668,0.1208678222158602
467,1888-12-01,-0.215,0.301,0.095,0.1415,-0.3156863761642072,0.0614317400487021,0.0392546361155051
468,1889-01-01,-0.259,0.287,0.021,0.1354,-0.3164031771231756,-0.0302789509703486,0.0876821280935242
469,1889-02-01,-0.054,0.534,0.341,0.1406,-0.3186499306601151,-0.1051290937879747,0.3697790244480899
470,1889-03-01,-0.108,0.466,0.199,0.1258,-0.3225785384823715,-0.0707693554171347,0.2853478938995062
471,1889-04-01,-0.137,0.325,0.286,0.1164,-0.3284384706354697,-0.0064012011480252,0.1978396717834949
472,1889-05-01,-0.195,0.229,0.211,0.1029,-0.3364868342717896,0.0378859351888881,0.1036008990829015
473,1889-06-01,-0.301,0.035,0.131,0.1,-0.3478266588865401,0.0404677057946255,0.0063589530919146
474,1889-07-01,-0.309,0.036,0.099,0.0966,-0.3630770296586113,0.0360953481527664,0.0179816815058449
475,1889-08-01,-0.382,-0.03,0.061,0.1006,-0.3816684920416842,-0.0031193338670181,0.0027878259087023
476,1889-09-01,-0.426,-0.065,0.038,0.1099,-0.4020561413534138,-0.009781039353484,-0.0141628192931021
477,1889-10-01,-0.416,-0.234,-0.046,0.1207,-0.4233178884822272,0.059587475865612,-0.0522695873833847
478,1889-11-01,-0.508,-0.308,-0.029,0.1402,-0.4443544362881729,-0.0364833208938776,-0.0271622428179494
479,1889-12-01,-0.39,-0.175,0.23,0.1424,-0.4639380215751909,0.0667676838495918,0.0071703377255989
480,1890-01-01,-0.564,-0.305,-0.085,0.1621,-0.4815341282824872,-0.0276793147899062,-0.0547865569276064
481,1890-02-01,-0.531,-0.477,-0.019,0.1501,-0.4969851416233286,-0.1045120700696777,0.0704972116930063
482,1890-03-01,-0.601,-0.493,-0.285,0.1435,-0.5099966590088671,-0.0518105453484727,-0.03919279564266
483,1890-04-01,-0.534,-0.397,-0.168,0.1224,-0.520481427976235,-0.0049447686996741,-0.0085738033240908
484,1890-05-01,-0.536,-0.341,-0.216,0.1006,-0.5285642789128876,0.0575387512325894,-0.0649744723197018
485,1890-06-01,-0.53,-0.229,-0.132,0.0892,-0.534093260197678,0.0463094599975273,-0.0422161997998493
486,1890-07-01,-0.528,-0.219,-0.137,0.0725,-0.5369087389899232,0.0172858531235755,-0.0083771141336523
487,1890-08-01,-0.566,-0.184,-0.336,0.0654,-0.5368991793030585,0.0033128418351907,-0.0324136625321321
488,1890-09-01,-0.573,-0.147,-0.188,0.0617,-0.5341166865123553,0.0135910011674242,-0.0524743146550688
489,1890-10-01,-0.453,-0.037,-0.049,0.0566,-0.5288292023303917,0.06281815756954,0.0130110447608515
490,1890-11-01,-0.65,-0.142,-0.322,0.0664,-0.5215008470806232,-0.0768158239389339,-0.0516833289804429
491,1890-12-01,-0.47,-0.08,-0.183,0.0529,-0.5127331216073494,0.039708836185376,0.0030242854219734
492,1891-01-01,-0.548,0.016,-0.227,0.0525,-0.5031199169406243,-0.0171854406819209,-0.0276946423774547
493,1891-02-01,-0.666,-0.135,-0.409,0.0631,-0.493328513569994,-0.1264157762576651,-0.0462557101723408
494,1891-03-01,-0.411,0.19,-0.142,0.0734,-0.4834984189724304,-0.0193176981204301,0.0918161170928605
495,1891-04-01,-0.46,0.074,-0.314,0.0768,-0.473718583542324,-0.0033802693409538,0.0170988528832778
496,1891-05-01,-0.356,0.18,-0.221,0.0921,-0.4642450699267381,0.0486996429199275,0.0595454270068105
497,1891-06-01,-0.376,0.154,0.015,0.1006,-0.4564635956901811,0.0516281251159153,0.0288354705742657
498,1891-07-01,-0.448,0.08,-0.209,0.1016,-0.4521589971892182,0.0161141663450445,-0.0119551691558263
499,1891-08-01,-0.418,0.148,-0.168,0.1015,-0.4520220832384715,0.0160842145003471,0.0179378687381244
500,1891-09-01,-0.367,0.206,0.014,0.1029,-0.4554500758536639,0.0428279436731895,0.0456221321804743
501,1891-10-01,-0.386,0.067,-0.033,0.1056,-0.4618007797516729,0.07120893259103,0.0045918471606428
502,1891-11-01,-0.538,0.112,-0.096,0.0915,-0.470405759120154,-0.0863765218390274,0.0187822809591813
503,1891-12-01,-0.298,0.172,-0.054,0.1017,-0.4803507585606126,0.0017736222560701,0.1805771363045424
504,1892-01-01,-0.445,0.103,-0.347,0.0958,-0.4908638284670154,-0.0361197549784448,0.0819835834454602
505,1892-02-01,-0.341,0.325,-0.108,0.0639,-0.501626755254687,-0.1465717514097533,0.3071985066644404
506,1892-03-01,-0.541,-0.13,-0.313,0.0753,-0.5129512188735396,0.00645115144722,-0.0344999325736804
507,1892-04-01,-0.555,-0.095,-0.186,0.0849,-0.5250046187793912,-0.0083705413916156,-0.0216248398289932
508,1892-05-01,-0.508,-0.152,-0.173,0.0854,-0.5375934275254483,0.0314416529669268,-0.0018482254414785
509,1892-06-01,-0.496,-0.12,-0.068,0.0849,-0.5496389790734586,0.0521519121112077,0.0014870669622508
510,1892-07-01,-0.604,-0.156,-0.237,0.0965,-0.559493084372871,0.0448082028246161,-0.089315118451745
511,1892-08-01,-0.546,-0.128,-0.237,0.0987,-0.5660344677770043,0.0412978576263453,-0.021263389849341
512,1892-09-01,-0.475,-0.108,-0.149,0.0934,-0.5688014318290497,0.0573251525985823,0.0364762792304673
513,1892-10-01,-0.506,-0.12,-0.072,0.089,-0.5680483498088718,0.0756532292254538,-0.013604879416582
514,1892-11-01,-0.704,-0.166,-0.312,0.1083,-0.5648346204617903,-0.0569161735198406,-0.0822492060183689
515,1892-12-01,-0.657,-0.359,-0.093,0.0958,-0.5602014244033641,-0.0224403577503496,-0.0743582178462863
516,1893-01-01,-0.941,-0.496,-0.46,0.1479,-0.5548214054781768,-0.0727924082349133,-0.3133861862869098
517,1893-02-01,-0.745,-0.404,-0.241,0.1359,-0.5485673462069435,-0.1453954383721426,-0.0510372154209138
518,1893-03-01,-0.495,0.046,-0.204,0.1385,-0.541424752007956,-9.828805741591552e-05,0.0465230400653719
519,1893-04-01,-0.521,0.034,-0.123,0.1399,-0.533612331534652,-0.0151884832528989,0.0278008147875509
520,1893-05-01,-0.55,-0.042,-0.202,0.1379,-0.5253215314252492,0.0168647261918088,-0.0415431947665597
521,1893-06-01,-0.45,0.046,-0.245,0.1418,-0.5170208026666271,0.0350257093124555,0.0319950933541715
522,1893-07-01,-0.335,0.269,-0.021,0.1609,-0.5091189984657839,0.074802572738034,0.0993164257277498
523,1893-08-01,-0.44,0.106,-0.016,0.1656,-0.5024487240184138,0.0681135469295731,-0.0056648229111594
524,1893-09-01,-0.462,0.013,-0.054,0.1664,-0.4980779292592996,0.0509565718495965,-0.0148786425902969
525,1893-10-01,-0.387,0.119,0.029,0.1737,-0.4960639162025493,0.0658066256998754,0.0432572905026739
526,1893-11-01,-0.478,0.226,-0.065,0.1685,-0.4954665122562318,-0.0182811741514028,0.0357476864076347
527,1893-12-01,-0.524,0.133,-0.098,0.1643,-0.495651541428957,-0.0379176742816615,0.0095692157106186
528,1894-01-01,-0.713,0.228,-0.264,0.1191,-0.4966510070716198,-0.0951227717514081,-0.121226221176972
529,1894-02-01,-0.528,0.217,-0.202,0.0937,-0.4982202040968579,-0.1248498279400189,0.0950700320368768
530,1894-03-01,-0.524,-0.029,0.032,0.0942,-0.5001438517328382,-0.0275123349353723,0.0036561866682104
531,1894-04-01,-0.566,-0.045,-0.006,0.0963,-0.5022655943748386,-0.0279564424147405,-0.0357779632104208
532,1894-05-01,-0.492,0.058,0.043,0.0948,-0.504369773312775,-0.0009804536335136,0.0133502269462886
533,1894-06-01,-0.605,-0.155,-0.103,0.0991,-0.5062490569848171,0.0294243270929115,-0.1281752701080943
534,1894-07-01,-0.401,-0.066,0.15,0.0903,-0.507590376889656,0.1053659508117941,0.0012244260778618
535,1894-08-01,-0.379,0.061,0.137,0.0961,-0.5077224783470192,0.082979609126607,0.0457428692204121
536,1894-09-01,-0.494,-0.032,0.066,0.0952,-0.5061336077874247,0.0312807122679808,-0.0191471044805562
537,1894-10-01,-0.484,-0.097,0.0,0.0879,-0.5029886195112548,0.0610524351825692,-0.0420638156713143
538,1894-11-01,-0.478,0.0,0.091,0.0879,-0.4987792538659596,0.0186860772734214,0.0020931765925382
539,1894-12-01,-0.512,0.012,-0.073,0.0879,-0.4937632571795462,-0.0119861882931339,-0.0062505545273198
540,1895-01-01,-0.611,0.102,0.044,0.0701,-0.4878641109561799,-0.1143287597021426,-0.0088071293416774
541,1895-02-01,-0.646,-0.118,-0.104,0.0809,-0.4811989727801219,-0.0925290703382132,-0.0722719568816648
542,1895-03-01,-0.554,-0.03,-0.025,0.0816,-0.4738863386721088,-0.0621562821076413,-0.0179573792202498
543,1895-04-01,-0.43,0.136,0.191,0.0838,-0.4656394211899388,-0.0679272635847434,0.1035666847746823
544,1895-05-01,-0.458,0.034,0.102,0.0849,-0.4562285196061664,-0.0036236998746379,0.0018522194808043
545,1895-06-01,-0.423,0.182,0.212,0.0815,-0.4457498039675402,0.0253635989034205,-0.0026137949358802
546,1895-07-01,-0.332,0.069,0.157,0.0903,-0.4349149920744692,0.1033226639308323,-0.000407671856363
547,1895-08-01,-0.364,0.015,0.118,0.0919,-0.4245006221251234,0.0914823401986451,-0.0309817180735216
548,1895-09-01,-0.401,0.093,0.05,0.0947,-0.4146331311286442,0.0226976687450013,-0.0090645376163571
549,1895-10-01,-0.374,0.11,0.028,0.0989,-0.4051764002729094,0.0557917931550075,-0.0246153928820981
550,1895-11-01,-0.333,0.145,0.049,0.1059,-0.395994995553573,0.025028083706419,0.0379669118471539
551,1895-12-01,-0.392,0.12,-0.115,0.1055,-0.3868828115710296,0.0099686498410534,-0.0150858382700238
552,1896-01-01,-0.368,0.243,0.187,0.0929,-0.3774240536578072,-0.0450109666668684,0.0544350203246756
553,1896-02-01,-0.384,0.262,0.194,0.061,-0.367238042389248,-0.0948426699251799,0.0780807123144279
554,1896-03-01,-0.48,0.074,0.114,0.046,-0.3563605309883919,-0.0925819991788551,-0.0310574698327528
555,1896-04-01,-0.511,-0.081,-0.099,0.0564,-0.3456737519509388,-0.0957944192337858,-0.0695318288152753
556,1896-05-01,-0.383,0.075,0.02,0.0537,-0.335885681735288,-0.0041120811324749,-0.043002237132237
557,1896-06-01,-0.258,0.165,0.288,0.0658,-0.3272340578115835,0.0385699749339702,0.0306640828776132
558,1896-07-01,-0.241,0.091,0.142,0.0764,-0.3194919840908168,0.0897803335849679,-0.0112883494941511
559,1896-08-01,-0.211,0.153,0.271,0.0898,-0.312265742251927,0.0820339886194286,0.0192317536324984
560,1896-09-01,-0.279,0.122,0.205,0.0918,-0.3055836584970928,0.0312655250434218,-0.004681866546329
561,1896-10-01,-0.184,0.19,0.31,0.1032,-0.2997122576394427,0.0474295928972251,0.0682826647422175
562,1896-11-01,-0.284,0.049,0.253,0.1043,-0.2950661035358595,0.006299528501672,0.0047665750341874
563,1896-12-01,-0.202,0.19,0.248,0.1085,-0.2919516797141908,0.0137791204834579,0.0761725592307328
564,1897-01-01,-0.312,0.056,0.531,0.1073,-0.2906964615625175,0.01185856869624,-0.0331621071337224
565,1897-02-01,-0.394,-0.01,0.332,0.1079,-0.2916059915438767,-0.1018763754947649,-0.0005176329613583
566,1897-03-01,-0.378,0.102,0.172,0.0969,-0.2945141698177509,-0.1015919832588625,0.0181061530766135
567,1897-04-01,-0.201,0.31,0.336,0.0754,-0.298884630905638,-0.1078887195036707,0.2057733504093088
568,1897-05-01,-0.22,0.163,0.346,0.069,-0.3045748423125614,-0.0108283374462105,0.0954031797587718
569,1897-06-01,-0.272,-0.014,0.258,0.069,-0.3115980970854928,0.0540481296349773,-0.0144500325494845
570,1897-07-01,-0.227,0.014,0.215,0.0696,-0.3201077634654062,0.0774294489662697,0.0156783144991365
571,1897-08-01,-0.243,-0.032,0.285,0.0679,-0.3301529857517122,0.0741074047181623,0.0130455810335498
572,1897-09-01,-0.292,-0.013,0.185,0.0683,-0.3412979999263698,0.052394840558084,-0.0030968406317141
573,1897-10-01,-0.317,-0.133,0.209,0.0642,-0.3532197414377153,0.0446795846644036,-0.0084598432266883
574,1897-11-01,-0.388,-0.104,0.09,0.0716,-0.3656586164296418,-0.0312901799334581,0.0089487963630999
575,1897-12-01,-0.384,-0.182,0.132,0.0712,-0.3784310186292562,0.0084414742035953,-0.0140104555743391
576,1898-01-01,-0.276,0.036,0.27,0.0715,-0.3913045648956613,0.0338849859163269,0.0814195789793344
577,1898-02-01,-0.558,-0.164,0.03,0.1009,-0.4039018778379162,-0.107754032829115,-0.0463440893329687
578,1898-03-01,-0.728,-0.35,-0.154,0.1566,-0.4157846863291753,-0.0785208135910845,-0.23369450007974
579,1898-04-01,-0.562,-0.361,-0.1,0.1616,-0.4264669424646102,-0.0967408943371782,-0.0387921631982116
580,1898-05-01,-0.505,-0.285,-0.081,0.1581,-0.4359531236278513,-0.0062858288240058,-0.0627610475481428
581,1898-06-01,-0.36,-0.088,-0.024,0.1538,-0.4442604703398304,0.0420974490935382,0.0421630212462922
582,1898-07-01,-0.382,-0.155,-0.037,0.1438,-0.4509624498896689,0.0564096089190455,0.0125528409706234
583,1898-08-01,-0.43,-0.187,-0.078,0.1331,-0.4556951879781173,0.0643242184306742,-0.0386290304525569
584,1898-09-01,-0.39,-0.098,-0.029,0.1266,-0.4582397376247666,0.0649125374007446,0.003327200224022
585,1898-10-01,-0.535,-0.218,-0.353,0.1229,-0.4580657292091332,0.0503276505033528,-0.1272619212942196
586,1898-11-01,-0.544,-0.156,-0.344,0.1231,-0.4548798393090456,-0.042526405003999,-0.0465937556869554
587,1898-12-01,-0.475,-0.091,-0.26,0.12,-0.4487778827965725,-0.0073941211419346,-0.0188279960614927
588,1899-01-01,-0.411,-0.135,-0.152,0.1046,-0.4404052032947665,0.0097709694204377,0.0196342338743287
589,1899-02-01,-0.54,0.018,-0.486,0.1036,-0.430441781723259,-0.0870918955653446,-0.0224663227113963
590,1899-03-01,-0.54,0.188,-0.432,0.0741,-0.4191794730246301,-0.0419557910618936,-0.0788647359134762
591,1899-04-01,-0.438,0.124,-0.301,0.069,-0.4067787498165631,-0.050570158917947,0.0193489087345101
592,1899-05-01,-0.389,0.116,-0.194,0.0706,-0.3931710368535749,-0.0116542568798328,0.0158252937334077
593,1899-06-01,-0.503,-0.143,-0.202,0.0654,-0.3789328838082286,0.0325600815274088,-0.1566271977191802
594,1899-07-01,-0.35,0.032,-0.041,0.0696,-0.3651308364456405,0.0291877825198397,-0.0140569460741992
595,1899-08-01,-0.263,0.167,0.119,0.0903,-0.3524541215160311,0.0429755244584736,0.0464785970575574
596,1899-09-01,-0.227,0.163,0.199,0.1099,-0.3408501459892187,0.0498450046795178,0.0640051413097008
597,1899-10-01,-0.248,0.287,0.168,0.1171,-0.3300925121407692,0.0447936816874987,0.0372988304532704
598,1899-11-01,-0.116,0.428,0.392,0.1364,-0.3201657753915837,-0.0415641434848065,0.2457299188763902
599,1899-12-01,-0.358,0.117,0.032,0.1327,-0.3111842322377651,-0.009592870363184,-0.0372228973990508
600,1900-01-01,-0.489,-0.078,0.075,0.137,-0.3032547438135017,-0.0161624647034642,-0.1695827914830339
601,1900-02-01,-0.176,0.364,0.355,0.1367,-0.2963667513914899,-0.0533802312555473,0.1737469826470373
602,1900-03-01,-0.243,0.297,0.358,0.1237,-0.2902458161224965,-0.0096982090682562,0.0569440251907527
603,1900-04-01,-0.284,0.154,0.25,0.1178,-0.2851461554925953,-0.0044171550561633,0.0055633105487586
604,1900-05-01,-0.306,0.083,0.23,0.1148,-0.2811506487665905,-0.0072763122451006,-0.0175730389883088
605,1900-06-01,-0.246,0.257,0.284,0.0951,-0.2777678405331189,0.0144357014444444,0.0173321390886744
606,1900-07-01,-0.286,0.064,0.242,0.0923,-0.2744609384209852,0.0090383137365548,-0.0205773753155696
607,1900-08-01,-0.275,-0.012,0.291,0.0923,-0.2715684015739187,0.0295101849731372,-0.0329417833992185
608,1900-09-01,-0.266,-0.039,0.307,0.0913,-0.2698869479243485,0.0263515595183638,-0.0224646115940153
609,1900-10-01,-0.133,0.115,0.32,0.0999,-0.2699192759484087,0.0306864726902557,0.106232803258153
610,1900-11-01,-0.284,-0.168,0.366,0.0882,-0.2716896318862806,-0.0369608256590882,0.0246504575453689
611,1900-12-01,-0.222,0.136,0.248,0.0859,-0.2750168171358223,-0.0119639406122105,0.0649807577480328
612,1901-01-01,-0.369,0.12,0.179,0.0611,-0.279794935711684,-0.0304066738060549,-0.0587983904822609
613,1901-02-01,-0.307,-0.131,0.359,0.0568,-0.2860891141322803,-0.0150866441775348,-0.0058242416901849
614,1901-03-01,-0.209,0.034,0.202,0.059,-0.2939377857804993,0.0210132002097828,0.0639245855707164
615,1901-04-01,-0.205,0.079,0.255,0.0611,-0.3032003692309061,0.0025205430990557,0.0956798261318503
616,1901-05-01,-0.281,0.025,0.075,0.0598,-0.3139082475521253,0.0022391783816955,0.0306690691704297
617,1901-06-01,-0.315,-0.069,0.061,0.0619,-0.3264100013949537,0.0117850919218403,-0.0003750905268866
618,1901-07-01,-0.338,-0.052,0.11,0.0654,-0.3404039842944553,0.0108689988812926,-0.0084650145868373
619,1901-08-01,-0.325,-0.05,0.093,0.0675,-0.3551152624974895,0.011851383382819,0.0182638791146704
620,1901-09-01,-0.406,-0.14,-0.039,0.0779,-0.369829060308008,0.007972878243466,-0.0441438179354581
621,1901-10-01,-0.442,-0.309,-0.056,0.0748,-0.3842528083631084,0.006893970957382,-0.0646411625942736
622,1901-11-01,-0.412,-0.128,0.126,0.08,-0.398121007137845,-0.0241461581368231,0.0102671652746681
623,1901-12-01,-0.41,-0.188,-0.112,0.0776,-0.4111086248304628,-0.0158833454759422,0.016991970306405
624,1902-01-01,-0.402,-0.033,0.043,0.0794,-0.4228990007849277,0.0115708934584395,0.0093281073264881
625,1902-02-01,-0.271,0.036,0.07,0.0814,-0.4336364691438342,-0.061071908629654,0.2237083777734882
626,1902-03-01,-0.508,-0.299,0.033,0.0851,-0.4437018840242095,0.0361072944994154,-0.1004054104752058
627,1902-04-01,-0.461,-0.256,0.094,0.0742,-0.4532097812428692,-0.0060123114006396,-0.001777907356491
628,1902-05-01,-0.462,-0.181,0.046,0.0703,-0.4621492076856531,0.0140257755732262,-0.0138765678875731
629,1902-06-01,-0.452,-0.137,0.044,0.067,-0.4704255808248808,0.0231251784726613,-0.0046995976477805
630,1902-07-01,-0.431,-0.093,0.173,0.0636,-0.4783166201196115,0.0244354975805099,0.0228811225391015
631,1902-08-01,-0.469,-0.144,0.077,0.0584,-0.4860932316449858,0.0035657502200987,0.0135274814248871
632,1902-09-01,-0.442,-0.036,0.033,0.0581,-0.4937985840248905,-0.0038433686589158,0.0556419526838063
633,1902-10-01,-0.526,-0.084,-0.02,0.0644,-0.5016100545180568,-0.0193416639669315,-0.0050482815150115
634,1902-11-01,-0.564,-0.152,0.14,0.0733,-0.5102056449995754,-0.002515583690182,-0.0512787713102425
635,1902-12-01,-0.575,-0.165,0.082,0.0803,-0.5199632292682335,-0.0170992586844703,-0.0379375120472961
636,1903-01-01,-0.42,-0.018,0.521,0.0792,-0.5308582458958605,0.051833565440843,0.0590246804550174
637,1903-02-01,-0.349,-0.078,0.396,0.0635,-0.542700805661393,-0.1053420291297594,0.2990428347911524
638,1903-03-01,-0.434,0.074,0.061,0.0632,-0.5552312456433343,0.0218008538128235,0.0994303918305107
639,1903-04-01,-0.638,-0.177,-0.117,0.0804,-0.568106843410266,-0.0277061581804104,-0.0421869984093236
640,1903-05-01,-0.536,-0.074,0.014,0.0817,-0.5808071199943989,0.0179191463921142,0.0268879736022846
641,1903-06-01,-0.55,-0.098,-0.1,0.0829,-0.5928729531379212,0.0335064230562222,0.0093665300816988
642,1903-07-01,-0.558,-0.127,-0.223,0.0821,-0.6040322384372392,0.0351330151529473,0.0108992232842918
643,1903-08-01,-0.663,-0.194,-0.223,0.0928,-0.6143888677718076,0.0083244296085916,-0.056935561836784
644,1903-09-01,-0.636,-0.194,-0.174,0.0946,-0.6242086292623833,-0.0076258434860488,-0.0041655272515679
645,1903-10-01,-0.674,-0.148,-0.287,0.1023,-0.6332225916258611,-0.0159043405446595,-0.0248730678294792
646,1903-11-01,-0.628,-0.064,-0.15,0.1048,-0.6407453768929724,0.0344882200490103,-0.0217428431560379
647,1903-12-01,-0.711,-0.136,-0.187,0.114,-0.646530898571258,-0.0025539236316192,-0.0619151777971227
648,1904-01-01,-0.823,-0.403,-0.11,0.1257,-0.6504742240013136,0.0521664702656686,-0.224692246264355
649,1904-02-01,-0.795,-0.446,-0.267,0.1097,-0.652047499439782,-0.1639695104389323,0.0210170098787143
650,1904-03-01,-0.67,-0.236,-0.146,0.0892,-0.6508343923065423,0.0187612435454342,-0.037926851238892
651,1904-04-01,-0.687,-0.049,-0.121,0.0894,-0.6467872920517094,-0.0519033039134136,0.011690595965123
652,1904-05-01,-0.662,-0.126,-0.17,0.0803,-0.640571001395553,0.0153881120297619,-0.036817110634209
653,1904-06-01,-0.62,-0.07,-0.015,0.0729,-0.6328311194351814,0.0486684600692199,-0.0358373406340385
654,1904-07-01,-0.632,-0.074,-0.231,0.0646,-0.6239000507583788,0.0405282004621117,-0.0486281497037329
655,1904-08-01,-0.596,0.067,-0.217,0.0692,-0.6135704412261389,0.012290122204576,0.0052803190215628
656,1904-09-01,-0.678,-0.042,-0.184,0.068,-0.6018044438184509,-0.0156760312885991,-0.0605195248929499
657,1904-10-01,-0.575,0.099,-0.091,0.0746,-0.5887371431392264,-0.0013164261165182,0.0150535692557447
658,1904-11-01,-0.416,0.212,0.062,0.1051,-0.5745515798683872,0.048395652759301,0.1101559271090861
659,1904-12-01,-0.492,0.219,0.02,0.1133,-0.5594376490467056,0.0264195178937799,0.0410181311529256
660,1905-01-01,-0.518,0.305,0.093,0.1014,-0.5437586535566882,0.0227131125509466,0.0030455410057415
661,1905-02-01,-0.776,0.019,-0.13,0.0984,-0.5280093490292184,-0.1443884106793739,-0.1036022402914077
662,1905-03-01,-0.53,0.14,0.024,0.0989,-0.5127006366700727,0.0105176293580492,-0.0278169926879765
663,1905-04-01,-0.572,0.115,-0.142,0.0951,-0.4982986595012795,-0.0554175116569348,-0.0182838288417855
664,1905-05-01,-0.455,0.207,0.003,0.0993,-0.4847552344614416,-0.0083583691887496,0.0381136036501912
665,1905-06-01,-0.399,0.221,0.024,0.1095,-0.471772363775625,0.0483008065318655,0.0244715572437594
666,1905-07-01,-0.398,0.234,-0.066,0.1149,-0.4590265804022994,0.0395760030285371,0.0214505773737622
667,1905-08-01,-0.411,0.185,-0.047,0.1181,-0.4465755870017995,0.0226060938881459,0.0129694931136536
668,1905-09-01,-0.437,0.241,-0.036,0.1086,-0.4346428116242222,-0.0153126515747873,0.0129554631990095
669,1905-10-01,-0.439,0.136,-0.065,0.107,-0.4240423567461117,0.0308120408784442,-0.0457696841323325
670,1905-11-01,-0.34,0.076,-0.007,0.1136,-0.4156492163892094,0.0388701790729916,0.0367790373162176
671,1905-12-01,-0.357,0.135,0.035,0.1189,-0.4098263389432877,0.047493797891423,0.0053325410518647
672,1906-01-01,-0.431,0.087,-0.063,0.1183,-0.406382630058544,-0.0231909884744867,-0.0014263814669692
673,1906-02-01,-0.448,0.328,-0.064,0.0652,-0.4049145244185196,-0.1161110261919431,0.0730255506104627
674,1906-03-01,-0.368,0.162,0.112,0.0603,-0.4047619379580769,-0.0025698820839084,0.0393318200419854
675,1906-04-01,-0.215,0.357,0.296,0.0668,-0.4059739120663231,-0.061316402977871,0.2522903150441942
676,1906-05-01,-0.43,0.025,-0.047,0.065,-0.4089472823697071,-0.0242568273752435,0.0032041097449506
677,1906-06-01,-0.323,0.076,-0.065,0.0677,-0.4137303435701452,0.04181690472073,0.0489134388494151
678,1906-07-01,-0.361,0.037,-0.12,0.0678,-0.4202589914504164,0.0533103391575127,0.0059486522929037
679,1906-08-01,-0.384,0.027,-0.173,0.0671,-0.4288043687481953,0.026985836454964,0.0178185322932312
680,1906-09-01,-0.436,0.001,-0.157,0.067,-0.4395776878731122,0.0142456530792278,-0.0106679652061155
681,1906-10-01,-0.366,0.073,-0.182,0.0642,-0.4522134893443455,0.0576057213085695,0.0286077680357759
682,1906-11-01,-0.502,-0.162,-0.218,0.0733,-0.4660343044033377,0.0011569618709021,-0.0371226574675643
683,1906-12-01,-0.334,0.023,-0.132,0.0744,-0.4799331146501399,0.0282459239880449,0.1176871906620949
684,1907-01-01,-0.578,-0.147,-0.266,0.0928,-0.4928499902838114,-0.0493478480582318,-0.0358021616579566
685,1907-02-01,-0.689,-0.241,-0.295,0.1255,-0.504752051393417,-0.0609496575634075,-0.1232982910431754
686,1907-03-01,-0.488,-0.12,-0.11,0.1262,-0.5159679598640162,-0.0316686776938565,0.0596366375578727
687,1907-04-01,-0.56,-0.345,-0.359,0.1124,-0.5264075493623755,-0.0685211677231396,0.0349287170855151
688,1907-05-01,-0.66,-0.23,-0.44,0.1266,-0.5358508201817568,-0.023637347699153,-0.1005118321190902
689,1907-06-01,-0.595,-0.272,-0.323,0.1215,-0.5445976663484405,0.0372817682589512,-0.0876841019105106
690,1907-07-01,-0.505,-0.144,-0.278,0.1138,-0.5526112946457343,0.0633998917690136,-0.0157885971232792
691,1907-08-01,-0.537,-0.153,-0.294,0.107,-0.559425984530396,0.0328511531863774,-0.0104251686559814
692,1907-09-01,-0.509,-0.073,-0.217,0.1038,-0.5645669910941429,0.04677130580545,0.0087956852886927
693,1907-10-01,-0.408,-0.042,-0.091,0.0984,-0.5680277386033166,0.0641077239149414,0.0959200146883751
694,1907-11-01,-0.622,-0.12,-0.234,0.1013,-0.5703826540087135,-0.0275044532801703,-0.0241128927111161
695,1907-12-01,-0.622,-0.288,-0.238,0.0798,-0.5724141697997124,-0.0006825204723231,-0.0489033097279644
696,1908-01-01,-0.61,-0.032,-0.334,0.0808,-0.574703313168823,-0.0434034623930778,0.0081067755619007
697,1908-02-01,-0.494,0.195,0.064,0.0734,-0.5774911070765252,-0.0265567790101743,0.1100478860866995
698,1908-03-01,-0.759,-0.271,-0.031,0.0917,-0.5811907347358858,-0.0621691978657116,-0.1156400673984026
699,1908-04-01,-0.688,-0.128,-0.126,0.0973,-0.5860972027062081,-0.0716796204078411,-0.0302231768859506
700,1908-05-01,-0.545,0.115,-0.04,0.0947,-0.591728231903845,-0.0199684150927582,0.0666966469966032
701,1908-06-01,-0.53,0.065,-0.17,0.0953,-0.5972925716462467,0.0216076578221577,0.045684913824089
702,1908-07-01,-0.482,0.023,-0.1,0.0969,-0.6023636025457533,0.0616180202417874,0.0587455823039658
703,1908-08-01,-0.608,-0.071,-0.178,0.0971,-0.6068982935640808,0.0551846643256784,-0.0562863707615977
704,1908-09-01,-0.516,-0.007,-0.126,0.0967,-0.611216267864166,0.0689628677365588,0.0262534001276072
705,1908-10-01,-0.609,-0.201,-0.074,0.0816,-0.6157622633196455,0.0642613354335618,-0.0574990721139163
706,1908-11-01,-0.683,-0.061,-0.139,0.0856,-0.6200930873774771,-0.018448868405386,-0.0444580442171368
707,1908-12-01,-0.666,-0.044,-0.191,0.0877,-0.6235776853554248,-0.0439932695133388,0.0015709548687635
708,1909-01-01,-0.838,-0.228,-0.427,0.1117,-0.626027255751623,-0.0291830041368751,-0.1827897401115018
709,1909-02-01,-0.628,-0.134,-0.088,0.1046,-0.6272360751916995,-0.0068922468923359,0.0061283220840354
710,1909-03-01,-0.724,0.035,-0.184,0.1011,-0.6264867092639645,-0.1027074897168345,0.005194198980799
711,1909-04-01,-0.716,-0.028,-0.278,0.103,-0.6233415769842291,-0.0732106785498355,-0.0194477444659353
712,1909-05-01,-0.652,-0.107,-0.263,0.0996,-0.6182597918582264,0.0004534015533565,-0.0341936096951301
713,1909-06-01,-0.612,-0.082,-0.109,0.0943,-0.6120552017590132,0.017914259260102,-0.0178590575010888
714,1909-07-01,-0.611,-0.129,-0.261,0.0804,-0.6054872642268895,0.0618533361290902,-0.0673660719022007
715,1909-08-01,-0.47,0.138,-0.207,0.0961,-0.5988715499167467,0.067858344324376,0.0610132055923707
716,1909-09-01,-0.524,-0.008,-0.297,0.0951,-0.5925940280962569,0.0720900833324132,-0.0034960552361563
717,1909-10-01,-0.552,0.057,-0.304,0.0984,-0.586629933050269,0.0574150200605783,-0.0227850870103094
718,1909-11-01,-0.48,0.203,-0.364,0.1073,-0.5808909901805669,0.0047716259202187,0.0961193642603481
719,1909-12-01,-0.643,0.023,-0.285,0.1067,-0.575536525635976,-0.0756463786962255,0.0081829043322014
720,1910-01-01,-0.535,0.303,-0.046,0.0841,-0.5711274595378032,-0.0164765579637593,0.0526040175015625
721,1910-02-01,-0.586,0.042,-0.41,0.0835,-0.5686528343727659,-0.0167247907320264,-0.0006223748952075
722,1910-03-01,-0.677,0.047,-0.434,0.0776,-0.569067020445084,-0.1184757080972076,0.0105427285422915
723,1910-04-01,-0.628,0.088,-0.344,0.068,-0.57284856257096,-0.0519875576354046,-0.0031638797936354
724,1910-05-01,-0.538,0.114,-0.232,0.0651,-0.5799549971627553,0.007865137750205,0.0340898594125502
725,1910-06-01,-0.572,0.04,-0.326,0.0638,-0.5897432064328825,0.015402319785595,0.0023408866472874
726,1910-07-01,-0.502,0.109,-0.216,0.0649,-0.6010313324546369,0.0387223521854436,0.0603089802691931
727,1910-08-01,-0.499,-0.029,-0.224,0.0618,-0.6126988599124241,0.0586664654456549,0.0550323944667692
728,1910-09-01,-0.535,-0.011,-0.269,0.0612,-0.6235400171380749,0.0383086993789213,0.0502313177591535
729,1910-10-01,-0.56,-0.008,-0.427,0.0612,-0.6326876884055745,0.0772589932488752,-0.0045713048433007
730,1910-11-01,-0.687,-0.207,-0.403,0.0647,-0.640165586096906,0.0317971723708957,-0.0786315862739898
731,1910-12-01,-0.776,-0.133,-0.554,0.0848,-0.6459101893459425,-0.0691467176509708,-0.0609430930030866
732,1911-01-01,-0.739,-0.204,-0.37,0.0925,-0.6496603284095603,-0.0035405214486619,-0.0857991501417777
733,1911-02-01,-0.781,-0.195,-0.474,0.1046,-0.6510691521406501,-0.0157065426661139,-0.114224305193236
734,1911-03-01,-0.808,-0.131,-0.599,0.1167,-0.6496754884714042,-0.1159164351705781,-0.0424080763580176
735,1911-04-01,-0.688,-0.06,-0.483,0.1177,-0.6441842900887454,-0.0188371003826339,-0.0249786095286205
736,1911-05-01,-0.67,-0.132,-0.389,0.1133,-0.6335898163894995,0.0130881741055322,-0.0494983577160327
737,1911-06-01,-0.64,-0.068,-0.325,0.1106,-0.6179893013392339,0.0162865155617813,-0.0382972142225475
738,1911-07-01,-0.591,-0.089,-0.253,0.1019,-0.5985537019204432,0.018870672903619,-0.0113169709831757
739,1911-08-01,-0.589,-0.09,-0.264,0.0914,-0.5769654886475661,0.0334287280398525,-0.0454632393922863
740,1911-09-01,-0.572,-0.037,-0.166,0.0869,-0.5550486364832232,-0.0013665649242115,-0.0155847985925651
741,1911-10-01,-0.415,0.145,0.027,0.1111,-0.5347306302805077,0.0752378036664124,0.0444928266140953
742,1911-11-01,-0.397,0.29,0.015,0.1345,-0.5166936677733299,0.0398650962914501,0.0798285714818797
743,1911-12-01,-0.359,0.417,0.051,0.1489,-0.5013026072165568,-0.0482945247184336,0.1905971319349904
744,1912-01-01,-0.422,0.317,-0.02,0.1509,-0.4889228340573663,-0.006559673261627,0.0734825073189934
745,1912-02-01,-0.368,0.413,-0.097,0.1474,-0.4812948867241329,-0.0049591597410721,0.1182540464652049
746,1912-03-01,-0.584,0.224,-0.076,0.1229,-0.4792698908427062,-0.1031149014213256,-0.001615207735968
747,1912-04-01,-0.397,0.291,0.064,0.1163,-0.4815421585281715,-0.0032497534619202,0.0877919119900917
748,1912-05-01,-0.406,0.264,0.056,0.1058,-0.4863585374693621,0.0078176173457698,0.0725409201235922
749,1912-06-01,-0.382,0.258,0.07,0.0957,-0.4931137378255696,0.008601376400716,0.1025123614248535
750,1912-07-01,-0.542,0.049,-0.111,0.0903,-0.5021537849991554,0.0028823918150911,-0.0427286068159357
751,1912-08-01,-0.662,-0.073,-0.193,0.102,-0.5134728660560994,0.0154260041810184,-0.163953138124919
752,1912-09-01,-0.697,-0.125,-0.255,0.1195,-0.5258981550302685,-0.028143577537986,-0.1429582674317454
753,1912-10-01,-0.732,-0.317,-0.206,0.1398,-0.5379753847881775,0.0660860409253442,-0.2601106561371666
754,1912-11-01,-0.551,-0.154,0.013,0.1369,-0.5488842682320135,0.0497227172307837,-0.0518384489987702
755,1912-12-01,-0.573,-0.214,0.002,0.1294,-0.5582811974362863,-0.0145903677610103,-0.0001284348027033
756,1913-01-01,-0.601,-0.179,-0.181,0.1266,-0.5655402769531424,-0.0231040191111052,-0.0123557039357523
757,1913-02-01,-0.61,-0.242,-0.261,0.1152,-0.5691933571099663,0.0194062047098033,-0.060212847599837
758,1913-03-01,-0.646,-0.062,-0.212,0.1177,-0.567768995389492,-0.0745081495853198,-0.003722855025188
759,1913-04-01,-0.568,-0.171,0.07,0.105,-0.561294388270262,0.0001488367182393,-0.0068544484479773
760,1913-05-01,-0.591,-0.185,-0.055,0.0894,-0.551107390738116,0.0083038440664501,-0.0481964533283341
761,1913-06-01,-0.581,-0.199,-0.031,0.0595,-0.5388672811648322,0.0037899351360229,-0.0459226539711907
762,1913-07-01,-0.52,0.022,0.038,0.0621,-0.5259296478551089,-0.0060942109777617,0.0120238588328706
763,1913-08-01,-0.471,0.191,0.192,0.0716,-0.5129336233013574,0.0071440755589793,0.034789547742378
764,1913-09-01,-0.529,0.168,0.107,0.0661,-0.4999828073637906,-0.0435674923800209,0.0145502997438115
765,1913-10-01,-0.492,0.24,0.182,0.0508,-0.4869454917327384,0.0484905870067011,-0.0535450952739627
766,1913-11-01,-0.396,0.155,0.232,0.0698,-0.4737145972090529,0.0524461619319586,0.0252684352770943
767,1913-12-01,-0.186,0.387,0.525,0.1249,-0.4602535875299571,0.0032407702671508,0.2710128172628062
768,1914-01-01,-0.186,0.415,0.637,0.1534,-0.4464228346689115,-0.0411397592192802,0.3015625938881917
769,1914-02-01,-0.334,0.276,0.461,0.153,-0.4322242273130845,0.0209441698569193,0.0772800574561651
770,1914-03-01,-0.468,0.178,0.202,0.1414,-0.4178753815281568,-0.0473579023490284,-0.0027667161228148
771,1914-04-01,-0.456,0.112,0.231,0.136,-0.4039448949151477,-0.0025298934580862,-0.049525211626766
772,1914-05-01,-0.393,0.198,0.269,0.127,-0.3905538557021337,0.0081542949045494,-0.0106004392024157
773,1914-06-01,-0.388,0.193,0.232,0.1162,-0.3772685423857696,-0.0126694231471168,0.0019379655328864
774,1914-07-01,-0.376,0.144,0.256,0.1101,-0.3639309685553048,0.0076308489000818,-0.019699880344777
775,1914-08-01,-0.337,0.134,0.259,0.1079,-0.3506211643305253,0.0301890966612842,-0.0165679323307588
776,1914-09-01,-0.371,0.158,0.307,0.0969,-0.3374444381107473,-0.020348462074438,-0.0132070998148145
777,1914-10-01,-0.195,0.297,0.38,0.0995,-0.3247915201274877,0.0238910369357734,0.1059004831917142
778,1914-11-01,-0.265,0.131,0.151,0.1,-0.3135217920867527,0.050995605190409,-0.0024738131036564
779,1914-12-01,-0.251,-0.065,0.241,0.0931,-0.3041796870201866,-0.017346301350985,0.0705259883711716
780,1915-01-01,-0.387,-0.201,0.131,0.0811,-0.2969822497919795,-0.0592161104539211,-0.0308016397540992
781,1915-02-01,-0.304,0.03,0.472,0.0822,-0.2919923536393368,0.0182979135402458,-0.0303055599009089
782,1915-03-01,-0.244,0.224,0.286,0.0781,-0.2890663440180425,-0.0385841983081678,0.0836505423262103
783,1915-04-01,-0.15,0.306,0.422,0.0832,-0.2877754553240912,-0.0124534025521938,0.150228857876285
784,1915-05-01,-0.22,0.173,0.235,0.0816,-0.28817930776544,0.0002404686955366,0.0679388390699033
785,1915-06-01,-0.284,0.104,0.115,0.0756,-0.2908278096719401,-0.0161563946361839,0.022984204308124
786,1915-07-01,-0.245,0.131,0.153,0.07,-0.2959835396168866,0.025132082006749,0.0258514576101375
787,1915-08-01,-0.253,0.084,0.158,0.067,-0.3036337161093744,0.0630236320199126,-0.0123899159105382
788,1915-09-01,-0.295,0.076,0.142,0.0591,-0.3139476245720141,0.0288271748949942,-0.0098795503229801
789,1915-10-01,-0.358,-0.163,0.081,0.062,-0.3273486947513536,0.0310660670932161,-0.0617173723418624
790,1915-11-01,-0.25,0.015,0.09,0.0623,-0.3435834310968922,0.039485200926454,0.0540982301704381
791,1915-12-01,-0.41,-0.159,-0.053,0.0737,-0.3620382042434328,-0.070114615224131,0.0221528194675638
792,1916-01-01,-0.362,0.025,0.069,0.0708,-0.3815111390835307,-0.0683210469412211,0.0878321860247519
793,1916-02-01,-0.351,-0.047,0.097,0.0734,-0.4012642510374241,-0.017350310159957,0.0676145611973811
794,1916-03-01,-0.492,-0.248,-0.124,0.0931,-0.4215520804516601,-0.0286272129303335,-0.0418207066180062
795,1916-04-01,-0.448,-0.298,-0.233,0.0873,-0.4431231470883236,-0.0132648170778316,0.0083879641661553
796,1916-05-01,-0.466,-0.246,-0.036,0.0878,-0.4665921217749356,-0.0112676329000692,0.0118597546750047
797,1916-06-01,-0.543,-0.259,-0.22,0.1007,-0.4920671468967843,0.0008069330093933,-0.0517397861126091
798,1916-07-01,-0.475,-0.23,-0.114,0.0959,-0.5182440646761807,0.0440639453998173,-0.0008198807236367
799,1916-08-01,-0.423,-0.17,-0.039,0.0856,-0.5425409972336458,0.0698107306650624,0.0497302665685833
800,1916-09-01,-0.478,-0.183,-0.042,0.0801,-0.5629265125082312,0.0821362398687663,0.0027902726394648
801,1916-10-01,-0.517,-0.159,-0.151,0.0818,-0.579975509994509,0.0326401960392249,0.0303353139552839
802,1916-11-01,-0.657,-0.407,-0.155,0.0827,-0.5942569395810278,0.0460224186694213,-0.1087654790883936
803,1916-12-01,-0.885,-0.475,-0.551,0.1435,-0.6054366029537629,-0.1489797889909036,-0.1305836080553334
804,1917-01-01,-0.749,-0.387,-0.171,0.151,-0.6133035704190101,-0.0442703865978058,-0.091426042983184
805,1917-02-01,-0.818,-0.467,-0.129,0.1577,-0.6188481015489559,-0.0310594538048317,-0.1680924446462123
806,1917-03-01,-0.889,-0.397,-0.401,0.1781,-0.6239193443077286,-0.0276909288033322,-0.2373897268889392
807,1917-04-01,-0.661,-0.213,-0.101,0.1707,-0.6293645255054217,-0.0323993533022232,0.0007638788076448
808,1917-05-01,-0.712,-0.246,-0.052,0.1638,-0.6346434796958501,-0.022109943021761,-0.0552465772823888
809,1917-06-01,-0.57,-0.027,0.025,0.1624,-0.6378017340002148,0.0066219759457743,0.0611797580544405
810,1917-07-01,-0.356,0.119,0.149,0.1772,-0.6374133833343777,0.0481614439487968,0.2332519393855808
811,1917-08-01,-0.41,0.013,0.127,0.1787,-0.6336321510374748,0.051381859735342,0.1722502913021327
812,1917-09-01,-0.383,0.095,0.126,0.1885,-0.6279083033880212,0.1049470816751268,0.1399612217128943
813,1917-10-01,-0.602,-0.085,-0.194,0.1852,-0.6219016333622647,0.0448544703548852,-0.0249528369926205
814,1917-11-01,-0.564,0.093,0.058,0.1864,-0.6160648437636639,0.0560238961122695,-0.0039590523486056
815,1917-12-01,-0.847,0.038,-0.225,0.1821,-0.610150689147659,-0.1648582406063314,-0.0719910702460094
816,1918-01-01,-0.653,0.096,-0.043,0.1784,-0.6038114559663381,-0.0131304549150415,-0.0360580891186202
817,1918-02-01,-0.694,0.124,-0.2,0.1694,-0.5961095648533249,-0.0432979361788825,-0.0545924989677925
818,1918-03-01,-0.588,0.301,0.171,0.1452,-0.5853270171859335,-0.0253929702778394,0.022719987463773
819,1918-04-01,-0.663,-0.002,0.025,0.1453,-0.5702474505572557,-0.0375629426605853,-0.055189606782159
820,1918-05-01,-0.6,0.112,-0.055,0.14,-0.5515560759731967,-0.0174343612115699,-0.0310095628152333
821,1918-06-01,-0.528,0.042,0.002,0.1407,-0.5317240741538309,0.0109522345664062,-0.0072281604125753
822,1918-07-01,-0.446,-0.09,0.036,0.1301,-0.5120815299374483,0.0366759007650578,0.0294056291723903
823,1918-08-01,-0.526,-0.116,0.082,0.1201,-0.4937638882884879,0.0279201901417598,-0.0601563018532719
824,1918-09-01,-0.359,0.024,0.157,0.124,-0.4780671966541172,0.1051244240717608,0.0139427725823563
825,1918-10-01,-0.244,0.358,0.365,0.1588,-0.465332253090715,0.0449408463367,0.1763914067540149
826,1918-11-01,-0.284,0.28,0.399,0.1775,-0.4550043681003941,0.0395392902937606,0.1314650778066334
827,1918-12-01,-0.448,0.399,0.218,0.1491,-0.4462896929226838,-0.1601644284695588,0.1584541213922426
828,1919-01-01,-0.348,0.305,0.49,0.1471,-0.4385231565790709,0.0311335453178393,0.0593896112612316
829,1919-02-01,-0.386,0.308,0.242,0.132,-0.4315608995376604,-0.0508391761146434,0.0964000756523039
830,1919-03-01,-0.484,0.104,0.24,0.1254,-0.4261052933286658,-0.0148564146634197,-0.0430382920079144
831,1919-04-01,-0.286,0.377,0.43,0.1118,-0.4228878961271367,-0.0428649038936861,0.1797528000208228
832,1919-05-01,-0.396,0.204,0.256,0.0948,-0.4225802916295068,-0.0018332040572626,0.0284134956867694
833,1919-06-01,-0.453,0.075,0.159,0.0873,-0.4250639537010868,0.0096729446252699,-0.0376089909241831
834,1919-07-01,-0.434,0.012,0.177,0.0867,-0.4287832364707001,0.0219714042895857,-0.0271881678188856
835,1919-08-01,-0.446,0.08,0.024,0.0777,-0.431277805195897,-0.0057013188367159,-0.009020875967387
836,1919-09-01,-0.402,-0.043,0.122,0.0776,-0.4315975226718844,0.0774225049896153,-0.0478249823177309
837,1919-10-01,-0.402,-0.158,0.15,0.0638,-0.4303029052218553,0.0478644833889842,-0.0195615781671289
838,1919-11-01,-0.562,-0.278,-0.082,0.0691,-0.4278221555720089,0.0379240250336021,-0.1721018694615932
839,1919-12-01,-0.544,-0.096,0.099,0.0776,-0.4243636616968913,-0.1116571152798595,-0.0079792230232491
840,1920-01-01,-0.344,0.004,0.191,0.078,-0.4204020062531531,0.0569124947636425,0.0194895114895106
841,1920-02-01,-0.497,-0.111,0.089,0.0791,-0.4164582391862756,-0.0471642418667257,-0.0333775189469986
842,1920-03-01,-0.299,0.185,0.378,0.0869,-0.4125154985514024,-0.0243759529146122,0.1378914514660146
843,1920-04-01,-0.434,-0.148,0.194,0.0755,-0.4082643414167415,-0.0356799051381279,0.0099442465548694
844,1920-05-01,-0.352,0.044,0.186,0.0786,-0.4038169285999787,-0.0029540611042634,0.0547709897042422
845,1920-06-01,-0.378,0.075,0.194,0.0796,-0.3996023331711155,0.0058011750705545,0.0158011581005609
846,1920-07-01,-0.427,0.007,0.075,0.0796,-0.3961517710380591,0.023797436251631,-0.0546456652135718
847,1920-08-01,-0.376,0.07,0.123,0.0804,-0.3936877342274196,-0.010797276399003,0.0284850106264226
848,1920-09-01,-0.33,0.072,0.205,0.0843,-0.3917573065635892,0.0431005037036248,0.0186568028599644
849,1920-10-01,-0.354,0.048,0.206,0.0859,-0.3898065868425176,0.0551460192920005,-0.0193394324494829
850,1920-11-01,-0.409,0.153,0.278,0.0711,-0.3876407708346079,0.0260515757094109,-0.0474108048748029
851,1920-12-01,-0.573,-0.029,0.203,0.0768,-0.3850921449802107,-0.0523200743102114,-0.1355877807095777
852,1921-01-01,-0.292,0.052,0.447,0.0815,-0.3818844385158279,0.0366036956373541,0.0532807428784737
853,1921-02-01,-0.392,0.105,0.389,0.0747,-0.3778235249379685,-0.0728566413451214,0.0586801662830899
854,1921-03-01,-0.451,-0.152,0.357,0.0717,-0.3731942079361135,-0.0219004584971006,-0.0559053335667858
855,1921-04-01,-0.432,0.002,0.256,0.0716,-0.3687587712897676,-0.0249964540631722,-0.0382447746470601
856,1921-05-01,-0.401,-0.049,0.269,0.0702,-0.3653242366132811,-0.019832800600091,-0.0158429627866278
857,1921-06-01,-0.328,0.05,0.312,0.0731,-0.3629969172272581,0.0130334940607098,0.0219634231665482
858,1921-07-01,-0.263,0.164,0.328,0.0818,-0.3614877529027835,0.0231359601271443,0.0753517927756391
859,1921-08-01,-0.377,-0.001,0.212,0.0818,-0.3612920965641665,-0.0196209776447164,0.0039130742088829
860,1921-09-01,-0.332,-0.002,0.24,0.0817,-0.3629008640109822,0.0154921092129389,0.0154087547980432
861,1921-10-01,-0.227,0.127,0.188,0.0933,-0.3659847256547303,0.0562883897921632,0.082696335862567
862,1921-11-01,-0.286,0.123,0.111,0.0957,-0.3699590933001132,0.0616468662695711,0.022312227030542
863,1921-12-01,-0.315,0.258,0.044,0.0696,-0.3746913092731117,0.0140021078806443,0.0456892013924673
864,1922-01-01,-0.474,-0.182,-0.052,0.0773,-0.3806789843829606,0.0071640324913054,-0.1004850481083447
865,1922-02-01,-0.551,-0.159,-0.183,0.0954,-0.388132908990711,-0.0852462936227667,-0.0776207973865222
866,1922-03-01,-0.377,0.074,0.207,0.092,-0.3963660128902865,-0.0265862144522241,0.0459522273425105
867,1922-04-01,-0.357,0.075,0.04,0.0895,-0.4044694088288134,-0.0363091414291281,0.0837785502579415
868,1922-05-01,-0.498,-0.097,-0.092,0.0978,-0.411987591120301,-0.030630031561439,-0.0553823773182599
869,1922-06-01,-0.442,-0.114,-0.06,0.0993,-0.4190482615642987,0.0232148750337075,-0.0461666134694089
870,1922-07-01,-0.382,-0.119,0.16,0.0929,-0.4256877531216814,0.019358505197841,0.0243292479238403
871,1922-08-01,-0.476,-0.099,0.186,0.0964,-0.4314412879512515,-0.0361511822495825,-0.0084075297991658
872,1922-09-01,-0.46,-0.128,0.237,0.0962,-0.4359236775366316,-0.0102726772234159,-0.0138036452399524
873,1922-10-01,-0.446,-0.219,0.286,0.0788,-0.4393637001693709,0.0592834812882599,-0.065919781118889
874,1922-11-01,-0.319,-0.033,0.232,0.074,-0.4419896194309906,0.1174236403816353,0.0055659790493553
875,1922-12-01,-0.36,-0.045,0.213,0.0689,-0.4437332311779844,0.033009191797474,0.0507240393805104
876,1923-01-01,-0.45,0.024,0.151,0.0678,-0.443777615915377,-0.0323693446374591,0.0261469605528362
877,1923-02-01,-0.547,0.004,0.063,0.0672,-0.4416070479205751,-0.0867406546954374,-0.0186522973839875
878,1923-03-01,-0.557,-0.18,0.089,0.0748,-0.4376942894281539,-0.008757120806422,-0.1105485897654241
879,1923-04-01,-0.51,-0.153,0.058,0.0722,-0.4324109871635505,-0.0311664933427129,-0.0464225194937365
880,1923-05-01,-0.455,0.043,0.136,0.0709,-0.4256081295745789,-0.0141296096913863,-0.0152622607340348
881,1923-06-01,-0.358,0.084,0.223,0.0757,-0.4173870442305159,0.0243609693564893,0.0350260748740265
882,1923-07-01,-0.464,-0.082,0.056,0.0734,-0.4087338887383288,0.007081802812093,-0.0623479140737643
883,1923-08-01,-0.46,0.016,0.011,0.073,-0.4004188896953017,-0.0350556603729606,-0.0245254499317376
884,1923-09-01,-0.45,0.01,0.079,0.0729,-0.3928827460917153,-0.0211062535549328,-0.0360110003533518
885,1923-10-01,-0.282,0.164,0.21,0.0873,-0.3862081251048543,0.0463381801944708,0.0578699449103835
886,1923-11-01,-0.16,0.159,0.236,0.1143,-0.3806550497857327,0.142309999411646,0.0783450503740866
887,1923-12-01,-0.169,0.191,0.017,0.135,-0.3767018544829147,-0.0131855742228713,0.220887428705786
888,1924-01-01,-0.41,0.04,-0.224,0.1343,-0.3748588191292604,-0.0629263054475163,0.0277851245767767
889,1924-02-01,-0.384,0.163,-0.05,0.1262,-0.3752583197321507,-0.0723589740512436,0.0636172937833943
890,1924-03-01,-0.277,0.28,0.191,0.1178,-0.377845452114409,0.000274586168904,0.100570865945505
891,1924-04-01,-0.438,0.072,0.018,0.1114,-0.3827828435007901,-0.017080580841046,-0.0381365756581637
892,1924-05-01,-0.323,0.132,0.07,0.1075,-0.3904134499683191,0.0059956794477407,0.0614177705205783
893,1924-06-01,-0.364,-0.006,0.024,0.1076,-0.4005534302348488,0.0229233101521357,0.013630120082713
894,1924-07-01,-0.414,0.05,-0.038,0.1036,-0.4118698891070254,-0.0134891527858535,0.0113590418928789
895,1924-08-01,-0.468,-0.008,-0.131,0.1044,-0.4224582418422991,-0.013565322107729,-0.0319764360499719
896,1924-09-01,-0.449,0.001,-0.078,0.1043,-0.4309381710935899,-0.0138439765880163,-0.0042178523183937
897,1924-10-01,-0.45,-0.168,-0.255,0.1064,-0.4369578170818136,0.0531503377855951,-0.0661925207037815
898,1924-11-01,-0.372,-0.212,-0.107,0.086,-0.4406854229349039,0.1513855992865404,-0.0827001763516364
899,1924-12-01,-0.548,-0.379,-0.297,0.0712,-0.4422257265724204,-0.0465719948814378,-0.0592022785461417
900,1925-01-01,-0.578,-0.168,-0.191,0.0865,-0.4417151335192808,-0.0820335437102062,-0.0542513227705128
901,1925-02-01,-0.561,-0.177,-0.257,0.0942,-0.4392508035314492,-0.0409466473286969,-0.0808025491398539
902,1925-03-01,-0.456,-0.179,-0.212,0.0796,-0.4346765598526424,-0.0286725133242765,0.007349073176919
903,1925-04-01,-0.398,0.04,-0.248,0.081,-0.4273254677126462,-0.005641540227879,0.0349670079405252
904,1925-05-01,-0.393,-0.07,-0.173,0.0733,-0.4169041297527938,0.0081210924624519,0.0157830372903418
905,1925-06-01,-0.418,-0.054,-0.134,0.0688,-0.4037319119019933,0.0112743836781039,-0.0255424717761105
906,1925-07-01,-0.398,0.016,-0.153,0.0699,-0.3890558879812691,-0.015285444863807,0.0063413328450761
907,1925-08-01,-0.33,0.138,-0.077,0.0788,-0.3756613345793018,0.014320296645835,0.0313410379334667
908,1925-09-01,-0.364,0.085,-0.069,0.0822,-0.3654987200050762,0.0129033515523047,-0.0114046315472285
909,1925-10-01,-0.313,0.137,0.045,0.0897,-0.3583106450263884,0.0837269807773603,-0.0384163357509719
910,1925-11-01,-0.165,0.207,0.085,0.1171,-0.3526337814168898,0.1396646604829029,0.0479691209339868
911,1925-12-01,-0.098,0.45,0.312,0.1389,-0.3474525853380424,-0.0874691669734184,0.3369217523114609
912,1926-01-01,-0.002,0.576,0.36,0.1595,-0.3423991929970351,-0.0930035562940008,0.433402749291036
913,1926-02-01,-0.173,0.388,0.178,0.146,-0.3374852492561491,-0.0157393349540491,0.1802245842101983
914,1926-03-01,-0.093,0.363,0.399,0.1466,-0.3327129997605481,-0.0712631939707161,0.3109761937312642
915,1926-04-01,-0.262,0.136,0.186,0.1403,-0.3282110740128963,-0.0121928109809147,0.078403884993811
916,1926-05-01,-0.37,0.023,0.096,0.1383,-0.3241730652546328,-0.009088042696026,-0.0367388920493411
917,1926-06-01,-0.319,0.099,0.224,0.13,-0.3208935302665822,-0.0107297475525762,0.0126232778191584
918,1926-07-01,-0.373,0.025,0.102,0.1274,-0.3195636074103593,-0.0017695354821771,-0.0516668571074634
919,1926-08-01,-0.273,0.057,0.15,0.1247,-0.321790723421857,0.0361291229821138,0.0126616004397432
920,1926-09-01,-0.273,0.091,0.205,0.1187,-0.3264230733421074,0.0382841071864702,0.0151389661556371
921,1926-10-01,-0.174,0.139,0.343,0.1162,-0.3307440998353188,0.1166843266651291,0.0400597731701897
922,1926-11-01,-0.221,-0.056,0.436,0.1152,-0.3336275833949426,0.133911341552049,-0.0212837581571063
923,1926-12-01,-0.408,-0.31,0.477,0.1202,-0.3350279752471223,-0.0754655826826039,0.0024935579297262
924,1927-01-01,-0.418,-0.416,0.331,0.1024,-0.3350936690976003,-0.100483959504214,0.0175776286018143
925,1927-02-01,-0.322,-0.149,0.496,0.0971,-0.3343938910220896,0.0208287229856891,-0.0084348319635995
926,1927-03-01,-0.536,-0.443,0.353,0.0987,-0.3337282993667634,-0.1089554587145218,-0.0933162419187147
927,1927-04-01,-0.458,-0.196,0.203,0.1028,-0.3335101680507921,-0.0357420066152732,-0.0887478253339346
928,1927-05-01,-0.354,0.016,0.358,0.1025,-0.3333710222980091,-0.037066472727045,0.0164374950250542
929,1927-06-01,-0.357,-0.038,0.213,0.1023,-0.3327895083108874,-0.0307774090023003,0.0065669173131878
930,1927-07-01,-0.295,0.078,0.061,0.1029,-0.3314796777927147,0.003396555719452,0.0330831220732626
931,1927-08-01,-0.288,-0.015,0.122,0.1021,-0.3298053282885596,0.0423946076664251,-0.0005892793778655
932,1927-09-01,-0.262,0.011,0.121,0.1029,-0.3283160030997879,0.0510752265302519,0.0152407765695359
933,1927-10-01,-0.119,0.055,0.483,0.1118,-0.327226864200451,0.1326751968840995,0.0755516673163514
934,1927-11-01,-0.204,0.017,0.36,0.1135,-0.326757470933605,0.1289724540245641,-0.006214983090959
935,1927-12-01,-0.457,-0.049,0.39,0.1172,-0.3273539435321907,-0.0210449843876251,-0.1086010720801841
936,1928-01-01,-0.185,0.233,0.468,0.1221,-0.3295970009359936,-0.0955983774340877,0.2401953783700814
937,1928-02-01,-0.267,0.055,0.427,0.1231,-0.3334021637326359,0.020011887726784,0.0463902760058518
938,1928-03-01,-0.422,0.114,0.166,0.1079,-0.3380975770299987,-0.1219778607509361,0.0380754377809348
939,1928-04-01,-0.39,0.068,0.273,0.1008,-0.3433034534724559,-0.0696869197773043,0.0229903732497602
940,1928-05-01,-0.403,-0.049,0.197,0.1041,-0.3490002038668268,-0.049287765747158,-0.0047120303860151
941,1928-06-01,-0.423,-0.066,0.105,0.1088,-0.3554825235326034,-0.0391003051157786,-0.0284171713516179
942,1928-07-01,-0.321,-0.026,0.125,0.1087,-0.3631860625173707,0.0057041671204823,0.0364818953968883
943,1928-08-01,-0.342,-0.054,0.184,0.1088,-0.3722026696591567,0.0419154798551774,-0.0117128101960206
944,1928-09-01,-0.32,-0.058,0.039,0.1074,-0.3823884005354453,0.0464529291289067,0.0159354714065385
945,1928-10-01,-0.306,-0.187,-0.062,0.0871,-0.3934265719661917,0.1211703932819844,-0.0337438213157927
946,1928-11-01,-0.272,-0.068,0.012,0.0795,-0.4042025458449347,0.124282416990097,0.0079201288548376
947,1928-12-01,-0.302,0.155,0.146,0.0714,-0.413584272477926,0.0254909600801817,0.0860933123977442
948,1929-01-01,-0.545,-0.36,-0.197,0.0803,-0.4209836693293735,-0.0912796593839975,-0.032736671286629
949,1929-02-01,-0.677,-0.41,-0.291,0.1165,-0.4264915654296959,-0.0225297340168636,-0.2279787005534404
950,1929-03-01,-0.536,-0.114,-0.052,0.1234,-0.4306718898549878,-0.0729421439739856,-0.0323859661710266
951,1929-04-01,-0.56,-0.17,-0.274,0.1313,-0.4334960450980417,-0.0776321329472997,-0.0488718219546586
952,1929-05-01,-0.526,-0.123,-0.13,0.1348,-0.4345756512857378,-0.0578378911900695,-0.0335864575241927
953,1929-06-01,-0.498,-0.075,-0.045,0.1363,-0.433294230442558,-0.0315705654796366,-0.0331352040778053
954,1929-07-01,-0.524,-0.203,-0.09,0.1337,-0.4292896464176415,0.0132201352440069,-0.1079304888263655
955,1929-08-01,-0.374,-0.032,0.072,0.1316,-0.4222488009135834,0.0415299336841146,0.0067188672294687
956,1929-09-01,-0.398,-0.078,0.004,0.1262,-0.4121188355744961,0.0348722499869626,-0.0207534144124665
957,1929-10-01,-0.31,-0.004,0.092,0.1258,-0.3993012974324694,0.0923884403161681,-0.0030871428836987
958,1929-11-01,-0.27,0.002,0.292,0.1261,-0.3849353160674765,0.1024263108911282,0.0125090051763481
959,1929-12-01,-0.647,-0.345,-0.103,0.1261,-0.3703822442044818,0.0606424676610633,-0.3372602234565816
960,1930-01-01,-0.438,0.107,-0.094,0.1255,-0.3563310878998807,-0.0638636589727912,-0.0178052531273279
961,1930-02-01,-0.428,0.249,0.069,0.1095,-0.3426919371005316,-0.0662638477642848,-0.0190442151351836
962,1930-03-01,-0.322,0.214,-0.023,0.1132,-0.3296459056753542,-0.0516608934482045,0.0593067991235587
963,1930-04-01,-0.355,0.205,0.079,0.1091,-0.3172918563004731,-0.0698028240884766,0.0320946803889498
964,1930-05-01,-0.332,0.194,0.02,0.107,-0.3058250729950221,-0.0616668252070357,0.0354918982020578
965,1930-06-01,-0.289,0.209,0.089,0.108,-0.2953622125885261,-0.0161246380256262,0.0224868506141523
966,1930-07-01,-0.262,0.262,0.165,0.105,-0.2862027955945555,0.0152844734612113,0.0089183221333441
967,1930-08-01,-0.243,0.131,0.133,0.111,-0.2786636212822587,0.0386829440015903,-0.0030193227193316
968,1930-09-01,-0.262,0.136,0.068,0.1135,-0.2723312460100222,0.0366006392715889,-0.0262693932615667
969,1930-10-01,-0.217,0.093,0.137,0.1192,-0.266544482623247,0.0869532976497724,-0.0374088150265254
970,1930-11-01,0.0,0.27,0.409,0.1538,-0.2609237306300032,0.0586885912334601,0.202235139396543
971,1930-12-01,-0.171,0.476,0.402,0.118,-0.2554278744169642,0.069908602500447,0.0145192719165171
972,1931-01-01,-0.23,0.208,0.062,0.1069,-0.2498013703793258,-0.0311552108005123,0.0509565811798381
973,1931-02-01,-0.366,0.062,0.026,0.0992,-0.2439157415933405,-0.1064814513502022,-0.0156028070564572
974,1931-03-01,-0.275,0.047,0.176,0.0972,-0.2380046679702087,-0.0480270640752453,0.0110317320454539
975,1931-04-01,-0.333,0.022,0.099,0.0952,-0.232302821328953,-0.0423915873894192,-0.0583055912816277
976,1931-05-01,-0.324,0.008,0.077,0.0946,-0.2275580105908019,-0.0457026004933009,-0.050739388915897
977,1931-06-01,-0.178,0.111,0.15,0.0956,-0.2244278903714994,-0.0087625648148901,0.0551904551863896
978,1931-07-01,-0.144,0.118,0.119,0.099,-0.222878027229079,0.0259389023655773,0.0529391248635016
979,1931-08-01,-0.157,0.086,0.22,0.1009,-0.2226991270309251,0.0318736458425764,0.0338254811883486
980,1931-09-01,-0.169,0.093,0.163,0.1011,-0.2238497904260687,0.045666298192903,0.0091834922331657
981,1931-10-01,-0.101,0.116,0.126,0.1062,-0.2263466200980076,0.0883066770253584,0.0370399430726492
982,1931-11-01,-0.208,-0.208,0.078,0.0846,-0.2303253948236641,0.0091305032726595,0.0131948915510045
983,1931-12-01,-0.195,-0.024,0.12,0.0836,-0.2356164543809916,0.0380512138504875,0.0025652405305041
984,1932-01-01,-0.044,0.186,0.43,0.0982,-0.242363924882858,-0.0176699604580821,0.2160338853409402
985,1932-02-01,-0.362,0.004,0.189,0.0977,-0.2506908263195101,-0.080197952785192,-0.0311112208952978
986,1932-03-01,-0.321,-0.046,0.056,0.1014,-0.26051588146564,-0.0665307740819872,0.0060466555476272
987,1932-04-01,-0.207,0.126,0.15,0.0939,-0.2712106108700559,-0.0342589350004746,0.0984695458705305
988,1932-05-01,-0.283,0.041,0.215,0.0896,-0.2822557546377552,-0.022577869244821,0.0218336238825762
989,1932-06-01,-0.341,-0.163,0.101,0.0984,-0.2934515408303252,-0.0015610946240722,-0.0459873645456025
990,1932-07-01,-0.286,-0.142,0.096,0.0981,-0.3046252114497145,0.0340914767891924,-0.0154662653394778
991,1932-08-01,-0.338,-0.181,0.138,0.1009,-0.3155975922848135,0.0334985465651629,-0.0559009542803494
992,1932-09-01,-0.174,-0.005,0.286,0.1006,-0.3261977154207697,0.0395831485679805,0.1126145668527891
993,1932-10-01,-0.226,-0.125,0.22,0.0912,-0.3363087106985762,0.0907287214378456,0.0195799892607305
994,1932-11-01,-0.412,-0.204,-0.093,0.1013,-0.3458241009668389,-0.0479515866330586,-0.0182243124001024
995,1932-12-01,-0.361,-0.166,-0.001,0.1021,-0.3549529989754626,0.0351004559993701,-0.0411474570239075
996,1933-01-01,-0.376,-0.332,0.074,0.0734,-0.3636497456057213,-0.025414501699166,0.0130642473048873
997,1933-02-01,-0.453,-0.091,0.094,0.0836,-0.3715687589155759,-0.0101448326969599,-0.0712864083874641
998,1933-03-01,-0.474,-0.153,0.083,0.0954,-0.3786497838794007,-0.0887774319519463,-0.0065727841686529
999,1933-04-01,-0.394,-0.187,0.116,0.089,-0.3845513870099777,-0.0480299234563374,0.0385813104663151
1000,1933-05-01,-0.393,-0.11,0.062,0.0879,-0.3886301886410947,-0.0032932615059426,-0.0010765498529626
1001,1933-06-01,-0.409,-0.068,-0.051,0.0893,-0.3906423485879791,-0.0016877263496537,-0.016669925062367
1002,1933-07-01,-0.378,-0.092,0.086,0.0865,-0.3907702342410768,0.0333236941644929,-0.020553459923416
1003,1933-08-01,-0.328,0.01,0.132,0.0868,-0.388867894982783,0.0312638347454534,0.0296040602373296
1004,1933-09-01,-0.45,-0.276,0.0,0.0656,-0.3849385573839021,0.0365558212140709,-0.1016172638301688
1005,1933-10-01,-0.344,-0.118,-0.062,0.0447,-0.3794223633092567,0.0954080145714714,-0.0599856512622146
1006,1933-11-01,-0.471,-0.059,-0.311,0.0494,-0.3728401218819243,-0.0783347241016334,-0.0198251540164421
1007,1933-12-01,-0.585,-0.224,-0.416,0.0702,-0.3655044201547905,0.0346321604772708,-0.2541277403224803
1008,1934-01-01,-0.404,-0.028,0.006,0.069,-0.3575849768639386,-0.0695590761369888,0.0231440530009273
1009,1934-02-01,-0.233,0.22,0.151,0.0873,-0.3487042538698553,0.1044939005937175,0.0112103532761377
1010,1934-03-01,-0.486,-0.012,-0.209,0.0882,-0.3388237342728654,-0.0942922647337886,-0.0528840009933459
1011,1934-04-01,-0.45,-0.056,-0.012,0.089,-0.3286819444094708,-0.0770273658968924,-0.0442906896936368
1012,1934-05-01,-0.244,0.149,0.079,0.1012,-0.318630950868757,-0.0096773737891725,0.0843083246579295
1013,1934-06-01,-0.235,0.174,0.129,0.1115,-0.3090785419480513,-0.0036663597571477,0.077744901705199
1014,1934-07-01,-0.254,0.124,0.16,0.1177,-0.3011907697885427,0.0417090156333082,0.0054817541552344
1015,1934-08-01,-0.262,0.066,0.206,0.1215,-0.296174855062299,0.040320296023467,-0.006145440961168
1016,1934-09-01,-0.258,0.192,0.191,0.1224,-0.29411812143357,0.018839423189127,0.017278698244443
1017,1934-10-01,-0.174,0.17,0.276,0.1328,-0.294101587163485,0.0979760582213641,0.0221255289421209
1018,1934-11-01,-0.076,0.395,0.296,0.1452,-0.2951353312205474,-0.0686100153721601,0.2877453465927076
1019,1934-12-01,-0.202,0.383,0.346,0.1176,-0.2968962512733189,0.0393525828934903,0.0555436683798286
1020,1935-01-01,-0.462,-0.058,0.116,0.1244,-0.2993848949155987,-0.1002437057099932,-0.062371399374408
1021,1935-02-01,-0.043,0.19,0.518,0.1416,-0.3026854810131411,0.1201737223322237,0.1395117586809174
1022,1935-03-01,-0.33,0.156,0.126,0.1254,-0.3063915569408945,-0.1059258131247825,0.082317370065677
1023,1935-04-01,-0.467,-0.017,-0.069,0.128,-0.3101283874208105,-0.0964412410988009,-0.0604303714803884
1024,1935-05-01,-0.409,-0.165,-0.016,0.1358,-0.3141677498161642,-0.0186593063255397,-0.076172943858296
1025,1935-06-01,-0.352,-0.117,0.066,0.1377,-0.3184534556974389,-0.0012211191484877,-0.0323254251540733
1026,1935-07-01,-0.258,-0.004,0.14,0.1377,-0.3218577256286595,0.0521028760941924,0.0117548495344669
1027,1935-08-01,-0.28,-0.018,0.05,0.1376,-0.3229733264489356,0.0459324571836519,-0.0029591307347163
1028,1935-09-01,-0.295,-0.037,0.069,0.1376,-0.3213265545729512,0.0243863131838287,0.0019402413891225
1029,1935-10-01,-0.189,-0.015,0.124,0.1366,-0.3172622308756781,0.1047208813587221,0.0235413495169559
1030,1935-11-01,-0.394,-0.318,-0.229,0.1236,-0.3112983182751432,-0.0413237872419179,-0.0413778944829387
1031,1935-12-01,-0.312,-0.11,-0.214,0.1191,-0.304362774900333,0.0368363160972703,-0.0444735411969373
1032,1936-01-01,-0.461,0.001,-0.459,0.119,-0.2969924967132442,-0.094391102652715,-0.0696164006340407
1033,1936-02-01,-0.476,-0.433,-0.303,0.0912,-0.28936982634178,0.1184092441174816,-0.3050394177757016
1034,1936-03-01,-0.398,-0.068,-0.305,0.0918,-0.2815061196098205,-0.1236303261619017,0.0071364457717222
1035,1936-04-01,-0.314,0.153,-0.052,0.0856,-0.2730747224078268,-0.0877896627479765,0.0468643851558034
1036,1936-05-01,-0.288,0.121,0.082,0.0845,-0.2637591523749303,-0.0410597883243243,0.0168189406992546
1037,1936-06-01,-0.276,0.076,0.043,0.0859,-0.2536240017143865,-0.0191662399764592,-0.0032097583091542
1038,1936-07-01,-0.178,0.08,0.195,0.0946,-0.2431430883658281,0.0469060218024045,0.0182370665634235
1039,1936-08-01,-0.179,0.101,0.094,0.1028,-0.2328221925647771,0.0427268667289199,0.0110953258358572
1040,1936-09-01,-0.224,0.071,0.049,0.1059,-0.2231905359030764,0.0480637784521946,-0.0488732425491181
1041,1936-10-01,-0.136,0.053,0.038,0.1122,-0.2145956505799293,0.1168608605649153,-0.038265209984986
1042,1936-11-01,-0.177,0.217,0.044,0.1137,-0.2066303887753996,0.0051035362299835,0.0245268525454161
1043,1936-12-01,-0.159,0.153,0.249,0.1188,-0.1985323854431706,-0.0062789246333566,0.0458113100765272
1044,1937-01-01,-0.224,0.237,0.194,0.1033,-0.1899350445827058,-0.0595866227029079,0.0255216672856138
1045,1937-02-01,-0.098,0.378,0.224,0.0849,-0.1809520703141571,0.0904446700330115,-0.0074925997188544
1046,1937-03-01,-0.355,0.043,0.181,0.0773,-0.171945705749929,-0.1594230319556811,-0.0236312622943897
1047,1937-04-01,-0.272,0.042,0.186,0.0734,-0.163241396495183,-0.0538644173028905,-0.0548941862019264
1048,1937-05-01,-0.198,0.09,0.156,0.0696,-0.1551771724218325,-0.0421119448151093,-0.0007108827630581
1049,1937-06-01,-0.149,0.127,0.208,0.0677,-0.1477631328062357,-0.0300445194039867,0.0288076522102224
1050,1937-07-01,-0.107,0.071,0.188,0.0723,-0.1410934609845998,0.0318145383069217,0.0022789226776781
1051,1937-08-01,-0.087,0.092,0.201,0.0782,-0.1356597740608441,0.034978136236771,0.013681637824073
1052,1937-09-01,-0.007,0.217,0.255,0.0916,-0.1319487889038607,0.0555096218713606,0.0694391670325001
1053,1937-10-01,-0.006,0.13,0.113,0.1023,-0.1302712487710633,0.1283286630651133,-0.00405741429405
1054,1937-11-01,-0.054,0.123,0.15,0.1058,-0.1305512421620163,0.0520216472043682,0.0245295949576481
1055,1937-12-01,-0.189,-0.03,0.268,0.1066,-0.1321539187924919,-0.0458806088797149,-0.0109654723277931
1056,1938-01-01,-0.084,0.14,0.101,0.1048,-0.1343236982792558,-0.0245380388624312,0.074861737141687
1057,1938-02-01,-0.115,-0.017,0.152,0.1044,-0.1367747778093437,0.030260803646309,-0.0084860258369652
1058,1938-03-01,-0.099,0.256,0.323,0.0783,-0.139825524976095,-0.1661089019882859,0.2069344269643809
1059,1938-04-01,-0.099,0.173,0.291,0.0605,-0.1435967983143919,-0.0296874772808493,0.0742842755952413
1060,1938-05-01,-0.218,-0.02,0.185,0.0636,-0.1483111537017802,-0.0238271676954896,-0.04586167860273
1061,1938-06-01,-0.265,-0.116,0.158,0.0786,-0.1541739596606575,-0.0226878998048526,-0.0881381405344897
1062,1938-07-01,-0.172,-0.065,0.149,0.0805,-0.1608941020139596,0.0186933496236888,-0.0297992476097292
1063,1938-08-01,-0.158,-0.071,0.184,0.0808,-0.1676164487620464,0.0186251365462103,-0.0090086877841639
1064,1938-09-01,-0.097,-0.09,0.223,0.0729,-0.173483045830053,0.0544441283708862,0.0220389174591668
1065,1938-10-01,0.018,0.024,0.324,0.0768,-0.1775830253692562,0.1040246602301793,0.0915583651390769
1066,1938-11-01,-0.066,-0.012,0.206,0.0759,-0.179357140150294,0.0550688454009501,0.0582882947493438
1067,1938-12-01,-0.279,-0.09,0.023,0.0861,-0.1790329394985683,-0.0232616429395023,-0.0767054175619293
1068,1939-01-01,-0.209,-0.125,0.336,0.0868,-0.1775753067791747,-0.0211238727679766,-0.0103008204528485
1069,1939-02-01,-0.236,-0.121,0.441,0.0898,-0.1755395694999371,0.0180202951192947,-0.0784807256193576
1070,1939-03-01,-0.392,-0.293,0.144,0.1102,-0.1732332057844712,-0.1534336653729753,-0.0653331288425534
1071,1939-04-01,-0.241,-0.142,0.319,0.1082,-0.1704382067698657,-0.0035760133497224,-0.0669857798804118
1072,1939-05-01,-0.143,0.075,0.383,0.1088,-0.1660441776360322,-0.0101894864918146,0.0332336641278469
1073,1939-06-01,-0.131,0.134,0.367,0.1069,-0.1587268239237532,-0.0207770481067853,0.0485038720305386
1074,1939-07-01,-0.135,0.037,0.389,0.1075,-0.1479497574988087,0.0192760498787651,-0.0063262923799564
1075,1939-08-01,-0.134,0.024,0.24,0.108,-0.134504801543638,0.001530625846836,-0.001025824303198
1076,1939-09-01,-0.126,-0.029,0.272,0.1065,-0.1200053522997159,0.0267279444689012,-0.0327225921691853
1077,1939-10-01,-0.188,-0.206,0.122,0.088,-0.1059114578114613,0.0902283030723378,-0.1723168452608764
1078,1939-11-01,-0.078,-0.012,0.192,0.0865,-0.0930761393773093,0.036688721599472,-0.0216125822221627
1079,1939-12-01,0.26,0.539,0.907,0.1519,-0.0815160058257491,0.0213793653980298,0.3201366404277192
1080,1940-01-01,-0.113,0.096,0.325,0.1508,-0.0714230076107865,-0.0490987047333291,0.0075217123441156
1081,1940-02-01,-0.019,0.217,0.409,0.151,-0.062487930508816,0.0132064820305737,0.0302814484782422
1082,1940-03-01,-0.087,0.305,0.235,0.1244,-0.0538372647483247,-0.1314634119296117,0.0983006766779364
1083,1940-04-01,0.044,0.285,0.399,0.121,-0.0450255434643162,-0.0002712965181658,0.0892968399824821
1084,1940-05-01,-0.017,0.126,0.315,0.1197,-0.0366268860016518,0.0110420024136293,0.0085848835880224
1085,1940-06-01,-0.052,0.079,0.237,0.1176,-0.0299630146971279,-0.0027369479237678,-0.0193000373791041
1086,1940-07-01,-0.002,0.133,0.26,0.1155,-0.0258231671072856,0.0276555377498949,-0.0038323706426093
1087,1940-08-01,-0.05,0.084,0.193,0.1119,-0.0241167359337015,-0.0093601311342166,-0.0165231329320818
1088,1940-09-01,0.007,0.133,0.269,0.1087,-0.0240298241807229,-0.0128387902559825,0.0438686144367054
1089,1940-10-01,-0.007,0.181,0.21,0.0957,-0.0246718342187218,0.0672402686988342,-0.0495684344801123
1090,1940-11-01,-0.047,0.031,-0.047,0.0941,-0.0254068518162863,0.0149954418389778,-0.0365885900226915
1091,1940-12-01,0.116,-0.144,0.287,0.06,-0.0261340718406276,0.0675269863424448,0.0746070854981827
1092,1941-01-01,-0.11,0.003,0.12,0.0596,-0.0264165379558558,-0.070883339895098,-0.012700122149046
1093,1941-02-01,0.032,0.051,0.398,0.0613,-0.0262924553759219,0.0147142148314523,0.0435782405444696
1094,1941-03-01,-0.151,-0.064,0.124,0.0703,-0.0262602384398502,-0.0971226782189892,-0.0276170833411604
1095,1941-04-01,-0.042,-0.086,0.291,0.0676,-0.0268578787360263,0.0029010541646484,-0.018043175428622
1096,1941-05-01,-0.028,-0.011,0.296,0.0675,-0.0286930652762915,0.023359045147476,-0.0226659798711844
1097,1941-06-01,-0.017,0.035,0.161,0.0671,-0.032019302443536,-0.0010806369088364,0.0160999393523724
1098,1941-07-01,0.066,0.068,0.21,0.0719,-0.0368350191817074,0.0198446048852244,0.082990414296483
1099,1941-08-01,-0.033,0.017,0.124,0.0714,-0.0424814948506443,-0.0204151789590753,0.0298966738097196
1100,1941-09-01,-0.186,-0.193,-0.017,0.0857,-0.0484565910825692,-0.0308496428800168,-0.1066937660374138
1101,1941-10-01,0.126,0.133,0.227,0.0973,-0.0547855858482334,0.0626451637451493,0.118140422103084
1102,1941-11-01,-0.038,0.009,0.17,0.0971,-0.0614376791661157,0.0083696755770537,0.015068003589062
1103,1941-12-01,0.032,-0.084,0.227,0.0889,-0.0685651809784095,0.0951238110716673,0.0054413699067421
1104,1942-01-01,0.116,0.226,0.16,0.094,-0.0765364704644508,-0.0862521810628647,0.2787886515273156
1105,1942-02-01,-0.173,-0.205,0.189,0.1038,-0.0856076196742973,0.0226072799289329,-0.1099996602546355
1106,1942-03-01,-0.148,0.003,0.173,0.1034,-0.0955677845545802,-0.0810426186586807,0.028610403213261
1107,1942-04-01,-0.135,-0.093,0.072,0.108,-0.1056540921608822,0.0014990863309476,-0.0308449941700654
1108,1942-05-01,-0.05,-0.022,0.233,0.1081,-0.1149335808997558,0.0211281882479112,0.0438053926518446
1109,1942-06-01,-0.095,-0.078,0.246,0.1092,-0.123004464183158,-0.0172234710176197,0.0452279352007777
1110,1942-07-01,-0.174,-0.24,0.112,0.1093,-0.1297374512883363,0.0111304102212425,-0.0553929589329062
1111,1942-08-01,-0.186,-0.153,0.152,0.1143,-0.1349879724284786,-0.0196884243223521,-0.0313236032491691
1112,1942-09-01,-0.15,0.036,0.024,0.1116,-0.1385547236233535,-0.0349808680962329,0.0235355917195864
1113,1942-10-01,-0.167,-0.293,0.059,0.0949,-0.1406338481177431,0.0941003158767571,-0.1204664677590141
1114,1942-11-01,-0.135,-0.097,0.277,0.0935,-0.1416472536866846,0.0126803788431063,-0.0060331251564216
1115,1942-12-01,-0.116,-0.148,0.245,0.0829,-0.1419120242872324,0.0621232750298089,-0.0362112507425764
1116,1943-01-01,-0.237,-0.353,0.139,0.0475,-0.1408677296888505,-0.0738425047838137,-0.0222897655273357
1117,1943-02-01,-0.094,0.079,0.359,0.049,-0.1375828213353974,0.0115278312987489,0.0320549900366484
1118,1943-03-01,-0.254,-0.106,0.22,0.059,-0.1317332643508049,-0.0600622633154824,-0.0622044723337127
1119,1943-04-01,-0.08,0.055,0.314,0.0623,-0.1234234589719057,0.0052111395178467,0.038212319454059
1120,1943-05-01,-0.11,-0.06,0.283,0.0561,-0.1128594599267019,0.0123850632797542,-0.0095256033530523
1121,1943-06-01,-0.202,-0.107,0.207,0.0551,-0.1005103312320682,-0.0291868698730745,-0.0723027988948572
1122,1943-07-01,-0.095,0.079,0.283,0.0577,-0.0873065426987229,-0.0095679515667026,0.0018744942654256
1123,1943-08-01,-0.106,0.08,0.222,0.0581,-0.0743013073699108,-0.0108684544912931,-0.0208302381387959
1124,1943-09-01,-0.134,0.016,0.316,0.0582,-0.0622263525566756,-0.0017069621746203,-0.070066685268704
1125,1943-10-01,0.102,0.269,0.446,0.0911,-0.0509922895490477,0.1028420568169774,0.0501502327320702
1126,1943-11-01,-0.002,0.133,0.469,0.0972,-0.0401473609898368,0.0087410000039553,0.0294063609858815
1127,1943-12-01,0.027,0.143,0.612,0.105,-0.0293899494631209,0.0208720537249295,0.0355178957381914
1128,1944-01-01,0.157,0.394,0.561,0.1185,-0.0191039940331437,-0.0435293062741637,0.2196333003073075
1129,1944-02-01,0.039,0.133,0.272,0.1218,-0.0099983885970092,-0.0024366810200352,0.0514350696170445
1130,1944-03-01,0.036,0.29,0.522,0.1065,-0.002332728028465,-0.0505479867872088,0.0888807148156738
1131,1944-04-01,-0.044,0.036,0.406,0.1055,0.003251726218662,0.0318404023424243,-0.0790921285610864
1132,1944-05-01,0.008,0.118,0.252,0.1026,0.0061253631266447,-0.0053778293582388,0.0072524662315941
1133,1944-06-01,-0.027,0.175,0.208,0.085,0.0061372251746978,-0.0505759765437971,0.0174387513690993
1134,1944-07-01,-0.002,0.093,0.252,0.0799,0.0034455733913597,-0.0192397351537495,0.0137941617623898
1135,1944-08-01,0.031,0.137,0.293,0.0721,-0.0014945063944607,-0.0174866389049308,0.0499811452993915
1136,1944-09-01,0.086,0.22,0.344,0.0569,-0.0078748477326951,0.030785815224919,0.063089032507776
1137,1944-10-01,0.089,-0.013,0.263,0.0556,-0.0152370974750911,0.1082075425467695,-0.0039704450716784
1138,1944-11-01,-0.058,-0.056,0.018,0.0609,-0.0231477960046323,0.0075777870511354,-0.0424299910465031
1139,1944-12-01,-0.03,-0.057,0.172,0.0632,-0.0311734990033861,-0.0342224523669361,0.0353959513703223
1140,1945-01-01,-0.042,-0.199,0.42,0.0498,-0.0391427480246999,0.0055699493552345,-0.0084272013305345
1141,1945-02-01,-0.119,-0.158,-0.076,0.0604,-0.047207833816925,-0.0211443510050318,-0.0506478151780431
1142,1945-03-01,-0.116,-0.152,0.214,0.0664,-0.0556776241400414,-0.0305144082403991,-0.0298079676195594
1143,1945-04-01,0.048,0.092,0.515,0.0685,-0.0641496898511928,0.0473305822002472,0.0648191076509455
1144,1945-05-01,-0.126,-0.134,0.283,0.0756,-0.0724914482023857,-0.0112892274920195,-0.0422193243055946
1145,1945-06-01,-0.116,-0.089,0.236,0.0804,-0.0808987742425195,-0.0509004368718539,0.0157992111143735
1146,1945-07-01,-0.129,-0.127,0.129,0.0847,-0.0893888943461609,-0.0138278190450152,-0.0257832866088238
1147,1945-08-01,0.11,0.079,0.39,0.0933,-0.0981266118070215,-0.0287158333385758,0.2368424451455973
1148,1945-09-01,-0.024,-0.11,0.271,0.0856,-0.1074513196185985,0.0409144621316455,0.042536857486953
1149,1945-10-01,0.013,-0.076,0.202,0.0774,-0.117351311090992,0.0948992996448973,0.0354520114460947
1150,1945-11-01,-0.103,-0.045,0.291,0.0789,-0.1277051352812385,0.0112389116127089,0.0134662236685295
1151,1945-12-01,-0.26,-0.23,0.052,0.0984,-0.1385672826324255,-0.0882279850138171,-0.0332047323537573
1152,1946-01-01,-0.034,0.008,0.427,0.0986,-0.1499227627375638,0.0350748986312782,0.0808478641062856
1153,1946-02-01,-0.217,-0.098,0.259,0.1067,-0.1613974549030279,-0.0471909461789258,-0.0084115989180461
1154,1946-03-01,-0.216,-0.1,0.182,0.1135,-0.1729394819366273,-0.0047216953995096,-0.038338822663863
1155,1946-04-01,-0.123,-0.171,0.191,0.1053,-0.1845502691396879,0.0551758461090453,0.0063744230306425
1156,1946-05-01,-0.188,-0.062,0.1,0.1081,-0.1953531138374832,0.006075013330157,0.0012781005073261
1157,1946-06-01,-0.348,-0.232,-0.072,0.1286,-0.204445333958728,-0.0256021301163708,-0.117952535924901
1158,1946-07-01,-0.219,-0.09,-0.041,0.1313,-0.2113212894167677,-0.0057208853420775,-0.0019578252411547
1159,1946-08-01,-0.29,-0.4,-0.111,0.1133,-0.215923370622816,-0.0366647712491448,-0.0374118581280391
1160,1946-09-01,-0.19,-0.166,0.034,0.1039,-0.2183480343338244,0.0170694822422997,0.0112785520915246
1161,1946-10-01,-0.192,-0.205,-0.056,0.084,-0.2188584282662481,0.0826510569893871,-0.0557926287231389
1162,1946-11-01,-0.202,-0.099,-0.025,0.0785,-0.2179448704381192,0.0201661271037745,-0.0042212566656553
1163,1946-12-01,-0.409,-0.149,-0.25,0.0973,-0.2160691118646709,-0.1269826536924707,-0.0659482344428583
1164,1947-01-01,-0.212,-0.178,0.012,0.0782,-0.2135424754241419,0.0477465349076658,-0.0462040594835238
1165,1947-02-01,-0.227,-0.01,-0.129,0.078,-0.2103013443468565,-0.0640533700473919,0.0473547143942485
1166,1947-03-01,-0.138,0.078,0.217,0.0828,-0.2062161034631098,0.0196048294322493,0.0486112740308604
1167,1947-04-01,-0.131,-0.008,0.141,0.0819,-0.2015754987936944,0.0349790522807216,0.0355964465129727
1168,1947-05-01,-0.178,0.01,0.02,0.0824,-0.1969302083978319,0.0431260966525687,-0.0241958882547367
1169,1947-06-01,-0.16,0.188,-0.011,0.0751,-0.192568328387084,-0.0080215005731093,0.0405898289601933
1170,1947-07-01,-0.161,0.058,-0.054,0.0765,-0.1892022202468542,0.0055258484123992,0.022676371834455
1171,1947-08-01,-0.239,0.051,-0.152,0.0728,-0.1871963736756533,-0.0289425669659862,-0.0228610593583604
1172,1947-09-01,-0.266,-0.076,-0.259,0.0748,-0.1867073233595316,-0.0113382747957776,-0.0679544018446906
1173,1947-10-01,-0.097,0.095,-0.091,0.0816,-0.1875585662722391,0.0733272161285988,0.0172313501436403
1174,1947-11-01,-0.127,0.075,-0.073,0.0844,-0.1892713372840303,0.019002783891622,0.0432685533924082
1175,1947-12-01,-0.293,0.116,-0.104,0.0611,-0.191441143062905,-0.1289455683655548,0.0273867114284598
1176,1948-01-01,-0.135,0.077,-0.051,0.0622,-0.1938598646512729,0.0197978459177681,0.0390620187335047
1177,1948-02-01,-0.316,-0.089,-0.201,0.0728,-0.1968026504709512,-0.078109471300392,-0.0410878782286567
1178,1948-03-01,-0.384,-0.246,-0.285,0.0903,-0.2006618628108699,0.0346220147143496,-0.2179601519034797
1179,1948-04-01,-0.265,-0.134,-0.166,0.0883,-0.205357081398694,0.0067867173536686,-0.0664296359549746
1180,1948-05-01,-0.065,0.113,0.153,0.0984,-0.2105595025663737,0.0684108301315041,0.0771486724348696
1181,1948-06-01,-0.17,-0.01,0.095,0.098,-0.2160866814236751,0.0171824269740773,0.0289042544495977
1182,1948-07-01,-0.216,-0.055,-0.044,0.0968,-0.2217697352505943,0.0213771941699096,-0.0156074589193153
1183,1948-08-01,-0.181,0.058,-0.023,0.0969,-0.227494604303938,0.0124785394394588,0.0340160648644791
1184,1948-09-01,-0.266,0.0,-0.169,0.0969,-0.233228362855103,-0.0221254031392211,-0.0106462340056758
1185,1948-10-01,-0.172,-0.075,-0.19,0.0913,-0.239143129447521,0.0675737514643986,-0.0004306220168776
1186,1948-11-01,-0.274,-0.147,-0.208,0.0881,-0.2453995263786882,0.0007909581860291,-0.029391431807341
1187,1948-12-01,-0.422,-0.129,-0.143,0.1033,-0.2519531591988061,-0.0945251328351265,-0.0755217079660672
1188,1949-01-01,-0.108,0.027,0.101,0.106,-0.2584340874438113,-0.0330498935080459,0.1834839809518572
1189,1949-02-01,-0.336,-0.02,-0.1,0.1075,-0.2641166424433085,-0.1121704524487954,0.0402870948921039
1190,1949-03-01,-0.228,0.156,0.164,0.0972,-0.2685867422500879,0.0278250512208915,0.0127616910291964
1191,1949-04-01,-0.265,0.0,-0.024,0.0972,-0.2720001114544861,-0.0224256960067705,0.0294258074612565
1192,1949-05-01,-0.213,-0.148,-0.07,0.0835,-0.2749867882884895,0.0862947394741946,-0.0243079511857051
1193,1949-06-01,-0.338,-0.168,-0.207,0.0852,-0.2779205002202496,0.0424741811522446,-0.102553680931995
1194,1949-07-01,-0.274,-0.058,-0.139,0.0846,-0.2810635053836092,0.0359725706557661,-0.0289090652721569
1195,1949-08-01,-0.23,-0.049,-0.096,0.0818,-0.2845594483451174,0.0442993201412989,0.0102601282038184
1196,1949-09-01,-0.29,-0.024,-0.164,0.0822,-0.2880441872831296,-0.0047545787718123,0.0027987660549419
1197,1949-10-01,-0.214,-0.042,-0.026,0.0788,-0.2910318205265485,0.0579599008056229,0.0190719197209255
1198,1949-11-01,-0.28,-0.006,-0.202,0.0789,-0.2933022708072329,-0.0398033857509404,0.0531056565581733
1199,1949-12-01,-0.278,0.144,-0.538,0.0623,-0.2948613048693295,-0.0613693351173135,0.0782306399866429
1200,1950-01-01,-0.419,-0.311,-0.306,0.0605,-0.2962138548465451,-0.0448627497252426,-0.0779233954282122
1201,1950-02-01,-0.475,-0.139,-0.456,0.0817,-0.2981705648277609,-0.083401389986361,-0.093428045185878
1202,1950-03-01,-0.295,-0.067,-0.208,0.0792,-0.301291655378505,-0.0212762809978682,0.0275679363763732
1203,1950-04-01,-0.366,-0.101,-0.41,0.0807,-0.3058076102093329,-0.0324746144048997,-0.0277177753857673
1204,1950-05-01,-0.228,-0.015,-0.211,0.0793,-0.3113603791574939,0.07650690813326,0.0068534710242338
1205,1950-06-01,-0.216,0.122,-0.164,0.0827,-0.3166330530347953,0.0443095598124085,0.0563234932223867
1206,1950-07-01,-0.218,0.056,-0.216,0.0857,-0.3195878046046655,0.0412962568752506,0.0602915477294149
1207,1950-08-01,-0.28,-0.05,-0.23,0.0835,-0.3183762843338722,0.0601009868492079,-0.0217247025153357
1208,1950-09-01,-0.304,-0.014,-0.311,0.0835,-0.3127008366953439,0.0238092301053801,-0.0151083934100361
1209,1950-10-01,-0.319,-0.105,-0.312,0.0794,-0.3037430078784996,0.0483266338827217,-0.0635836260042221
1210,1950-11-01,-0.484,-0.204,-0.437,0.0937,-0.29284405178715,-0.0724360478217961,-0.1187199003910538
1211,1950-12-01,-0.366,-0.088,-0.482,0.0933,-0.2809674931097813,-0.0241672612961212,-0.0608652455940974
1212,1951-01-01,-0.498,-0.079,-0.388,0.1024,-0.2682006398495986,-0.0507472741992848,-0.1790520859511165
1213,1951-02-01,-0.597,-0.122,-0.629,0.1216,-0.2541099484382472,-0.0405219647963498,-0.3023680867654029
1214,1951-03-01,-0.366,-0.071,-0.215,0.1205,-0.2382380226936093,-0.0754440854707059,-0.0523178918356847
1215,1951-04-01,-0.273,0.093,-0.231,0.1226,-0.2199980406733948,-0.0283996616021914,-0.0246022977244137
1216,1951-05-01,-0.112,0.116,-0.084,0.1365,-0.1993336115401643,0.0576346836900359,0.0296989278501283
1217,1951-06-01,-0.104,0.112,-0.087,0.1487,-0.1770662554652419,0.0500444351106095,0.0230218203546324
1218,1951-07-01,-0.126,0.092,-0.192,0.157,-0.1548871863514477,0.0408437025346972,-0.0119565161832494
1219,1951-08-01,-0.035,0.245,-0.002,0.1772,-0.1352637482345911,0.0550326808737282,0.0452310673608628
1220,1951-09-01,-0.044,0.26,0.142,0.1918,-0.1201331388887365,0.0360491412872738,0.0400839976014627
1221,1951-10-01,-0.004,0.315,-0.13,0.2065,-0.1095549554609632,0.0354749512718075,0.0700800041891556
1222,1951-11-01,-0.175,0.309,-0.137,0.1936,-0.1023511357352069,-0.099158141305536,0.026509277040743
1223,1951-12-01,0.003,0.369,-0.029,0.1984,-0.0971384866268487,-0.0070104289607812,0.10714891558763
1224,1952-01-01,-0.026,0.472,-0.142,0.1785,-0.0935932982651732,-0.0180804754086437,0.0856737736738169
1225,1952-02-01,-0.057,0.54,0.116,0.113,-0.092300498626807,0.0020929350805247,0.0332075635462822
1226,1952-03-01,-0.251,0.115,-0.103,0.0923,-0.0933978611311519,-0.0926251540042841,-0.0649769848645639
1227,1952-04-01,-0.09,0.183,0.045,0.0746,-0.0963413844876333,-0.0322583167666958,0.0385997012543291
1228,1952-05-01,-0.115,-0.003,-0.065,0.0747,-0.1003266704141126,0.0366901941564067,-0.0513635237422941
1229,1952-06-01,-0.124,-0.02,-0.029,0.0754,-0.1044902705290157,0.0459445200031073,-0.0654542494740916
1230,1952-07-01,-0.074,0.052,0.1,0.0744,-0.1077995837375222,0.0190913141744435,0.0147082695630786
1231,1952-08-01,-0.066,-0.031,0.12,0.0731,-0.1088924459923555,0.0439744879451323,-0.0010820419527768
1232,1952-09-01,-0.057,-0.013,0.093,0.0726,-0.106852227265727,0.0359593850999323,0.0138928421657946
1233,1952-10-01,-0.125,-0.121,0.042,0.0684,-0.1024451433089463,0.0498660011384526,-0.0724208578295063
1234,1952-11-01,-0.251,-0.076,-0.116,0.079,-0.0976764993187478,-0.0866424148864078,-0.0666810857948442
1235,1952-12-01,-0.145,-0.148,-0.029,0.0723,-0.0941686454275919,0.0168781922386895,-0.0677095468110976
1236,1953-01-01,-0.095,-0.069,0.142,0.0671,-0.0921857520554511,-0.0164359339882037,0.0136216860436549
1237,1953-02-01,-0.001,0.056,0.093,0.0736,-0.0909702735457373,0.030138276054561,0.0598319974911762
1238,1953-03-01,-0.074,0.177,0.18,0.0607,-0.0897220837954529,-0.0999266588427928,0.1156487426382458
1239,1953-04-01,0.078,0.168,0.158,0.0799,-0.0885920405623293,-0.0361033812637588,0.2026954218260881
1240,1953-05-01,0.029,0.144,0.139,0.086,-0.0882831122323285,0.0042835787878362,0.1129995334444922
1241,1953-06-01,0.01,0.134,0.212,0.0878,-0.0893937749813511,0.0344072713965226,0.0649865035848284
1242,1953-07-01,-0.1,-0.026,-0.005,0.0883,-0.0928719397364477,0.0058623326456757,-0.0129903929092279
1243,1953-08-01,-0.081,-0.015,0.025,0.0884,-0.0997052658749061,0.0272532949825031,-0.008548029107597
1244,1953-09-01,-0.098,-0.041,0.036,0.0888,-0.1105746456634676,0.0344337836047145,-0.0218591379412469
1245,1953-10-01,-0.052,0.073,-0.154,0.0872,-0.1253719057684538,0.0756439589310927,-0.0022720531626389
1246,1953-11-01,-0.157,0.094,-0.155,0.0719,-0.1428989585939981,-0.0733477615027885,0.0592467200967866
1247,1953-12-01,-0.07,0.075,-0.097,0.0666,-0.1611870879953523,0.0236356941463764,0.0675513938489758
1248,1954-01-01,-0.352,-0.257,-0.509,0.1096,-0.1785729482904255,0.0065824685394103,-0.1800095202489847
1249,1954-02-01,-0.219,-0.218,-0.258,0.1146,-0.1946338705171665,0.0075876839282829,-0.0319538134111164
1250,1954-03-01,-0.29,-0.216,-0.326,0.128,-0.2095035719792874,-0.0904718818927648,0.0099754538720522
1251,1954-04-01,-0.288,-0.366,-0.244,0.123,-0.2235236059868578,-0.0420910658160571,-0.022385328197085
1252,1954-05-01,-0.304,-0.333,-0.312,0.1192,-0.2370397740984495,-0.014052037426911,-0.0529081884746394
1253,1954-06-01,-0.245,-0.255,-0.218,0.1069,-0.2503243521590535,0.0405412507939569,-0.0352168986349034
1254,1954-07-01,-0.284,-0.184,-0.282,0.1063,-0.2629097990403457,0.0139222291548798,-0.0350124301145341
1255,1954-08-01,-0.256,-0.175,-0.287,0.0998,-0.2741660384067673,0.0008473231904154,0.0173187152163518
1256,1954-09-01,-0.261,-0.163,-0.347,0.0928,-0.283629703160893,0.0291657892984734,-0.0065360861375804
1257,1954-10-01,-0.139,-0.087,-0.228,0.0801,-0.2912803454592165,0.0952399029766798,0.0570404424825366
1258,1954-11-01,-0.058,0.099,0.0,0.0933,-0.2975392501981754,-0.0562676912177031,0.2958069414158785
1259,1954-12-01,-0.274,-0.204,-0.244,0.0788,-0.302620326883653,0.0252522471967754,0.0033680796868775
1260,1955-01-01,-0.014,0.338,0.028,0.0965,-0.3065229868809176,0.0076809352984166,0.284842051582501
1261,1955-02-01,-0.339,-0.12,-0.22,0.1025,-0.3099297343430078,-0.0115887883588094,-0.0174814772981827
1262,1955-03-01,-0.493,-0.203,-0.377,0.1272,-0.3138555533456257,-0.0860880079013306,-0.0930564387530436
1263,1955-04-01,-0.368,-0.08,-0.416,0.1316,-0.3185958446487659,-0.0485499629085679,-0.0008541924426662
1264,1955-05-01,-0.352,-0.048,-0.226,0.134,-0.3238392013132857,-0.0255312278617868,-0.0026295708249274
1265,1955-06-01,-0.28,-0.035,-0.164,0.1341,-0.3289197774251701,0.046030045854214,0.002889731570956
1266,1955-07-01,-0.295,-0.011,-0.166,0.1343,-0.3333697129851624,0.0252783510092199,0.0130913619759424
1267,1955-08-01,-0.118,0.138,-0.228,0.1405,-0.3372739914268793,-0.0106037176688985,0.2298777090957779
1268,1955-09-01,-0.27,-0.009,-0.246,0.1406,-0.3407205551798458,0.0182684056590048,0.0524521495208408
1269,1955-10-01,-0.223,-0.084,-0.236,0.1366,-0.3436926071164406,0.0750487199389619,0.0456438871774787
1270,1955-11-01,-0.424,-0.366,-0.321,0.1288,-0.3463970864085534,-0.043496655922503,-0.0341062576689435
1271,1955-12-01,-0.453,-0.179,-0.193,0.1372,-0.3492976641642988,0.0305052432236637,-0.1342075790593648
1272,1956-01-01,-0.3,-0.286,-0.266,0.1031,-0.3527518224615238,0.0225242916989372,0.0302275307625866
1273,1956-02-01,-0.384,-0.045,-0.167,0.1044,-0.3561924386252787,-0.0118807420089934,-0.0159268193657278
1274,1956-03-01,-0.419,0.074,-0.203,0.0958,-0.3584458133038661,-0.080915697966813,0.0203615112706791
1275,1956-04-01,-0.427,-0.059,-0.304,0.0997,-0.3586634360448001,-0.0338101691804282,-0.0345263947747715
1276,1956-05-01,-0.43,-0.078,-0.242,0.1038,-0.3564114463528662,-0.0083195589847555,-0.0652689946623781
1277,1956-06-01,-0.325,-0.045,0.023,0.1024,-0.3516406085016463,0.0451446713869282,-0.0185040628852819
1278,1956-07-01,-0.276,0.019,-0.057,0.1033,-0.3442182896733345,0.0269820789376029,0.0412362107357316
1279,1956-08-01,-0.417,-0.299,-0.127,0.0787,-0.3337196631145962,-0.0194027516261164,-0.0638775852592872
1280,1956-09-01,-0.379,-0.109,-0.189,0.0732,-0.3202988320684709,0.0010966408540178,-0.0597978087855469
1281,1956-10-01,-0.386,-0.163,-0.194,0.0563,-0.3046455460076673,0.0397888158661387,-0.1211432698584715
1282,1956-11-01,-0.322,0.102,-0.12,0.0576,-0.2869209999610666,-0.0416260036757566,0.0065470036368233
1283,1956-12-01,-0.215,0.238,0.194,0.0687,-0.2669730144787583,0.0252971442538764,0.0266758702248818
1284,1957-01-01,-0.276,0.024,-0.064,0.0708,-0.2455714474269256,0.0147140937893251,-0.0451426463623995
1285,1957-02-01,-0.247,0.137,-0.02,0.0765,-0.2237331414147648,0.0090097431381931,-0.0322766017234282
1286,1957-03-01,-0.28,0.139,-0.142,0.0745,-0.2021222707408452,-0.0398560532136469,-0.0380216760455078
1287,1957-04-01,-0.156,0.271,-0.025,0.0835,-0.1806467408459473,-0.0158557469642691,0.0405024878102164
1288,1957-05-01,-0.062,0.368,0.116,0.1008,-0.1595258958671694,0.0087635186968996,0.0887623771702697
1289,1957-06-01,-0.016,0.309,0.144,0.1245,-0.1400953813206797,0.0284737912535114,0.0956215900671683
1290,1957-07-01,-0.14,0.136,0.021,0.1283,-0.1239569023127752,0.0229430903909604,-0.0389861880781852
1291,1957-08-01,-0.031,0.386,0.208,0.1287,-0.1115351221166678,-0.0314768207759279,0.1120119428925957
1292,1957-09-01,-0.083,0.296,0.183,0.1213,-0.1024075363728185,-0.0331332646344667,0.0525408010072853
1293,1957-10-01,-0.1,0.286,-0.003,0.1051,-0.0962656145475308,-0.001812400585972,-0.0019219848664971
1294,1957-11-01,-0.1,0.222,0.027,0.093,-0.093257951534467,-0.037002307150873,0.03026025868534
1295,1957-12-01,-0.032,0.183,0.261,0.095,-0.0934748369070553,0.0274449693237997,0.0340298675832555
1296,1958-01-01,0.175,0.451,0.31,0.1172,-0.0962438490378538,0.0047584350850281,0.2664854139528256
1297,1958-02-01,0.006,0.253,0.322,0.1087,-0.1004197115983666,0.0270847989098317,0.0793349126885348
1298,1958-03-01,-0.085,0.195,0.299,0.0865,-0.1049456816564217,0.0123194039094663,0.0076262777469553
1299,1958-04-01,-0.155,0.001,0.11,0.0864,-0.1093411036567239,0.0173465596346286,-0.0630054559779047
1300,1958-05-01,-0.095,-0.033,-0.03,0.0873,-0.1138570884960661,0.0131295102931059,0.0057275782029601
1301,1958-06-01,-0.218,-0.202,-0.048,0.098,-0.1183288058788479,0.0128002202800711,-0.1124714144012231
1302,1958-07-01,-0.106,0.034,0.11,0.0963,-0.1220041089266552,0.0050007150145057,0.0110033939121495
1303,1958-08-01,-0.185,-0.154,-0.004,0.101,-0.124499899135096,-0.0184203252508125,-0.0420797756140913
1304,1958-09-01,-0.22,-0.137,0.046,0.1086,-0.1255179768623655,-0.0470534385918852,-0.0474285845457492
1305,1958-10-01,-0.126,-0.026,0.046,0.109,-0.1249644181109124,-0.0158710843914282,0.0148355025023407
1306,1958-11-01,-0.151,-0.051,0.123,0.1102,-0.1233885600819985,-0.0581054519523254,0.0304940120343239
1307,1958-12-01,-0.125,-0.093,0.297,0.1083,-0.1215768022669201,0.0295999437981055,-0.0330231415311854
1308,1959-01-01,-0.083,-0.258,0.025,0.0636,-0.119967781712754,-0.0010449391335719,0.0380127208463259
1309,1959-02-01,-0.118,-0.124,0.218,0.0479,-0.1192332418977591,0.0565335668883312,-0.055300324990572
1310,1959-03-01,-0.037,0.048,0.191,0.0543,-0.1198837202498518,0.0228684901091477,0.0600152301407041
1311,1959-04-01,-0.033,0.122,0.232,0.0612,-0.1218173079807799,0.0379675878108184,0.0508497201699615
1312,1959-05-01,-0.109,-0.014,0.104,0.0607,-0.1246898345254776,-0.0062647866988682,0.0219546212243459
1313,1959-06-01,-0.1,0.118,0.238,0.0536,-0.1282989606913783,-0.0054480584551173,0.0337470191464956
1314,1959-07-01,-0.118,-0.012,0.156,0.0535,-0.1328610385721262,-0.006901921438645,0.0217629600107713
1315,1959-08-01,-0.147,0.038,0.083,0.0501,-0.1385171364495094,-0.0152542270517651,0.0067713635012745
1316,1959-09-01,-0.214,0.006,0.076,0.049,-0.1450797379226616,-0.0424012857022614,-0.0265189763750768
1317,1959-10-01,-0.179,-0.053,0.035,0.0525,-0.1518146465005601,-0.0153830237604437,-0.011802329738996
1318,1959-11-01,-0.26,-0.109,0.02,0.0664,-0.1574612621955416,-0.07827588716149,-0.0242628506429683
1319,1959-12-01,-0.156,-0.031,0.122,0.0669,-0.1611432404516205,0.0456515074213368,-0.0405082669697162
1320,1960-01-01,-0.188,-0.105,0.231,0.0671,-0.1630675715349937,0.001090850709202,-0.0260232791742082
1321,1960-02-01,-0.058,0.06,0.417,0.0709,-0.1637080362365262,0.0696143037848359,0.0360937324516902
1322,1960-03-01,-0.512,-0.475,-0.217,0.1246,-0.1627948984084815,0.019947524404781,-0.3691526259962995
1323,1960-04-01,-0.336,-0.303,0.03,0.1243,-0.1602755776363542,0.0489705618974047,-0.2246949842610505
1324,1960-05-01,-0.255,-0.146,-0.027,0.122,-0.1564571838638774,-0.0265857669928057,-0.0719570491433168
1325,1960-06-01,-0.2,-0.1,0.016,0.1171,-0.1518975189054034,0.0030387470354271,-0.0511412281300237
1326,1960-07-01,-0.182,-0.064,0.036,0.1135,-0.1468236585613978,-0.0157618522645728,-0.0194144891740292
1327,1960-08-01,-0.13,0.017,0.15,0.1146,-0.1410525918775808,-0.0159076616389367,0.0269602535165175
1328,1960-09-01,-0.116,0.098,0.188,0.1187,-0.1343048491971892,-0.0322342172701812,0.0505390664673704
1329,1960-10-01,-0.128,0.051,0.191,0.121,-0.1266920153035155,-0.0187741892836636,0.0174662045871791
1330,1960-11-01,-0.305,-0.045,0.179,0.1233,-0.118710489734686,-0.0667436884223644,-0.1195458218429495
1331,1960-12-01,0.016,0.172,0.382,0.1396,-0.1112199952800311,0.045254269446834,0.081965725833197
1332,1961-01-01,-0.112,0.076,0.386,0.1419,-0.105082125890425,-0.009195063397809,0.0022771892882341
1333,1961-02-01,-0.014,0.044,0.583,0.1462,-0.1006280745972042,0.0864078731912155,0.0002202014059886
1334,1961-03-01,-0.13,0.382,0.236,0.1055,-0.0977155552556392,-0.0059678707160653,-0.0263165740282953
1335,1961-04-01,-0.035,0.301,0.238,0.0944,-0.0965016657565408,0.0442752918889014,0.0172263738676393
1336,1961-05-01,-0.024,0.231,0.088,0.0907,-0.0967044472702178,-0.0479882094027145,0.1206926566729323
1337,1961-06-01,-0.02,0.18,0.084,0.0899,-0.0975744173649567,0.01314220288509,0.0644322144798666
1338,1961-07-01,-0.127,0.055,-0.001,0.0866,-0.0988455847058336,-0.0098357395882124,-0.0183186757059539
1339,1961-08-01,-0.124,0.006,-0.089,0.0864,-0.1010409151219381,-0.0202893628144259,-0.0026697220636359
1340,1961-09-01,-0.125,-0.009,-0.081,0.0867,-0.1047588472010034,-0.0190093952788825,-0.0012317575201139
1341,1961-10-01,-0.156,-0.028,-0.152,0.088,-0.1100974368443561,-0.0119179077263472,-0.0339846554292965
1342,1961-11-01,-0.136,0.169,0.039,0.061,-0.1166253878167559,-0.024628498364567,0.005253886181323
1343,1961-12-01,-0.312,-0.328,-0.315,0.0826,-0.1239060769732806,0.0510494254938253,-0.2391433485205446
1344,1962-01-01,-0.131,-0.019,-0.105,0.0828,-0.1312043876904646,-0.0098430914294391,0.0100474791199037
1345,1962-02-01,-0.051,-0.037,0.006,0.0795,-0.1377618751597928,0.0908895086949851,-0.0041276335351923
1346,1962-03-01,-0.073,0.057,0.178,0.0802,-0.1433223541897975,-0.0567063087585146,0.1270286629483122
1347,1962-04-01,-0.126,-0.091,-0.036,0.0767,-0.1479943185884074,0.0016688335033315,0.0203254850850758
1348,1962-05-01,-0.257,-0.233,-0.142,0.0804,-0.1521658195613562,-0.0499963317870744,-0.0548378486515693
1349,1962-06-01,-0.161,-0.141,-0.037,0.0717,-0.1565566049929917,0.0379185311795225,-0.0423619261865307
1350,1962-07-01,-0.178,-0.051,-0.104,0.0718,-0.1613686717752761,0.0316403670919533,-0.0482716953166771
1351,1962-08-01,-0.198,-0.074,-0.132,0.0723,-0.1664293922309778,-0.0206764215993729,-0.0108941861696492
1352,1962-09-01,-0.194,-0.069,-0.137,0.0721,-0.1713368462103238,-0.0388855738273106,0.0162224200376344
1353,1962-10-01,-0.152,0.004,-0.027,0.0722,-0.1754535257726983,-0.0178621612832508,0.0413156870559492
1354,1962-11-01,-0.108,0.028,0.143,0.0736,-0.1785196614193917,0.0051034488138226,0.0654162126055691
1355,1962-12-01,-0.188,0.124,-0.043,0.0576,-0.1804532910978723,0.0481118399629072,-0.0556585488650349
1356,1963-01-01,-0.204,-0.073,-0.109,0.059,-0.1815318404531731,0.0078089863389166,-0.0302771458857434
1357,1963-02-01,-0.033,0.018,-0.032,0.0621,-0.1822808819292181,0.0697263839630514,0.0795544979661667
1358,1963-03-01,-0.382,-0.309,-0.308,0.0846,-0.1834146900457595,-0.074249279461296,-0.1243360304929444
1359,1963-04-01,-0.255,-0.129,-0.333,0.0851,-0.1864221649431896,-0.0490502549464683,-0.019527580110342
1360,1963-05-01,-0.224,0.033,-0.253,0.0833,-0.1930777188926758,-0.0494561178195899,0.0185338367122657
1361,1963-06-01,-0.149,0.012,-0.159,0.0837,-0.2034505363733877,0.059580075318818,-0.0051295389454303
1362,1963-07-01,-0.064,0.114,0.036,0.0912,-0.2161038197181559,0.0708271045171961,0.0812767152009597
1363,1963-08-01,0.053,0.251,0.134,0.1128,-0.2293589119331768,-0.0067494446152737,0.2891083565484506
1364,1963-09-01,0.006,0.2,0.104,0.1214,-0.2417965907851509,-0.0548768730921422,0.3026734638772931
1365,1963-10-01,-0.017,0.135,0.035,0.1266,-0.2532814494684138,-0.0058323262833305,0.2421137757517443
1366,1963-11-01,-0.043,0.065,0.114,0.129,-0.2645769580862466,0.0136760656586852,0.2079008924275613
1367,1963-12-01,-0.143,0.045,-0.073,0.1276,-0.2760881499085622,0.0243975182715715,0.1086906316369906
1368,1964-01-01,-0.263,-0.059,0.089,0.1321,-0.2880930887757411,0.0127767858450547,0.0123163029306863
1369,1964-02-01,-0.296,-0.263,-0.077,0.137,-0.3017279994621742,0.0439479542093809,-0.0382199547472066
1370,1964-03-01,-0.447,-0.065,-0.157,0.1479,-0.3173031208874569,-0.0832203156141125,-0.0464765634984304
1371,1964-04-01,-0.499,-0.244,-0.211,0.1771,-0.3334149227638586,-0.0704659414631008,-0.0951191357730404
1372,1964-05-01,-0.427,-0.203,-0.123,0.1914,-0.3471888837376083,-0.0357523849622247,-0.0440587313001669
1373,1964-06-01,-0.222,-0.073,0.023,0.1911,-0.3564629967920251,0.0663208122361707,0.0681421845558543
1374,1964-07-01,-0.243,-0.179,0.041,0.1868,-0.3613136065949408,0.0942264321052993,0.0240871744896414
1375,1964-08-01,-0.367,-0.42,-0.111,0.1713,-0.3625248036819313,0.0083838915593138,-0.0128590878773825
1376,1964-09-01,-0.476,-0.482,-0.215,0.163,-0.3613880488550832,-0.0601836649363417,-0.054428286208575
1377,1964-10-01,-0.435,-0.418,-0.296,0.1436,-0.3588933672533912,0.0090208177358069,-0.0851274504824157
1378,1964-11-01,-0.407,-0.364,-0.349,0.1149,-0.355046970514024,0.0115004914834765,-0.0634535209694524
1379,1964-12-01,-0.454,-0.311,-0.18,0.0972,-0.3500137422952838,0.0250368193719231,-0.1290230770766393
1380,1965-01-01,-0.254,0.009,-0.24,0.0982,-0.3439021551699026,-0.0093818931606995,0.0992840483306022
1381,1965-02-01,-0.354,-0.058,-0.015,0.0952,-0.3365902274503305,-0.0040198688117016,-0.0133899037379677
1382,1965-03-01,-0.346,0.101,0.147,0.0934,-0.3280369678278603,-0.0487814306478789,0.0308183984757393
1383,1965-04-01,-0.379,0.12,-0.011,0.0848,-0.3180974419369822,-0.070705130343451,0.0098025722804332
1384,1965-05-01,-0.276,0.151,0.076,0.0857,-0.3067379186764594,-0.0307830316236573,0.0615209503001167
1385,1965-06-01,-0.269,-0.047,0.011,0.0802,-0.2948898305187432,0.0648552637831019,-0.0389654332643588
1386,1965-07-01,-0.302,-0.059,-0.007,0.0743,-0.2838623410062182,0.0984200289686673,-0.1165576879624491
1387,1965-08-01,-0.23,0.137,-0.112,0.0831,-0.2744659519564867,0.020390067254879,0.0240758847016076
1388,1965-09-01,-0.32,0.156,-0.05,0.0729,-0.2665101729698403,-0.0488719614993142,-0.0046178655308454
1389,1965-10-01,-0.183,0.252,0.04,0.0778,-0.2592563436550611,0.0315063548430359,0.0447499888120252
1390,1965-11-01,-0.219,0.188,0.205,0.0764,-0.2521415062150938,0.0001978093631837,0.03294369685191
1391,1965-12-01,-0.219,0.235,0.234,0.0617,-0.2448036595314245,0.0118127226643515,0.0139909368670729
1392,1966-01-01,-0.35,-0.096,-0.05,0.0643,-0.237492858538033,-0.0435720021645509,-0.068935139297416
1393,1966-02-01,-0.238,0.116,0.146,0.062,-0.2305609424912962,-0.054845769132606,0.0474067116239022
1394,1966-03-01,-0.224,0.122,0.195,0.0598,-0.2244591816961777,0.0065675453627022,-0.0061083636665245
1395,1966-04-01,-0.269,0.11,0.158,0.0484,-0.2196114962122115,-0.044762205480094,-0.0046262983076944
1396,1966-05-01,-0.277,-0.001,0.153,0.0485,-0.2164049508906471,-0.0329973421222381,-0.0275977069871147
1397,1966-06-01,-0.157,0.112,0.168,0.0564,-0.2144931258625178,0.0424002118497459,0.0150929140127719
1398,1966-07-01,-0.072,0.23,0.204,0.0733,-0.213191725665114,0.071355516137063,0.069836209528051
1399,1966-08-01,-0.21,0.02,0.207,0.0735,-0.2121403301799143,0.0262732279875634,-0.0241328978076491
1400,1966-09-01,-0.184,0.136,0.195,0.0684,-0.2114068071345103,-0.0177830706650663,0.0451898777995767
1401,1966-10-01,-0.326,-0.143,0.06,0.0741,-0.2110375835867491,0.08176794504746,-0.1967303614607109
1402,1966-11-01,-0.198,0.021,0.124,0.0746,-0.2109608648258693,0.0046212405327361,0.0083396242931331
1403,1966-12-01,-0.204,0.015,0.011,0.0749,-0.2110151759640469,0.0035003142391601,0.0035148617248867
1404,1967-01-01,-0.285,0.065,-0.009,0.0671,-0.2111441476784554,-0.0880215661822691,0.0141657138607246
1405,1967-02-01,-0.41,-0.172,-0.163,0.0867,-0.211730554488063,-0.0846797079463435,-0.1135897375655934
1406,1967-03-01,-0.174,0.05,0.106,0.0884,-0.2129365623022307,0.0270257329552332,0.0119108293469975
1407,1967-04-01,-0.219,0.05,-0.063,0.0876,-0.2147399903358724,-0.0118465833066854,0.0075865736425578
1408,1967-05-01,-0.017,0.26,0.045,0.1045,-0.2167120282725578,-0.0424625104192968,0.2421745386918546
1409,1967-06-01,-0.211,-0.054,-0.195,0.1034,-0.2185862720960077,0.0345131420745077,-0.0269268699784999
1410,1967-07-01,-0.155,-0.083,-0.015,0.0959,-0.2205534817102875,0.0464964734881877,0.0190570082220997
1411,1967-08-01,-0.176,0.034,-0.145,0.0966,-0.2225636284722984,0.0242166593067931,0.0223469691655052
1412,1967-09-01,-0.208,-0.024,-0.125,0.0962,-0.2247121162280844,-0.0045176527131659,0.0212297689412503
1413,1967-10-01,-0.098,0.228,0.002,0.0948,-0.2271595576100193,0.112230346355083,0.0169292112549362
1414,1967-11-01,-0.235,-0.037,-0.135,0.0955,-0.2300521066847708,0.0074440409979249,-0.012391934313154
1415,1967-12-01,-0.214,-0.01,-0.182,0.0956,-0.2336008893506805,-0.0133254881814496,0.0329263775321302
1416,1968-01-01,-0.406,-0.121,-0.581,0.1105,-0.2375314664956035,-0.0800594908855049,-0.0884090426188914
1417,1968-02-01,-0.346,0.064,-0.352,0.1012,-0.2414317747050208,-0.11251395162886,0.0079457263338809
1418,1968-03-01,-0.056,0.118,0.029,0.1098,-0.2450114138703281,0.0240728118181782,0.1649386020521499
1419,1968-04-01,-0.256,-0.037,-0.101,0.1111,-0.2480035505848937,0.0206497490122117,-0.0286461984273179
1420,1968-05-01,-0.295,-0.278,-0.2,0.0981,-0.2501426038895843,-0.0422171984001343,-0.0026401977102812
1421,1968-06-01,-0.218,-0.007,0.0,0.098,-0.2510651934082459,0.0324114590173842,0.0006537343908616
1422,1968-07-01,-0.283,-0.128,-0.177,0.097,-0.250492148063744,0.0148000623809959,-0.0473079143172519
1423,1968-08-01,-0.225,-0.049,-0.04,0.0955,-0.2482696222572941,0.0128384088873013,0.0104312133699928
1424,1968-09-01,-0.319,-0.111,-0.099,0.0978,-0.2439870584555833,0.012749515747064,-0.0877624572914807
1425,1968-10-01,-0.093,0.005,0.033,0.0985,-0.2376496563832769,0.1124559927498413,0.0321936636334355
1426,1968-11-01,-0.25,-0.015,-0.099,0.0984,-0.2296671451133778,0.0199750624163656,-0.0403079173029878
1427,1968-12-01,-0.283,-0.069,-0.158,0.0984,-0.2208474560301902,-0.032546493638074,-0.0296060503317356
1428,1969-01-01,-0.266,0.14,-0.183,0.086,-0.2116842595357476,-0.0428522807997371,-0.0114634596645153
1429,1969-02-01,-0.311,0.035,-0.193,0.0827,-0.2022340959405524,-0.1128148567554759,0.0040489526960283
1430,1969-03-01,-0.202,-0.146,-0.165,0.0615,-0.1922637569491438,0.0119019317677502,-0.0216381748186064
1431,1969-04-01,-0.033,0.223,0.0,0.0877,-0.1815929887710336,0.0291857909932308,0.1194071977778027
1432,1969-05-01,0.006,0.301,0.115,0.1084,-0.170476503581071,-0.0287180867025096,0.2051945902835807
1433,1969-06-01,-0.089,0.129,0.011,0.1135,-0.1598953556405314,0.0198677116503584,0.0510276439901729
1434,1969-07-01,-0.187,0.096,-0.069,0.1101,-0.1510402222445634,-0.0022763000812325,-0.0336834776742039
1435,1969-08-01,-0.141,0.084,0.006,0.1102,-0.1448091818933837,-0.0020701739482456,0.0058793558416294
1436,1969-09-01,-0.098,0.221,0.116,0.1032,-0.1411229331280883,0.0323801586504514,0.0107427744776369
1437,1969-10-01,-0.07,0.023,0.109,0.1048,-0.1396849679325834,0.0850722003106238,-0.0153872323780404
1438,1969-11-01,-0.058,0.192,0.202,0.1045,-0.1404750747434714,0.0298337461966393,0.052641328546832
1439,1969-12-01,0.087,0.37,0.243,0.114,-0.1431372777471573,-0.0462030459654189,0.2763403237125763
1440,1970-01-01,-0.066,0.2,0.122,0.1039,-0.1471593467457333,0.0052845740159445,0.0758747727297887
1441,1970-02-01,-0.012,0.299,0.046,0.0812,-0.1517546173192767,-0.1161516131728819,0.2559062304921587
1442,1970-03-01,-0.155,0.047,0.357,0.0753,-0.1564448654146204,-0.0142631080670741,0.0157079734816946
1443,1970-04-01,-0.132,-0.099,0.204,0.0765,-0.1615649876725324,0.0284335112789128,0.0011314763936195
1444,1970-05-01,-0.194,-0.2,0.061,0.0787,-0.1677418739661689,-0.0110264281487442,-0.0152316978850868
1445,1970-06-01,-0.194,-0.105,0.006,0.0839,-0.1757254268026244,0.0111621123122684,-0.0294366855096439
1446,1970-07-01,-0.156,0.031,0.026,0.0815,-0.1855147416076905,-0.001655322777576,0.0311700643852666
1447,1970-08-01,-0.273,-0.132,-0.143,0.0954,-0.1964723462619153,0.0003248002280229,-0.0768524539661076
1448,1970-09-01,-0.1,-0.002,0.016,0.0954,-0.2076848634523754,0.0478617639269971,0.0598230995253783
1449,1970-10-01,-0.164,-0.094,-0.036,0.0956,-0.2180748429227367,0.047691136936871,0.0063837059858656
1450,1970-11-01,-0.174,-0.116,0.131,0.0949,-0.2270747703267462,0.0219977090225703,0.0310770613041758
1451,1970-12-01,-0.291,-0.378,-0.307,0.0784,-0.2345042146623357,-0.0502904098909239,-0.0062053754467402
1452,1971-01-01,-0.232,-0.166,-0.12,0.075,-0.2406870615519532,0.0499214555874594,-0.0412343940355061
1453,1971-02-01,-0.359,-0.347,-0.345,0.0742,-0.2458972911140644,-0.1301058063686919,0.0170030974827564
1454,1971-03-01,-0.39,-0.235,-0.26,0.09,-0.2503687300484318,-0.0070517569536756,-0.1325795129978925
1455,1971-04-01,-0.283,-0.151,-0.248,0.0868,-0.2542534076155738,0.0137632599542377,-0.0425098523386638
1456,1971-05-01,-0.236,-0.042,-0.212,0.0859,-0.2570732081725005,0.0053193244500233,0.0157538837224772
1457,1971-06-01,-0.312,-0.118,-0.292,0.0872,-0.2582357502474773,0.0152004079162001,-0.0689646576687227
1458,1971-07-01,-0.252,-0.096,-0.125,0.0823,-0.2574743000726127,0.0055968715250365,-0.0001225714524237
1459,1971-08-01,-0.238,0.035,-0.114,0.0822,-0.2545119818150819,0.0079260596764583,0.0085859221386236
1460,1971-09-01,-0.2,-0.1,-0.075,0.0694,-0.2493070832879037,0.0387486797196279,0.0105584035682758
1461,1971-10-01,-0.244,-0.08,-0.088,0.0628,-0.2420306992910337,0.0194892855749368,-0.0214585862839031
1462,1971-11-01,-0.256,-0.082,-0.12,0.0557,-0.2329062543695877,-0.0053383102151589,-0.0177554354152533
1463,1971-12-01,-0.28,0.011,0.032,0.0555,-0.22239575557699,-0.0380421527297816,-0.0195620916932283
1464,1972-01-01,-0.412,-0.18,-0.281,0.0665,-0.2110538397426853,0.0838511975161762,-0.2847973577734908
1465,1972-02-01,-0.368,-0.009,-0.317,0.0674,-0.1994639660274853,-0.1649010833355677,-0.0036349506369469
1466,1972-03-01,-0.184,0.206,-0.111,0.0657,-0.1873653676186759,0.0168346482871669,-0.0134692806684909
1467,1972-04-01,-0.182,0.101,-0.056,0.0704,-0.17443979356793,0.0020171599326318,-0.0095773663647017
1468,1972-05-01,-0.17,0.066,0.087,0.0752,-0.1606624519548778,0.0266028286397358,-0.035940376684858
1469,1972-06-01,-0.091,0.221,0.07,0.087,-0.1457361001485173,0.0273111098370248,0.0274249903114925
1470,1972-07-01,-0.143,0.109,0.035,0.0912,-0.1295717689262445,0.0034482543219122,-0.0168764853956676
1471,1972-08-01,-0.001,0.237,0.197,0.1126,-0.1126790708615594,0.0087424255690414,0.102936645292518
1472,1972-09-01,-0.123,0.077,0.071,0.1154,-0.0960924916321301,0.0076803275492377,-0.0345878359171076
1473,1972-10-01,-0.101,0.143,0.051,0.1183,-0.0812794487549371,-0.0009619698240346,-0.0187585814210282
1474,1972-11-01,-0.156,0.1,-0.048,0.117,-0.0692934134805881,-0.0369873005490099,-0.0497192859704018
1475,1972-12-01,0.038,0.318,0.226,0.1287,-0.060138366533829,-0.0490864797390501,0.1472248462728792
1476,1973-01-01,0.075,0.487,0.279,0.1176,-0.0531528333807086,0.0812695546428715,0.046883278737837
1477,1973-02-01,0.1,0.468,0.133,0.1036,-0.0479362596715251,-0.0739882639299333,0.2219245236014585
1478,1973-03-01,0.046,0.23,0.428,0.1035,-0.0443618608367132,0.0459135174537253,0.0444483433829878
1479,1973-04-01,0.098,0.28,0.353,0.1048,-0.0420495498297251,-0.0064446328287362,0.1464941826584613
1480,1973-05-01,0.053,0.223,0.277,0.0984,-0.0409970973409034,0.0405423391114755,0.0534547582294278
1481,1973-06-01,0.05,0.141,0.199,0.0972,-0.0421081167077022,0.0381207311352329,0.0539873855724693
1482,1973-07-01,-0.044,0.099,0.02,0.0882,-0.0473362957027328,-0.0007171638692877,0.0040534595720206
1483,1973-08-01,-0.107,-0.106,-0.16,0.0938,-0.0591140153695172,-0.0218529276786814,-0.0260330569518013
1484,1973-09-01,-0.105,0.018,-0.111,0.0919,-0.0764698839982874,-0.0150134713091154,-0.0135166446925971
1485,1973-10-01,-0.088,0.013,-0.071,0.0907,-0.0954474349777422,-0.017879673743253,0.0253271087209953
1486,1973-11-01,-0.135,0.021,-0.092,0.0876,-0.1136247436012851,-0.0624600120060214,0.0410847556073065
1487,1973-12-01,-0.202,-0.24,-0.059,0.1037,-0.129791082999828,-0.058772106458284,-0.0134368105418879
1488,1974-01-01,-0.314,-0.389,-0.051,0.1286,-0.1432983997048152,0.0787013615701395,-0.2494029618653243
1489,1974-02-01,-0.483,-0.583,-0.187,0.1689,-0.1543686570223188,-0.0375397312462521,-0.291091611731429
1490,1974-03-01,-0.292,-0.338,0.155,0.1701,-0.163868592027427,0.0735698319583651,-0.2017012399309381
1491,1974-04-01,-0.279,-0.377,0.22,0.1584,-0.172665374243547,0.001229786441852,-0.1075644121983051
1492,1974-05-01,-0.199,-0.252,0.228,0.1432,-0.1813407856141335,0.0771338924913023,-0.0947931068771688
1493,1974-06-01,-0.188,-0.238,0.034,0.1231,-0.1902845336084823,0.0316046679552149,-0.0293201343467325
1494,1974-07-01,-0.194,-0.15,0.049,0.1126,-0.1986962724101494,0.0029746413478704,0.0017216310622789
1495,1974-08-01,-0.054,0.053,0.313,0.1182,-0.2037463473390627,-0.062101831945306,0.2118481792843688
1496,1974-09-01,-0.215,-0.11,0.261,0.1134,-0.2026015871981796,-0.0180907724067272,0.0056923596049068
1497,1974-10-01,-0.218,-0.13,0.217,0.1055,-0.1963537332441942,-0.0317752986280151,0.0101290318722093
1498,1974-11-01,-0.251,-0.116,0.156,0.1011,-0.1889686276817239,-0.0799773947338767,0.0179460224156007
1499,1974-12-01,-0.275,-0.073,0.179,0.1008,-0.1830033799025741,-0.0678849015231489,-0.0241117185742769
1500,1975-01-01,-0.147,0.167,0.107,0.1022,-0.1791145017002819,0.0476591097470839,-0.015544608046802
1501,1975-02-01,-0.109,0.374,0.245,0.0714,-0.1775640653580712,0.0416648298749354,0.0268992354831357
1502,1975-03-01,-0.086,0.206,0.26,0.0725,-0.1784350282857959,0.0735466807339889,0.0188883475518069
1503,1975-04-01,-0.126,0.153,0.253,0.0676,-0.1814964149721999,-0.0005875874491778,0.0560840024213777
1504,1975-05-01,-0.027,0.172,0.249,0.0787,-0.1863257774656366,0.1072804996937992,0.0520452777718374
1505,1975-06-01,-0.142,0.046,0.127,0.0782,-0.1924449051191255,0.0059364031236758,0.0445085019954496
1506,1975-07-01,-0.17,0.024,0.132,0.0773,-0.1996698919307498,0.0124246973776875,0.0172451945530623
1507,1975-08-01,-0.317,-0.263,-0.087,0.0841,-0.2081975187128999,-0.0812294775351821,-0.0275730037519179
1508,1975-09-01,-0.201,0.014,0.119,0.0836,-0.217667188361187,-0.021420657115211,0.0380878454763981
1509,1975-10-01,-0.282,-0.064,-0.099,0.0887,-0.2268469889325896,-0.0479435350089205,-0.0072094760584898
1510,1975-11-01,-0.361,-0.11,-0.142,0.1017,-0.2343825296628843,-0.0814902096830814,-0.0451272606540342
1511,1975-12-01,-0.314,-0.039,-0.095,0.1053,-0.2397515228936427,-0.0547815053410968,-0.0194669717652604
1512,1976-01-01,-0.23,-0.083,0.12,0.1049,-0.2434554577702503,0.0349241792416075,-0.0214687214713572
1513,1976-02-01,-0.292,-0.183,-0.054,0.1042,-0.24506737418468,0.0286596182383832,-0.0755922440537031
1514,1976-03-01,-0.418,-0.332,-0.194,0.1115,-0.2433498739689652,0.0648707721596724,-0.2395208981907072
1515,1976-04-01,-0.255,-0.129,0.014,0.1055,-0.2374284824480354,0.0231404920834947,-0.0407120096354593
1516,1976-05-01,-0.391,-0.364,-0.114,0.0859,-0.2273624225096635,0.1142865518791215,-0.277924129369458
1517,1976-06-01,-0.272,-0.13,-0.115,0.0741,-0.2141372763622661,-0.0124023016448418,-0.0454604219928921
1518,1976-07-01,-0.212,-0.042,-0.14,0.0686,-0.1986125788263799,0.0225145191859223,-0.0359019403595424
1519,1976-08-01,-0.274,0.043,-0.064,0.0685,-0.1809725809375937,-0.0549959002687659,-0.0380315187936404
1520,1976-09-01,-0.206,-0.005,-0.022,0.0679,-0.1610636623559764,-0.0287631434451352,-0.0161731941988882
1521,1976-10-01,-0.403,-0.121,-0.077,0.0749,-0.1386637810795367,-0.0610846302449797,-0.2032515886754835
1522,1976-11-01,-0.237,0.124,-0.039,0.0746,-0.1142273423033058,-0.0549531686575687,-0.0678194890391254
1523,1976-12-01,-0.066,0.248,0.138,0.0985,-0.0900704181453673,-0.0409697800267508,0.0650401981721181
1524,1977-01-01,0.041,0.271,0.326,0.1336,-0.0684706504198501,0.023985664015155,0.085484986404695
1525,1977-02-01,0.015,0.307,0.425,0.1526,-0.0498986630730999,0.0206137139513448,0.044284949121755
1526,1977-03-01,0.004,0.422,0.178,0.1523,-0.0344589691248231,0.0475996218745389,-0.0091406527497158
1527,1977-04-01,0.059,0.314,0.278,0.1661,-0.022364423770307,0.0277486135686874,0.0536158102016195
1528,1977-05-01,0.141,0.532,0.158,0.1703,-0.0142313841815011,0.0953948818702496,0.0598365023112515
1529,1977-06-01,0.127,0.399,0.338,0.1762,-0.010367598694458,-0.0331956041017273,0.1705632027961854
1530,1977-07-01,0.066,0.278,0.221,0.1762,-0.0102211864312716,0.0122637301411323,0.0639574562901393
1531,1977-08-01,0.055,0.329,0.231,0.1653,-0.0126806965612882,-0.0348979593852344,0.1025786559465227
1532,1977-09-01,-0.091,0.115,0.117,0.1576,-0.0167598089948364,-0.0280680151840382,-0.0461721758211252
1533,1977-10-01,-0.095,0.308,0.003,0.1073,-0.022397754448265,-0.065671226792177,-0.0069310187595578
1534,1977-11-01,0.019,0.256,0.254,0.0766,-0.029230718959588,-0.0167430296419249,0.064973748601513
1535,1977-12-01,-0.105,-0.039,0.109,0.0814,-0.0368858886800246,-0.008495757804751,-0.0596183535152244
1536,1978-01-01,-0.082,-0.123,0.324,0.0861,-0.0449580548525986,0.0201372246708445,-0.0571791698182458
1537,1978-02-01,-0.045,-0.06,0.301,0.0874,-0.0523370985687104,0.0435642480821064,-0.036227149513396
1538,1978-03-01,-0.02,-0.024,0.036,0.0877,-0.0581691516402328,0.0270147442589119,0.0111544073813208
1539,1978-04-01,-0.034,-0.093,0.222,0.0864,-0.0624845216956786,0.0200004160251345,0.008484105670544
1540,1978-05-01,-0.056,-0.197,0.239,0.0738,-0.0655740967724577,0.0405357709303006,-0.0309616741578429
1541,1978-06-01,-0.143,-0.27,0.075,0.065,-0.0674209041300256,-0.0462085651253374,-0.0293705307446368
1542,1978-07-01,-0.062,-0.128,0.221,0.055,-0.0682234161789796,-0.0078937077555374,0.014117123934517
1543,1978-08-01,-0.285,-0.34,-0.06,0.0766,-0.0681772295280716,-0.0248724499975406,-0.1919503204743877
1544,1978-09-01,-0.064,0.027,0.255,0.0767,-0.066950041141675,-0.0289754905150865,0.0319255316567615
1545,1978-10-01,-0.135,-0.04,-0.042,0.0782,-0.0646609944237261,-0.0648155002419082,-0.0055235053343656
1546,1978-11-01,-0.012,-0.031,0.238,0.075,-0.0613204850816398,0.0122398816086768,0.037080603472963
1547,1978-12-01,-0.066,0.039,0.217,0.0749,-0.0564111417033577,0.0467702225754051,-0.0563590808720473
1548,1979-01-01,-0.048,0.034,0.218,0.0756,-0.049482318810009,0.0268769689470151,-0.025394650137006
1549,1979-02-01,-0.266,-0.221,0.045,0.0914,-0.040389811611571,0.0616863541279704,-0.2872965425163994
1550,1979-03-01,-0.027,-0.007,0.175,0.0909,-0.0293203052115772,0.0216203602201201,-0.0193000550085428
1551,1979-04-01,-0.049,-0.015,-0.016,0.09,-0.0167392704210627,0.005618538264867,-0.0378792678438043
1552,1979-05-01,-0.096,-0.04,-0.102,0.0889,-0.0029811885085923,-0.0050172877467856,-0.088001523744622
1553,1979-06-01,-0.024,0.119,0.065,0.0908,0.0113261320259879,-0.0536232677952966,0.0182971357693087
1554,1979-07-01,-0.088,-0.026,0.099,0.0903,0.0259461524511317,-0.0220720330010523,-0.0918741194500794
1555,1979-08-01,0.013,0.298,0.154,0.0731,0.0413843217291863,-0.0262941316178529,-0.0020901901113334
1556,1979-09-01,0.08,0.144,0.178,0.0853,0.0573710257747385,-0.0391956450443338,0.0618246192695953
1557,1979-10-01,0.083,0.218,0.153,0.0909,0.0731470332230287,-0.0818177885500063,0.0916707553269776
1558,1979-11-01,0.104,0.116,0.162,0.1,0.0876767107410066,0.00399561243173,0.0123276768272632
1559,1979-12-01,0.317,0.383,0.23,0.1409,0.1003940190153522,0.1021045014515365,0.1145014795331112
1560,1980-01-01,0.155,0.203,0.221,0.1467,0.1110264210064554,0.0790626816301082,-0.0350891026365636
1561,1980-02-01,0.238,0.504,0.25,0.1295,0.1192391929498598,0.0611143480207544,0.0576464590293856
1562,1980-03-01,0.123,0.15,0.278,0.1277,0.1249728529853489,0.0350259663345045,-0.0369988193198535
1563,1980-04-01,0.148,0.197,0.28,0.1234,0.1286760086696257,-0.0223229517567408,0.0416469430871151
1564,1980-05-01,0.185,0.281,0.379,0.1115,0.1313032886036627,-0.0358915172432548,0.0895882286395921
1565,1980-06-01,0.059,0.083,0.253,0.1047,0.1338429062883199,-0.0538587999548324,-0.0209841063334875
1566,1980-07-01,0.119,0.207,0.275,0.0823,0.1368202688920304,-0.0314311226815891,0.0136108537895587
1567,1980-08-01,0.076,0.063,0.349,0.0755,0.1399942656329081,-0.018319175760895,-0.045675089872013
1568,1980-09-01,0.042,-0.038,0.142,0.079,0.1430671113371896,-0.0598606173514084,-0.0412064939857811
1569,1980-10-01,-0.008,-0.091,0.156,0.0885,0.1459005141388014,-0.0937968880425174,-0.060103626096284
1570,1980-11-01,0.101,-0.003,0.275,0.0886,0.1484757037965358,-0.0283481631337638,-0.019127540662772
1571,1980-12-01,0.04,-0.277,0.331,0.0693,0.1504788080011178,0.150124295909021,-0.2606031039101389
1572,1981-01-01,0.346,0.191,0.578,0.0976,0.1519363673781686,0.1335315020700686,0.0605321305517627
1573,1981-02-01,0.225,-0.013,0.584,0.0963,0.1530004185316843,0.0300878328619414,0.0419117486063742
1574,1981-03-01,0.253,0.13,0.643,0.1035,0.1540623503533353,0.0522776789584503,0.0466599706882144
1575,1981-04-01,0.122,-0.026,0.405,0.1034,0.1549766510889874,-0.0426858341613066,0.0097091830723192
1576,1981-05-01,0.076,-0.109,0.312,0.103,0.1544671358248645,-0.0289184509546199,-0.0495486848702445
1577,1981-06-01,0.151,0.092,0.463,0.1013,0.1512974301229761,-0.0596074285222954,0.0593099983993193
1578,1981-07-01,0.159,0.04,0.411,0.1017,0.1442807842918615,-0.0293540847708197,0.0440733004789581
1579,1981-08-01,0.198,0.122,0.436,0.1017,0.1334596538160357,0.0129665184227371,0.0515738277612271
1580,1981-09-01,0.028,-0.014,0.228,0.103,0.1202189617634014,-0.0738048973870493,-0.0184140643763521
1581,1981-10-01,-0.005,0.003,0.239,0.1026,0.1063974211524733,-0.1049021007764613,-0.006495320376012
1582,1981-11-01,0.06,-0.041,0.316,0.1047,0.0928648935294035,-0.0564011917999866,0.023536298270583
1583,1981-12-01,0.27,0.23,0.55,0.1062,0.079998911693453,0.1715285175010288,0.0184725708055181
1584,1982-01-01,-0.107,-0.453,0.305,0.1132,0.0683317819334855,0.1524732620666778,-0.3278050440001633
1585,1982-02-01,-0.035,-0.26,0.333,0.1159,0.0581194163337003,-0.0285711165735822,-0.0645482997601181
1586,1982-03-01,-0.204,-0.457,-0.02,0.1339,0.0496810782194287,0.063617552841918,-0.3172986310613468
1587,1982-04-01,-0.068,-0.19,0.114,0.137,0.0431252790161807,-0.0565584579544347,-0.0545668210617459
1588,1982-05-01,0.004,-0.072,0.174,0.137,0.0383698440765073,-0.0008181908532338,-0.0335516532232734
1589,1982-06-01,-0.079,-0.23,0.012,0.1358,0.0358102430671988,-0.0593974893905642,-0.0554127536766346
1590,1982-07-01,0.006,-0.153,0.149,0.1284,0.0359476811742688,-0.0307889597991372,0.0008412786248684
1591,1982-08-01,-0.107,-0.305,-0.106,0.1165,0.0393734584245814,0.041312328490456,-0.1876857869150374
1592,1982-09-01,-0.034,-0.062,0.089,0.1156,0.046388869891659,-0.0340138902666439,-0.0463749796250151
1593,1982-10-01,-0.029,-0.024,0.072,0.1154,0.0558402538786458,-0.0863223234086948,0.0014820695300489
1594,1982-11-01,-0.041,-0.101,0.115,0.1121,0.0659910907199147,-0.063231972678121,-0.0437591180417937
1595,1982-12-01,0.233,-0.037,0.195,0.1031,0.0758482107933092,0.1022286565213665,0.0549231326853243
1596,1983-01-01,0.294,0.401,0.219,0.1379,0.0851994336402591,0.150777608218684,0.0580229581410567
1597,1983-02-01,0.24,0.275,0.14,0.1544,0.0939381342661066,-0.0708148165372305,0.2168766822711238
1598,1983-03-01,0.18,0.384,0.134,0.1436,0.1010734413989994,0.0652192992829695,0.013707259318031
1599,1983-04-01,0.087,0.155,-0.011,0.1389,0.1053177458081117,-0.0643757908252101,0.0460580450170983
1600,1983-05-01,0.174,0.17,0.121,0.141,0.1059909417512193,0.0420047880762444,0.0260042701725361
1601,1983-06-01,0.086,0.165,0.036,0.1322,0.103390911525923,-0.0561334731244526,0.0387425615985296
1602,1983-07-01,0.028,0.022,0.072,0.1311,0.098188044289845,-0.0403743218260662,-0.0298137224637787
1603,1983-08-01,0.183,0.29,0.29,0.1169,0.0907495754375386,0.0580132344753605,0.0342371900871008
1604,1983-09-01,0.217,0.251,0.322,0.1097,0.0813569895853754,0.0039755065600255,0.1316675038545989
1605,1983-10-01,0.018,0.047,0.106,0.1039,0.0709037522340128,-0.0547004226270285,0.0017966703930157
1606,1983-11-01,0.137,0.178,0.272,0.0868,0.0603413639369169,-0.0759879360766465,0.1526465721397296
1607,1983-12-01,0.02,-0.213,0.222,0.0913,0.0501777473211479,0.0295217995507899,-0.0596995468719378
1608,1984-01-01,0.088,-0.206,0.402,0.0779,0.0403571639902857,0.1211605064864963,-0.0735176704767821
1609,1984-02-01,-0.05,-0.29,0.433,0.0826,0.0304846672234342,-0.0647611769384161,-0.0157234902850181
1610,1984-03-01,0.06,-0.12,0.352,0.0789,0.0205369366760078,0.0481916884463866,-0.0087286251223945
1611,1984-04-01,-0.082,-0.169,0.197,0.0928,0.0108541949925236,-0.0439087680119223,-0.0489454269806013
1612,1984-05-01,0.159,-0.015,0.358,0.0914,0.001784485924731,0.0721933801802291,0.0850221338950398
1613,1984-06-01,-0.109,-0.195,0.079,0.105,-0.0062810330502399,-0.037268640017357,-0.065450326932403
1614,1984-07-01,-0.028,-0.056,0.166,0.1076,-0.0131609681911586,-0.0539013374399729,0.0390623056311316
1615,1984-08-01,0.02,-0.163,0.074,0.0994,-0.0190593081005436,0.05195610183629,-0.0128967937357463
1616,1984-09-01,0.041,-0.176,0.256,0.0819,-0.0239433097936956,0.023315356374691,0.0416279534190045
1617,1984-10-01,-0.04,-0.058,0.178,0.0839,-0.0279846868654928,-0.0391357352797421,0.0271204221452349
1618,1984-11-01,-0.136,-0.273,0.115,0.0857,-0.0313891587811535,-0.0821076011372047,-0.0225032400816416
1619,1984-12-01,-0.21,-0.23,0.065,0.1035,-0.0342293691288424,-0.0188946006641204,-0.1568760302070371
1620,1985-01-01,0.058,-0.03,0.205,0.1009,-0.0364172053880433,0.0828913359783117,0.0115258694097316
1621,1985-02-01,-0.199,-0.149,-0.09,0.1126,-0.0379156431736826,0.0013351549950881,-0.1624195118214054
1622,1985-03-01,-0.034,-0.094,0.052,0.1083,-0.0386810521707334,0.0292337764918637,-0.0245527243211303
1623,1985-04-01,-0.072,0.01,0.054,0.108,-0.0386769521376968,-0.0211045173402715,-0.0122185305220315
1624,1985-05-01,-0.011,-0.17,0.016,0.088,-0.0377010596154439,0.0767065005551252,-0.0500054409396812
1625,1985-06-01,0.008,0.117,0.15,0.0885,-0.0349096701801823,-0.02032229534419,0.0632319655243724
1626,1985-07-01,-0.125,-0.097,0.045,0.0907,-0.0297024428152634,-0.0495193184484801,-0.0457782387362563
1627,1985-08-01,0.016,-0.004,0.333,0.0904,-0.0221648297683335,0.0233064681564279,0.0148583616119055
1628,1985-09-01,-0.022,-0.063,0.179,0.0858,-0.0135529983117592,0.007025490019744,-0.0154724917079848
1629,1985-10-01,-0.044,-0.004,0.238,0.0857,-0.0054044711962656,-0.0332382899738768,-0.0053572388298574
1630,1985-11-01,-0.103,0.033,0.258,0.0837,0.001413569242748,-0.0931245292653618,-0.0112890399773861
1631,1985-12-01,-0.012,0.198,0.302,0.0702,0.0066649939014653,-0.040779185958199,0.0221141920567336
1632,1986-01-01,0.051,-0.007,0.281,0.0693,0.0104503403767328,0.0777710497382003,-0.0372213901149331
1633,1986-02-01,0.201,0.4,0.493,0.0835,0.0133436223267809,0.0556006379397756,0.1320557397334434
1634,1986-03-01,0.073,0.107,0.491,0.0867,0.0158064670742658,0.0124487252166808,0.0447448077090532
1635,1986-04-01,0.081,0.153,0.336,0.0869,0.0183327883295532,-0.0049350586964328,0.0676022703668796
1636,1986-05-01,0.119,0.13,0.51,0.0921,0.021312430044597,0.0491888062781767,0.0484987636772261
1637,1986-06-01,-0.03,-0.038,0.242,0.0932,0.0242293477140413,0.0056885987468606,-0.0599179464609019
1638,1986-07-01,-0.031,0.094,0.181,0.0836,0.0267638214167963,-0.0371765107679343,-0.020587310648862
1639,1986-08-01,0.007,-0.009,0.281,0.0837,0.0288486878798092,0.0001285601900761,-0.0219772480698853
1640,1986-09-01,-0.078,-0.056,0.128,0.088,0.0310328851544793,-0.0134133855684493,-0.0956194995860299
1641,1986-10-01,-0.018,0.026,0.385,0.0866,0.0340846127992758,-0.0338101421243308,-0.018274470674945
1642,1986-11-01,-0.056,0.047,0.181,0.0814,0.0389194425901548,-0.1157655337057596,0.0208460911156048
1643,1986-12-01,-0.019,-0.007,0.047,0.0817,0.0462440335168131,-0.0233384674767348,-0.0419055660400782
1644,1987-01-01,0.138,0.087,0.097,0.0878,0.056192314195033,0.0900213124244271,-0.0082136266194602
1645,1987-02-01,0.214,0.013,0.199,0.0901,0.0685067027532636,0.0936395722423004,0.0518537250044359
1646,1987-03-01,-0.009,-0.082,-0.013,0.09,0.082851728065342,0.0074889022386935,-0.0993406303040355
1647,1987-04-01,0.074,-0.007,0.015,0.0896,0.0984734402229161,0.0038829700596913,-0.0283564102826075
1648,1987-05-01,0.091,-0.028,-0.05,0.0873,0.1143647499456616,0.0274913217252491,-0.0508560716709107
1649,1987-06-01,0.19,0.22,0.063,0.0975,0.1301756135415071,0.0126381464251667,0.0471862400333261
1650,1987-07-01,0.276,0.307,0.21,0.1153,0.1455493337028732,-0.022278632729853,0.1527292990269798
1651,1987-08-01,0.121,0.114,0.066,0.1146,0.1601673048187226,-0.0052821385813171,-0.0338851662374054
1652,1987-09-01,0.19,0.268,0.281,0.1075,0.1739699930384461,-0.0116579140767885,0.0276879210383424
1653,1987-10-01,0.157,0.175,0.252,0.1019,0.1865563984327451,-0.0252948131438197,-0.0042615852889254
1654,1987-11-01,0.083,0.139,0.064,0.0877,0.1974733638317215,-0.1370560291920011,0.0225826653602796
1655,1987-12-01,0.287,0.306,0.392,0.0863,0.2064391903468243,-0.0083654119921714,0.088926221645347
1656,1988-01-01,0.351,0.213,0.433,0.1036,0.2130043725855644,0.0848535284384304,0.053142098976005
1657,1988-02-01,0.233,0.019,0.278,0.1045,0.2164056488414219,0.0564257061548405,-0.0398313549962624
1658,1988-03-01,0.283,0.292,0.303,0.0922,0.2165205112167697,-0.0008891445273706,0.0673686333106008
1659,1988-04-01,0.241,0.167,0.275,0.0846,0.2139391756129129,0.0045640557497966,0.0224967686372904
1660,1988-05-01,0.253,0.162,0.309,0.0767,0.2090884181580537,0.0270744361787154,0.0168371456632308
1661,1988-06-01,0.249,0.059,0.392,0.0764,0.2021133157503334,0.0054907635097418,0.0413959207399247
1662,1988-07-01,0.174,-0.102,0.236,0.0761,0.1929301847082836,0.0085594650765343,-0.0274896497848179
1663,1988-08-01,0.217,0.096,0.502,0.0697,0.1818720548172105,-0.0053629345962005,0.04049087977899
1664,1988-09-01,0.191,0.001,0.255,0.0696,0.1694793492242753,0.0008366743597285,0.0206839764159961
1665,1988-10-01,0.174,0.017,0.309,0.0683,0.1571411713192136,-0.0103980371487478,0.0272568658295342
1666,1988-11-01,-0.056,-0.139,-0.044,0.0997,0.1464971952486627,-0.1466784160871902,-0.0558187791614725
1667,1988-12-01,0.104,-0.183,0.17,0.1019,0.1384145839400907,0.0062374270133741,-0.0406520109534648
1668,1989-01-01,-0.103,-0.454,-0.055,0.1232,0.1326825711532282,0.0625523642047195,-0.2982349353579477
1669,1989-02-01,0.121,-0.112,0.387,0.1217,0.1287573635561096,0.0213374823628369,-0.0290948459189466
1670,1989-03-01,0.106,-0.177,0.133,0.1152,0.126278512232898,-0.0160579252034451,-0.0042205870294529
1671,1989-04-01,0.085,-0.156,0.134,0.1114,0.1250161623394835,0.0315713989887284,-0.0715875613282119
1672,1989-05-01,-0.024,-0.277,0.072,0.1115,0.1249199737618182,0.0316061037017762,-0.1805260774635944
1673,1989-06-01,0.007,-0.242,0.031,0.1043,0.1263444061421561,0.0074908197334464,-0.1268352258756026
1674,1989-07-01,0.159,-0.015,0.247,0.1032,0.1303073961248506,0.0271862151371969,0.0015063887379523
1675,1989-08-01,0.152,-0.065,0.139,0.097,0.1373073640205396,-0.0045213417458509,0.0192139777253112
1676,1989-09-01,0.182,-0.009,0.102,0.0961,0.1467783528496468,-0.0109152983734664,0.0461369455238195
1677,1989-10-01,0.143,-0.031,0.06,0.0936,0.1574620847622165,-0.0041898150446398,-0.0102722697175767
1678,1989-11-01,0.006,0.062,-0.098,0.0873,0.168052908540956,-0.1295336794843996,-0.0325192290565563
1679,1989-12-01,0.217,0.113,-0.1,0.096,0.1777001598218816,-0.0007104949734804,0.0400103351515988
1680,1990-01-01,0.206,0.309,0.051,0.0804,0.1865486658908255,0.0389799161114544,-0.01952858200228
1681,1990-02-01,0.201,0.08,-0.037,0.0843,0.1947730581336145,0.0220100332616218,-0.0157830913952363
1682,1990-03-01,0.539,0.433,0.416,0.1471,0.2022242798332676,-0.0144431237200357,0.3512188438867681
1683,1990-04-01,0.392,0.307,0.244,0.1597,0.2088210483850055,0.0430743022346536,0.1401046493803409
1684,1990-05-01,0.312,0.336,0.127,0.1495,0.2146327469315578,0.0311081103881101,0.066259142680332
1685,1990-06-01,0.215,0.208,0.156,0.1353,0.2197732178584539,0.0112199787040291,-0.015993196562483
1686,1990-07-01,0.281,0.122,0.162,0.1343,0.224382120667914,0.0438554642010704,0.0127624151310155
1687,1990-08-01,0.178,0.026,0.102,0.133,0.2282259881213046,-0.0170522910996783,-0.0331736970216262
1688,1990-09-01,0.116,-0.066,0.074,0.1369,0.2311433893454716,-0.0335638518785728,-0.0815795374668988
1689,1990-10-01,0.268,0.125,0.276,0.1341,0.2334496537195514,-0.0249194217544504,0.059469768034899
1690,1990-11-01,0.25,0.244,0.149,0.1112,0.2359262584278322,-0.1145537714836369,0.1286275130558047
1691,1990-12-01,0.226,0.009,0.186,0.1109,0.2390470029879754,-0.011688052874921,-0.0013589501130544
1692,1991-01-01,0.226,0.02,-0.12,0.1101,0.2426208424798327,0.0353121545885075,-0.0519329970683402
1693,1991-02-01,0.301,0.1,0.076,0.1084,0.2460044731451469,0.0515536584091684,0.0034418684456846
1694,1991-03-01,0.153,-0.386,-0.1,0.0752,0.2484823560960637,0.0068060974201628,-0.1022884535162266
1695,1991-04-01,0.336,-0.056,0.214,0.0664,0.2495803766278435,0.0520478774035835,0.0343717459685729
1696,1991-05-01,0.225,-0.087,0.149,0.0622,0.248907008608893,0.0329951915240471,-0.0569022001329401
1697,1991-06-01,0.365,0.15,0.214,0.0728,0.2465503944149143,0.0265722933208663,0.0918773122642193
1698,1991-07-01,0.34,0.059,0.181,0.0774,0.2423976482660707,0.0341379035642201,0.063464448169709
1699,1991-08-01,0.257,0.079,0.059,0.0742,0.2366279937702158,-0.0453802589796872,0.0657522652094714
1700,1991-09-01,0.26,0.144,0.232,0.0599,0.2294362432111467,-0.0716004124193195,0.1021641692081727
1701,1991-10-01,0.155,-0.113,0.16,0.0681,0.2203233051797136,-0.0445983056766287,-0.0207249995030848
1702,1991-11-01,0.132,-0.118,0.072,0.0772,0.2081784077429371,-0.1105227981600665,0.0343443904171294
1703,1991-12-01,0.148,-0.078,-0.122,0.0823,0.1924386477644569,-0.0233197062777972,-0.0211189414866596
1704,1992-01-01,0.283,0.057,0.39,0.083,0.1732222622822139,0.0579929807828576,0.0517847569349284
1705,1992-02-01,0.235,-0.066,0.27,0.0812,0.1516198208588278,0.0930430381504809,-0.0096628590093088
1706,1992-03-01,0.252,0.099,0.456,0.0764,0.1299680400415097,0.0298024652288772,0.092229494729613
1707,1992-04-01,0.088,-0.248,0.156,0.0839,0.1106469829558661,0.0481772945554896,-0.0708242775113557
1708,1992-05-01,0.128,-0.097,0.124,0.0888,0.0948019264504497,0.0232050626056343,0.0099930109439159
1709,1992-06-01,0.101,-0.264,0.18,0.0821,0.0822900950185994,0.0450019320630431,-0.0262920270816425
1710,1992-07-01,-0.05,-0.39,-0.056,0.0968,0.0723849496675022,0.0161975815817993,-0.1385825312493015
1711,1992-08-01,-0.056,-0.313,0.051,0.1111,0.0643416929968883,-0.0672528553775657,-0.0530888376193225
1712,1992-09-01,-0.167,-0.427,-0.133,0.1348,0.0576733409058097,-0.0815402067917939,-0.1431331341140158
1713,1992-10-01,-0.101,-0.256,-0.072,0.1459,0.0525846487678752,-0.0449006185728793,-0.1086840301949959
1714,1992-11-01,-0.136,-0.268,-0.095,0.1577,0.0493401662025558,-0.1161336589943891,-0.0692065072081667
1715,1992-12-01,0.028,-0.12,-0.205,0.1554,0.0483319974839196,-0.0399531648111259,0.0196211673272062
1716,1993-01-01,0.17,-0.113,-0.124,0.143,0.0497164324951016,0.0615427727485255,0.0587407947563727
1717,1993-02-01,0.195,-0.04,-0.045,0.1384,0.0532179607417652,0.1494285841873573,-0.0076465449291225
1718,1993-03-01,0.151,-0.101,-0.029,0.1268,0.0581722412170158,0.0477874669609871,0.0450402918219969
1719,1993-04-01,0.108,0.02,0.021,0.1277,0.0637302637798416,0.0357626428469743,0.008507093373184
1720,1993-05-01,0.115,-0.013,-0.059,0.1269,0.0686020370689736,0.0044923031447932,0.041905659786233
1721,1993-06-01,0.102,0.001,0.016,0.127,0.0721229850989245,0.0469249894939889,-0.0170479745929134
1722,1993-07-01,0.087,0.137,0.059,0.1253,0.0748362797440743,-0.0056371801402526,0.0178009003961782
1723,1993-08-01,0.001,0.057,-0.182,0.1223,0.0778190560564704,-0.0732821479881541,-0.0035369080683163
1724,1993-09-01,-0.025,0.142,-0.242,0.1055,0.0818705037761177,-0.0856352027952814,-0.0212353009808362
1725,1993-10-01,0.077,0.178,0.059,0.0929,0.0868946456868188,-0.0253006985767978,0.0154060528899789
1726,1993-11-01,-0.081,0.055,-0.218,0.0824,0.0926152732615166,-0.0912997558633743,-0.0823155173981423
1727,1993-12-01,0.04,0.012,0.02,0.0818,0.0992217506324653,-0.0537895097341274,-0.0054322408983379
1728,1994-01-01,0.082,-0.088,-0.006,0.0767,0.1070359743313131,0.0379315344924908,-0.062967508823804
1729,1994-02-01,-0.128,-0.323,-0.078,0.0854,0.1164574750579951,0.1746871351662183,-0.4191446102242135
1730,1994-03-01,0.118,-0.033,0.058,0.0821,0.1275391409506334,0.0291949979672398,-0.0387341389178732
1731,1994-04-01,0.196,0.088,0.278,0.0919,0.1403873353903438,0.0304172510039736,0.0251954136056825
1732,1994-05-01,0.136,0.021,-0.023,0.0935,0.1550270904432373,-0.0266137686977915,0.0075866782545541
1733,1994-06-01,0.248,0.146,0.357,0.109,0.1711434589022815,0.036693307928604,0.0401632331691144
1734,1994-07-01,0.133,0.046,0.161,0.1107,0.1879485798404937,0.0019612857914873,-0.0569098656319811
1735,1994-08-01,0.075,0.074,0.055,0.1088,0.2042384295257013,-0.0365895908940917,-0.0926488386316095
1736,1994-09-01,0.175,0.2,0.134,0.1078,0.2190735664714509,-0.0801024314524225,0.0360288649809716
1737,1994-10-01,0.263,0.186,0.303,0.1187,0.2321803933812473,0.0207092942842805,0.010110312334472
1738,1994-11-01,0.254,0.335,0.39,0.1102,0.2438122300776113,-0.0476435715223911,0.0578313414447798
1739,1994-12-01,0.188,0.148,0.398,0.1071,0.2540547363383638,-0.0669646169189975,0.0009098805806336
1740,1995-01-01,0.331,0.249,0.273,0.1174,0.2630346625950253,-0.0215314819407628,0.0894968193457375
1741,1995-02-01,0.562,0.69,0.761,0.1289,0.270605331058826,0.1830498718344254,0.1083447971067486
1742,1995-03-01,0.27,0.152,0.304,0.125,0.2762092774789132,6.299864009553092e-05,-0.0062722761190087
1743,1995-04-01,0.308,0.112,0.38,0.1259,0.2789989792798071,0.0089714341294888,0.0200295865907039
1744,1995-05-01,0.154,0.018,0.165,0.1246,0.278336244177241,-0.0615295768190413,-0.0628066673581997
1745,1995-06-01,0.307,0.059,0.299,0.1258,0.2741451088998417,0.027416851821209,0.0054380392789492
1746,1995-07-01,0.347,0.214,0.472,0.1226,0.2673236951237646,0.0106153968061543,0.0690609080700809
1747,1995-08-01,0.323,0.248,0.307,0.1067,0.2590263937235867,0.0060481882225595,0.0579254180538537
1748,1995-09-01,0.195,0.02,0.217,0.1048,0.2498549918195081,-0.0698749237979307,0.0150199319784226
1749,1995-10-01,0.297,0.034,0.341,0.1045,0.2406305154230983,0.0413082010501033,0.0150612835267981
1750,1995-11-01,0.275,0.021,0.378,0.1039,0.2321817481189227,0.0007863137804823,0.0420319381005949
1751,1995-12-01,0.108,-0.08,0.12,0.1136,0.2247291188691561,-0.0649725509538368,-0.0517565679153192
1752,1996-01-01,0.102,-0.229,0.051,0.1247,0.217717000430021,-0.0611942494675388,-0.0545227509624821
1753,1996-02-01,0.324,-0.238,0.123,0.0876,0.2111383568069603,0.1869625262654385,-0.0741008830723989
1754,1996-03-01,0.176,-0.094,0.103,0.0899,0.2057394772471848,-0.0083605926157414,-0.0213788846314433
1755,1996-04-01,0.164,-0.144,0.083,0.09,0.2018934039326191,-0.0176036634746945,-0.0202897404579245
1756,1996-05-01,0.136,-0.018,0.017,0.0916,0.2000115857307681,-0.0873525105928053,0.0233409248620371
1757,1996-06-01,0.112,-0.195,0.142,0.0938,0.2008416420158997,0.0334412743518254,-0.1222829163677251
1758,1996-07-01,0.224,-0.123,0.255,0.0841,0.2043224175917941,0.0188474318032011,0.0008301506050047
1759,1996-08-01,0.298,-0.025,0.291,0.0811,0.2101964254484127,0.0389836091038596,0.0488199654477276
1760,1996-09-01,0.104,-0.091,0.182,0.0858,0.2181462432477151,-0.0665280794866028,-0.0476181637611122
1761,1996-10-01,0.045,-0.252,0.063,0.0889,0.2271899319096736,0.028614145568204,-0.2108040774778777
1762,1996-11-01,0.231,-0.044,0.287,0.0852,0.2365524879789053,0.0120186279309649,-0.0175711159098703
1763,1996-12-01,0.223,0.115,0.242,0.0842,0.2466673379901248,-0.043531513051058,0.0198641750609332
1764,1997-01-01,0.13,0.028,-0.008,0.0822,0.2584073252124583,-0.0769503230964454,-0.0514570021160128
1765,1997-02-01,0.192,-0.132,-0.022,0.0691,0.2723369535702241,0.1729776230364944,-0.2533145766067185
1766,1997-03-01,0.317,0.141,0.326,0.0812,0.2882110610985378,-0.0132434559405229,0.0420323948419851
1767,1997-04-01,0.221,0.057,0.147,0.0818,0.3054465102220399,-0.0277940715724351,-0.0566524386496047
1768,1997-05-01,0.212,0.076,0.121,0.0805,0.3233062601183122,-0.0859555872195901,-0.025350672898722
1769,1997-06-01,0.404,0.292,0.214,0.0965,0.3416462632863059,0.0398758382451834,0.0224778984685106
1770,1997-07-01,0.234,0.01,-0.042,0.0966,0.3603236030399321,0.0242308168429313,-0.1505544198828635
1771,1997-08-01,0.287,-0.011,0.166,0.0958,0.3789521878875685,0.0444539794700038,-0.1364061673575725
1772,1997-09-01,0.382,0.278,0.192,0.0996,0.3975573170940189,-0.0639176022674054,0.0483602851733865
1773,1997-10-01,0.472,0.427,0.315,0.1,0.4162484264826071,0.0043100574755051,0.0514415160418876
1774,1997-11-01,0.488,0.257,0.405,0.1159,0.4343047056356162,-0.0103471867007925,0.0640424810651763
1775,1997-12-01,0.43,0.207,0.143,0.1192,0.4496884697962064,-0.0073047281391921,-0.0123837416570142
1776,1998-01-01,0.422,0.292,0.071,0.1075,0.4604757416465778,-0.0726074390659681,0.0341316974193903
1777,1998-02-01,0.664,0.472,0.431,0.1325,0.4654370568284042,0.1706343219382678,0.0279286212333279
1778,1998-03-01,0.444,0.127,0.161,0.1322,0.4646504463813807,-0.0045986554599513,-0.0160517909214294
1779,1998-04-01,0.522,0.301,0.281,0.126,0.4592967859635887,-0.0234622046023047,0.086165418638716
1780,1998-05-01,0.534,0.322,0.281,0.1128,0.4509150481330092,-0.0842666637958717,0.1673516156628626
1781,1998-06-01,0.58,0.176,0.331,0.119,0.4404629731421384,0.0440951053618434,0.0954419214960181
1782,1998-07-01,0.546,0.312,0.372,0.0986,0.4279781535063447,0.0116956509671823,0.106326195526473
1783,1998-08-01,0.545,0.258,0.328,0.0786,0.4133336951570358,0.0241332085695872,0.107533096273377
1784,1998-09-01,0.304,-0.078,0.113,0.0916,0.3965393615038455,-0.0428113725371261,-0.0497279889667194
1785,1998-10-01,0.279,-0.193,0.105,0.1111,0.3775754111798394,-0.0274401688515751,-0.0711352423282641
1786,1998-11-01,0.266,-0.222,0.322,0.1269,0.3564063882672914,-0.0339629265461061,-0.0564434617211852
1787,1998-12-01,0.396,-0.034,0.292,0.1281,0.3340551148673754,0.0047599138659036,0.0571849712667209
1788,1999-01-01,0.281,-0.141,0.384,0.1378,0.3122510709783763,-0.0593000982004631,0.0280490272220868
1789,1999-02-01,0.472,-0.192,0.351,0.1204,0.2929159567669192,0.161467875805907,0.0176161674271737
1790,1999-03-01,0.146,-0.298,0.04,0.1455,0.2770731317207626,0.0167756038993637,-0.1478487356201264
1791,1999-04-01,0.166,-0.356,0.081,0.1556,0.2641336839811971,0.0041544802007651,-0.1022881641819622
1792,1999-05-01,0.134,-0.4,0.158,0.1615,0.2537642097661083,-0.0667674106187282,-0.05299679914738
1793,1999-06-01,0.231,-0.349,0.224,0.1455,0.2456477678636003,0.0354670497761653,-0.0501148176397657
1794,1999-07-01,0.223,-0.323,0.064,0.1274,0.2393619801388869,0.0187370753588389,-0.0350990554977259
1795,1999-08-01,0.191,-0.354,0.039,0.1004,0.2347554726432056,0.0198880879548622,-0.0636435605980679
1796,1999-09-01,0.228,-0.076,0.046,0.0996,0.2321119907165162,-0.027493096605214,0.0233811058886977
1797,1999-10-01,0.198,-0.081,0.055,0.1002,0.2317753120133048,-0.0668441255911978,0.033068813577893
1798,1999-11-01,0.199,-0.067,0.193,0.1008,0.2337270420419149,-0.0561317980998556,0.0214047560579407
1799,1999-12-01,0.252,-0.144,0.035,0.0881,0.2370171085749724,-0.0045384395332357,0.0195213309582633
1800,2000-01-01,0.095,-0.186,-0.111,0.0939,0.2402290558302439,-0.0280226518341593,-0.1172064039960845
1801,2000-02-01,0.368,-0.104,0.167,0.0692,0.242295568021556,0.1135499989274814,0.0121544330509625
1802,2000-03-01,0.332,0.186,-0.207,0.0759,0.2430173325673695,0.0444306828407938,0.0445519845918366
1803,2000-04-01,0.402,0.236,0.01,0.0904,0.2426177713495019,0.00923933467239,0.150142893978108
1804,2000-05-01,0.194,0.06,-0.118,0.0856,0.2413579630775268,-0.0360013508341824,-0.0113566122433443
1805,2000-06-01,0.246,0.015,0.031,0.0855,0.2400747818450961,0.0096096078203075,-0.0036843896654036
1806,2000-07-01,0.233,0.01,-0.048,0.0854,0.2399198070840003,0.0198877394949486,-0.026807546578949
1807,2000-08-01,0.278,0.087,0.1,0.0841,0.241912517175715,0.0018611310889084,0.0342263517353765
1808,2000-09-01,0.247,0.019,0.131,0.0838,0.2464007198043842,-0.0140402147276266,0.0146394949232424
1809,2000-10-01,0.116,-0.082,-0.152,0.0917,0.2531452887380823,-0.0731951345104507,-0.0639501542276316
1810,2000-11-01,0.142,-0.057,-0.108,0.0958,0.2614823819674195,-0.0398248381027351,-0.0796575438646844
1811,2000-12-01,0.119,-0.133,-0.107,0.102,0.2708176560206956,-0.0259683955476139,-0.1258492604730816
1812,2001-01-01,0.272,0.177,0.046,0.0929,0.2812324376646595,0.0110495636630166,-0.0202820013276761
1813,2001-02-01,0.257,-0.111,-0.044,0.0848,0.2929169207282841,0.074144405634213,-0.1100613263624971
1814,2001-03-01,0.372,0.04,0.219,0.0896,0.3059998182289178,0.0533489725934147,0.0126512091776674
1815,2001-04-01,0.342,-0.06,0.006,0.081,0.3208469136840556,0.0080472865529049,0.0131057997630394
1816,2001-05-01,0.394,0.2,0.169,0.0917,0.3376450784539156,-0.0032222488583685,0.0595771704044529
1817,2001-06-01,0.366,0.12,0.001,0.0974,0.3561311775067107,-0.0186740863894661,0.0285429088827554
1818,2001-07-01,0.425,0.192,0.085,0.1075,0.3748690449787213,0.0187373213412393,0.0313936336800392
1819,2001-08-01,0.365,0.087,0.108,0.1105,0.3917110294639337,-0.007154723400779,-0.0195563060631547
1820,2001-09-01,0.373,0.126,0.113,0.1125,0.4052632253314657,0.0021924726664751,-0.0344556979979409
1821,2001-10-01,0.344,0.228,0.189,0.0978,0.415548974710581,-0.0507378911987798,-0.0208110835118012
1822,2001-11-01,0.544,0.402,0.412,0.1022,0.4231015335663356,-0.029294708981443,0.1501931754151074
1823,2001-12-01,0.43,0.311,0.282,0.0746,0.4285637744283553,-0.0617737970502456,0.0632100226218903
1824,2002-01-01,0.547,0.275,0.264,0.0824,0.4324836170200026,0.0571519758944941,0.0573644070855032
1825,2002-02-01,0.522,0.265,0.287,0.0769,0.4353266407989228,0.0451566715242061,0.0415166876768709
1826,2002-03-01,0.668,0.296,0.416,0.1034,0.4373092256676292,0.0348620844064655,0.1958286899259053
1827,2002-04-01,0.41,0.068,0.322,0.0992,0.4385278100935196,-0.0017982074198884,-0.0267296026736312
1828,2002-05-01,0.456,0.062,0.328,0.0976,0.4383019002340965,0.0072804901710996,0.0104176095948038
1829,2002-06-01,0.386,0.02,0.285,0.0961,0.4358857662971727,-0.0499303491134253,4.458281625263627e-05
1830,2002-07-01,0.466,0.041,0.516,0.0957,0.4311247036633654,0.0157729616741249,0.0191023346625096
1831,2002-08-01,0.386,0.021,0.442,0.094,0.4250116936996205,-0.010568999588594,-0.0284426941110265
1832,2002-09-01,0.435,0.062,0.602,0.0903,0.418926635516523,0.0092249752858212,0.0068483891976557
1833,2002-10-01,0.4,0.056,0.501,0.0847,0.4138853309747343,-0.0060514169082661,-0.0078339140664682
1834,2002-11-01,0.404,-0.14,0.54,0.0834,0.4103511143604704,-0.0053247820311009,-0.0010263323293693
1835,2002-12-01,0.301,-0.129,0.273,0.095,0.4085745590155021,-0.0756205092071979,-0.0319540498083041
1836,2003-01-01,0.55,0.003,0.38,0.0953,0.4084346148126861,0.0799350779032655,0.0616303072840483
1837,2003-02-01,0.393,-0.129,0.198,0.0935,0.4092473040085673,0.044312509402851,-0.0605598134114183
1838,2003-03-01,0.376,-0.292,0.225,0.0603,0.4104732483334756,0.0228431962058484,-0.0573164445393241
1839,2003-04-01,0.375,-0.035,0.267,0.0613,0.4117060132081984,-0.0046880171622504,-0.0320179960459479
1840,2003-05-01,0.424,-0.032,0.309,0.0598,0.4128558261955769,-0.0164358164498316,0.0275799902542546
1841,2003-06-01,0.317,-0.069,0.215,0.0652,0.4139050263262079,-0.0725924131165315,-0.0243126132096764
1842,2003-07-01,0.397,-0.069,0.31,0.062,0.4148610204438354,-0.002040506102937,-0.0158205143408983
1843,2003-08-01,0.49,0.104,0.489,0.0675,0.4154675643959356,-0.0237793831975829,0.0983118188016474
1844,2003-09-01,0.484,0.049,0.509,0.0708,0.4154024846472112,0.0140669539673586,0.0545305613854301
1845,2003-10-01,0.564,0.164,0.487,0.0836,0.4145779023835102,0.0351226014518453,0.1142994961646444
1846,2003-11-01,0.378,-0.026,0.459,0.0844,0.412529078751352,0.0257509158328243,-0.0602799945841763
1847,2003-12-01,0.571,0.27,0.531,0.0856,0.4089954462590125,-0.0685809634740221,0.2305855172150095
1848,2004-01-01,0.414,-0.136,0.332,0.0789,0.4044022394003052,0.0639754501328846,-0.0543776895331898
1849,2004-02-01,0.521,0.128,0.649,0.0818,0.3998889991370367,0.0414967177493548,0.0796142831136084
1850,2004-03-01,0.431,0.055,0.313,0.0792,0.395975976247233,0.0181867098592255,0.0168373138935414
1851,2004-04-01,0.426,0.051,0.23,0.0763,0.3928689206025036,-0.0064466552313131,0.0395777346288094
1852,2004-05-01,0.222,-0.202,0.086,0.1011,0.3907182835588041,-0.0413895122396952,-0.1273287713191089
1853,2004-06-01,0.257,-0.06,0.009,0.1087,0.3905662249470562,-0.063899374811097,-0.069666850135959
1854,2004-07-01,0.146,-0.251,0.013,0.1362,0.3933123466218793,-0.0266948403312335,-0.2206175062906458
1855,2004-08-01,0.321,-0.169,0.246,0.1357,0.3987899177601743,-0.0191085599842279,-0.0586813577759464
1856,2004-09-01,0.365,-0.119,0.19,0.1329,0.4060454316986073,0.01814377184688,-0.0591892035454872
1857,2004-10-01,0.442,-0.122,0.179,0.1222,0.4139797497264235,0.0657991099161291,-0.0377788596425526
1858,2004-11-01,0.535,0.157,0.281,0.1307,0.4222886631380172,0.0473025807901399,0.0654087560718428
1859,2004-12-01,0.337,-0.234,0.149,0.1177,0.4318968600716907,-0.0432783701263188,-0.0516184899453718
1860,2005-01-01,0.57,0.156,0.239,0.1311,0.4434537908057556,0.0108816214646197,0.1156645877296245
1861,2005-02-01,0.436,-0.085,-0.126,0.125,0.4561476153718917,0.0512952185688692,-0.071442833940761
1862,2005-03-01,0.544,0.113,0.274,0.1336,0.4685164833906017,0.0237697805881887,0.0517137360212095
1863,2005-04-01,0.508,0.082,0.2,0.138,0.4793453313051444,-0.0264791614581011,0.0551338301529567
1864,2005-05-01,0.468,0.246,0.314,0.1287,0.4883656371272638,-0.0579422139069192,0.0375765767796553
1865,2005-06-01,0.494,0.237,0.187,0.1209,0.4952744499256798,-0.0387464898443809,0.0374720399187011
1866,2005-07-01,0.462,0.316,0.115,0.0812,0.4993410723521256,-0.0395055513172491,0.0021644789651235
1867,2005-08-01,0.457,0.136,0.134,0.0691,0.5002196296004259,-0.0115143136529777,-0.031705315947448
1868,2005-09-01,0.537,0.172,0.342,0.0634,0.498401053655029,0.0089239716580457,0.0296749746869252
1869,2005-10-01,0.597,0.155,0.3,0.0698,0.4947089218791298,0.0666270059380095,0.0356640721828604
1870,2005-11-01,0.565,0.03,0.29,0.0719,0.4901791955773345,0.0650670468155942,0.0097537576070712
1871,2005-12-01,0.532,0.195,0.424,0.0513,0.4857630125370777,-0.0175667072483435,0.0638036947112658
1872,2006-01-01,0.408,-0.162,0.306,0.0564,0.4817561172566442,-0.0464217796386055,-0.0273343376180387
1873,2006-02-01,0.562,0.126,0.238,0.0549,0.4784102192074579,0.0538212108994996,0.0297685698930424
1874,2006-03-01,0.444,-0.1,0.268,0.057,0.4755969856815801,0.0340109634599737,-0.0656079491415538
1875,2006-04-01,0.346,-0.162,0.182,0.0727,0.4730849816251456,-0.0442613953569599,-0.0828235862681857
1876,2006-05-01,0.354,-0.114,0.218,0.0825,0.4710131531600388,-0.0469032734865103,-0.0701098796735285
1877,2006-06-01,0.486,-0.008,0.374,0.0825,0.4694297172230065,-0.0194349675333565,0.03600525031035
1878,2006-07-01,0.385,-0.077,0.161,0.0868,0.4686477459534187,-0.032871618412015,-0.0507761275414037
1879,2006-08-01,0.538,0.081,0.24,0.0886,0.4691404403971525,-0.007291818799281,0.0761513784021284
1880,2006-09-01,0.472,-0.065,0.368,0.0867,0.470551137345168,0.0051355329571652,-0.0036866703023332
1881,2006-10-01,0.524,-0.073,0.479,0.0796,0.4721249635473774,0.0597444678978894,-0.0078694314452668
1882,2006-11-01,0.537,-0.028,0.306,0.0768,0.4732520544781464,0.0578504751434354,0.0058974703784182
1883,2006-12-01,0.625,0.093,0.402,0.088,0.4734188869648474,-0.0222110424749977,0.1737921555101503
1884,2007-01-01,0.779,0.371,0.649,0.1217,0.4722857038070543,-0.0161790418910998,0.3228933380840455
1885,2007-02-01,0.526,-0.036,0.334,0.1206,0.4693896334983969,0.0226518057423759,0.0339585607592271
1886,2007-03-01,0.488,0.044,0.171,0.1193,0.4648042493132819,0.0475627937938401,-0.024367043107122
1887,2007-04-01,0.609,0.263,0.388,0.1113,0.4590060569833831,-0.0641515686976611,0.214145511714278
1888,2007-05-01,0.489,0.135,0.277,0.0984,0.452301093523169,-0.041110127410827,0.077809033887658
1889,2007-06-01,0.426,-0.06,0.022,0.1027,0.4447922060187391,-0.0220821767444819,0.0032899707257428
1890,2007-07-01,0.455,0.07,0.221,0.0952,0.4369026262245216,-0.0042462109348784,0.0223435847103568
1891,2007-08-01,0.431,-0.107,0.144,0.1002,0.4288094939254885,-0.00433821848981,0.0065287245643215
1892,2007-09-01,0.406,-0.066,0.024,0.1053,0.4210050486540206,0.0060738261867649,-0.0210788748407855
1893,2007-10-01,0.444,-0.08,-0.028,0.1079,0.4139643625798918,0.0490248509733738,-0.0189892135532656
1894,2007-11-01,0.408,-0.129,-0.08,0.1122,0.4076117864486215,0.0500201505544544,-0.049631937003076
1895,2007-12-01,0.319,-0.306,-0.111,0.1176,0.4020608287763399,-0.0293565090891869,-0.053704319687153
1896,2008-01-01,0.101,-0.678,-0.321,0.1244,0.3978451120074842,-0.0061374951147278,-0.2907076168927563
1897,2008-02-01,0.157,-0.369,-0.507,0.1416,0.3953090372325883,-0.0322153198700423,-0.206093717362546
1898,2008-03-01,0.505,0.017,0.061,0.1427,0.3944908882826049,0.08959939289054,0.020909718826855
1899,2008-04-01,0.346,-0.263,-0.176,0.1263,0.3953916983793147,-0.0661202236057521,0.0167285252264374
1900,2008-05-01,0.34,-0.149,-0.194,0.1212,0.3978359003026253,-0.0266191422781077,-0.0312167580245175
1901,2008-06-01,0.308,-0.118,-0.272,0.1202,0.4017491955108415,-0.026463323207653,-0.0672858723031885
1902,2008-07-01,0.436,-0.019,-0.11,0.1189,0.4068811672319088,0.0190003217680309,0.0101185110000602
1903,2008-08-01,0.346,-0.085,-0.199,0.1161,0.4128199314100026,-0.0137756861944319,-0.0530442452155707
1904,2008-09-01,0.433,0.027,0.129,0.1177,0.4193943378639961,0.0014795065141944,0.0121261556218094
1905,2008-10-01,0.503,0.059,0.224,0.1233,0.4268758406095057,0.0321715159533551,0.0439526434371391
1906,2008-11-01,0.512,0.104,0.246,0.1311,0.4355743808002273,0.0527986834058947,0.0236269357938779
1907,2008-12-01,0.388,0.069,-0.008,0.1307,0.4453602450932263,-0.0581616664116137,0.0008014213183875
1908,2009-01-01,0.488,0.387,0.207,0.105,0.455629271739476,0.0455393628782354,-0.0131686346177115
1909,2009-02-01,0.36,0.203,-0.112,0.0749,0.4659584541963651,-0.0828292327810429,-0.0231292214153222
1910,2009-03-01,0.325,-0.18,0.179,0.0729,0.4760909034976719,0.0938003794359778,-0.2448912829336497
1911,2009-04-01,0.41,0.064,0.244,0.0711,0.4858680591045424,-0.0311081658310956,-0.0447598932734467
1912,2009-05-01,0.458,0.118,0.324,0.0695,0.4954094911887569,-0.0182745890713596,-0.0191349021173972
1913,2009-06-01,0.511,0.203,0.28,0.066,0.5052416796799877,-0.0224549641338831,0.0282132844538954
1914,2009-07-01,0.582,0.146,0.359,0.0792,0.5158649953690727,0.0279489044556145,0.0381861001753127
1915,2009-08-01,0.526,0.18,0.335,0.0761,0.5273822301422033,-0.0099967031126019,0.0086144729703987
1916,2009-09-01,0.56,0.127,0.332,0.081,0.5384409354391915,-0.0021196350149973,0.0236786995758059
1917,2009-10-01,0.516,0.013,0.318,0.0816,0.5469012497120709,0.0337624860108653,-0.0646637357229362
1918,2009-11-01,0.6,0.088,0.401,0.0893,0.5514931717377609,0.0707961054119159,-0.0222892771496768
1919,2009-12-01,0.536,0.148,0.284,0.0861,0.5524697673344372,-0.0653793462332043,0.0489095788987672
1920,2010-01-01,0.591,0.103,0.496,0.0909,0.5511792163106972,-0.0088118336760624,0.0486326173653651
1921,2010-02-01,0.662,0.302,0.294,0.0911,0.5488855021409679,-0.1198575454364852,0.2329720432955174
1922,2010-03-01,0.713,0.388,0.381,0.0829,0.5455269844626326,0.0755811075671612,0.0918919079702061
1923,2010-04-01,0.7,0.29,0.298,0.0788,0.5410841271156409,0.0008581160291986,0.1580577568551604
1924,2010-05-01,0.597,0.139,0.403,0.0689,0.5357843250888781,-0.0075544900099998,0.0687701649211217
1925,2010-06-01,0.528,0.017,0.282,0.0673,0.529473079042427,0.0011805453563105,-0.0026536243987376
1926,2010-07-01,0.492,-0.09,0.259,0.0733,0.5215349829796612,0.0269964421497307,-0.0565314251293919
1927,2010-08-01,0.503,-0.023,0.225,0.0753,0.5112206868059025,0.0187322131819781,-0.0269528999878805
1928,2010-09-01,0.47,-0.09,0.223,0.082,0.4986612236618558,-0.000414486327388,-0.0282467373344678
1929,2010-10-01,0.543,0.027,0.427,0.0805,0.4856096466877226,0.0404847862989929,0.0169055670132845
1930,2010-11-01,0.613,0.013,0.471,0.081,0.4743128921733087,0.0735731924344461,0.065113915392245
1931,2010-12-01,0.332,-0.204,0.213,0.1078,0.4656744703409021,-0.0700015960939447,-0.0636728742469574
1932,2011-01-01,0.365,-0.226,0.093,0.1212,0.4592378150653015,-0.043209342883578,-0.0510284721817234
1933,2011-02-01,0.322,-0.34,0.065,0.1303,0.4542163399572193,-0.1245822927277367,-0.0076340472294825
1934,2011-03-01,0.45,-0.263,0.078,0.1151,0.4501842227974049,0.0288493757144737,-0.0290335985118787
1935,2011-04-01,0.478,-0.222,0.136,0.0949,0.4466833132330073,0.0249378192956439,0.0063788674713486
1936,2011-05-01,0.365,-0.232,-0.029,0.0912,0.4433986271250607,0.0093286179595376,-0.0877272450845983
1937,2011-06-01,0.461,-0.067,0.095,0.0883,0.4402769426897002,0.020544813099401,0.0001782442108988
1938,2011-07-01,0.55,0.058,0.125,0.0924,0.4382108872636063,0.0034972340612893,0.1082918786751043
1939,2011-08-01,0.557,0.054,0.192,0.0962,0.4381963111778161,0.0329976714392206,0.0858060173829631
1940,2011-09-01,0.423,-0.047,0.05,0.0967,0.4404272712080603,0.0129726703531962,-0.0303999415612565
1941,2011-10-01,0.487,-0.056,0.143,0.0933,0.4440240233459364,0.0563500044509579,-0.0133740277968943
1942,2011-11-01,0.399,-0.214,-0.145,0.0787,0.4479029253151498,0.086512983238198,-0.1354159085533477
1943,2011-12-01,0.414,0.082,-0.016,0.0725,0.4517811893880053,-0.078192583631763,0.0404113942437577
1944,2012-01-01,0.287,-0.078,-0.26,0.0825,0.4558479843023568,-0.0418235336891286,-0.1270244506132282
1945,2012-02-01,0.323,0.001,-0.199,0.0824,0.4599340116041386,-0.1204184246606259,-0.0165155869435127
1946,2012-03-01,0.325,-0.125,-0.343,0.0878,0.4638577956397255,-0.0206983043855383,-0.1181594912541871
1947,2012-04-01,0.523,0.045,0.113,0.0913,0.4679397564790322,0.0212065066145057,0.033853736906462
1948,2012-05-01,0.581,0.216,0.125,0.0991,0.4729039481382087,0.0098322519241174,0.0982637999376737
1949,2012-06-01,0.522,0.061,0.136,0.1015,0.4787393970080697,0.0216496793737596,0.0216109236181706
1950,2012-07-01,0.444,-0.106,-0.022,0.0965,0.4844898489238932,-0.0213802804832448,-0.0191095684406482
1951,2012-08-01,0.514,-0.043,0.128,0.0925,0.4890336374515057,0.0410739536208706,-0.0161075910723763
1952,2012-09-01,0.55,0.127,0.115,0.0978,0.4921702753389282,0.0371764456760318,0.0206532789850399
1953,2012-10-01,0.633,0.146,0.233,0.1114,0.4942393734776755,0.0513899174066169,0.0873707091157076
1954,2012-11-01,0.602,0.203,0.198,0.1166,0.4956439805133281,0.0908043450817258,0.015551674404946
1955,2012-12-01,0.362,-0.052,0.061,0.1201,0.4965652477839088,-0.0626963729056731,-0.0718688748782356
1956,2013-01-01,0.516,0.229,-0.034,0.1052,0.4971894748048767,-0.026156099962417,0.0449666251575404
1957,2013-02-01,0.415,0.092,0.022,0.0947,0.4980434745721401,-0.0957038553742356,0.0126603808020954
1958,2013-03-01,0.454,0.129,0.078,0.0792,0.4996569082288475,-0.0317227474431359,-0.0139341607857115
1959,2013-04-01,0.408,-0.115,0.033,0.0842,0.501902451128009,0.0019947450149146,-0.0958971961429236
1960,2013-05-01,0.457,-0.124,0.033,0.081,0.5042164279835389,0.0156069493628499,-0.0628233773463888
1961,2013-06-01,0.542,0.02,0.225,0.0819,0.506753485788911,0.0023748456784519,0.0328716685326371
1962,2013-07-01,0.45,0.006,0.053,0.0816,0.5103461355547473,-0.0651714223574286,0.0048252868026813
1963,2013-08-01,0.525,0.011,0.035,0.0819,0.5156230680402403,0.0252764959716055,-0.0158995640118458
1964,2013-09-01,0.598,0.048,0.114,0.086,0.5222872934491611,0.045930334082784,0.0297823724680547
1965,2013-10-01,0.516,-0.117,-0.048,0.0751,0.5296803777276411,0.0444803954920881,-0.0581607732197292
1966,2013-11-01,0.646,0.044,0.268,0.082,0.5376200569839542,0.0927364321324378,0.0156435108836079
1967,2013-12-01,0.527,0.165,-0.044,0.0716,0.5462114833944113,-0.0441298017136529,0.0249183183192417
1968,2014-01-01,0.573,0.057,0.159,0.0743,0.5549619852887,0.0148808690418835,0.0031571456694164
1969,2014-02-01,0.377,-0.038,-0.144,0.0793,0.5633479041950818,-0.0510190024666682,-0.1353289017284135
1970,2014-03-01,0.572,0.118,0.141,0.0796,0.5711675489350373,0.0081603331438056,-0.007327882078843
1971,2014-04-01,0.611,0.203,0.185,0.0761,0.5785863574161709,-0.0115958947088816,0.0440095372927106
1972,2014-05-01,0.65,0.193,0.428,0.0789,0.5859259717410843,-0.0005780160136476,0.0646520442725633
1973,2014-06-01,0.52,-0.022,0.263,0.0794,0.5929901522291667,-0.0336564515007766,-0.03933370072839
1974,2014-07-01,0.46,0.01,0.314,0.0783,0.5994409574152606,-0.101137104591818,-0.0383038528234425
1975,2014-08-01,0.648,0.123,0.327,0.0829,0.6053956834287174,0.0035250371361927,0.0390792794350898
1976,2014-09-01,0.669,0.071,0.304,0.0884,0.6114031378273043,0.0225704642961527,0.035026397876543
1977,2014-10-01,0.631,0.115,0.189,0.0889,0.6179547682312965,0.027636736224586,-0.0145915044558825
1978,2014-11-01,0.498,-0.148,-0.037,0.0883,0.6248938446932453,0.0729474433575402,-0.1998412880507855
1979,2014-12-01,0.607,0.08,0.27,0.0884,0.6321091771487442,-0.031904330428261,0.0067951532795168
1980,2015-01-01,0.649,0.076,0.079,0.0915,0.640050614043297,0.048304654819377,-0.039355268862674
1981,2015-02-01,0.682,0.305,0.246,0.072,0.6493780474750258,0.0111582005161812,0.021463752008793
1982,2015-03-01,0.707,0.135,0.163,0.0776,0.6603169277249065,0.0801552313552375,-0.033472159080144
1983,2015-04-01,0.594,-0.017,0.086,0.0777,0.6728735856821141,0.0026793426182302,-0.0815529283003443
1984,2015-05-01,0.639,-0.011,0.171,0.0773,0.6872885418707656,-0.0149671432624354,-0.0333213986083301
1985,2015-06-01,0.66,0.14,0.166,0.0731,0.7045784182491476,-0.0840018786080751,0.0394234603589276
1986,2015-07-01,0.606,0.146,0.144,0.0536,0.7246641925330585,-0.1120297019025962,-0.0066344906304622
1987,2015-08-01,0.669,0.021,0.212,0.0545,0.7443570092334487,0.0004845425429756,-0.0758415517764242
1988,2015-09-01,0.707,0.038,0.17,0.0577,0.7601126640512827,-0.0145210000662449,-0.0385916639850378
1989,2015-10-01,0.896,0.265,0.299,0.0942,0.77175705791262,0.0117991637525585,0.1124437783348215
1990,2015-11-01,0.86,0.362,0.295,0.0957,0.7815153056594661,0.0417001776271638,0.03678451671337
1991,2015-12-01,0.962,0.355,0.43,0.1197,0.7905153165491456,-0.0196473684192473,0.1911320518701016
1992,2016-01-01,0.993,0.344,0.585,0.1407,0.7986565495600437,0.0530631917417567,0.1412802586981995
1993,2016-02-01,1.128,0.446,0.566,0.1761,0.8053866479205843,0.0264648473427879,0.2961485047366275
1994,2016-03-01,1.101,0.394,0.657,0.1959,0.8106512299382865,0.1497092507867833,0.1406395192749301
1995,2016-04-01,0.92,0.326,0.574,0.1843,0.8148632438299518,0.0138088204218827,0.0913279357481654
1996,2016-05-01,0.785,0.146,0.431,0.1739,0.8173991904028906,-0.0245835239503804,-0.00781566645251
1997,2016-06-01,0.667,0.007,0.181,0.1732,0.8162023507710711,-0.1094744415281707,-0.0397279092429002
1998,2016-07-01,0.695,0.089,0.31,0.1631,0.8103521988593838,-0.0950961512854057,-0.0202560475739781
1999,2016-08-01,0.839,0.17,0.301,0.1515,0.801535237445726,-0.0116947215715055,0.0491594841257795
2000,2016-09-01,0.747,0.04,0.275,0.1477,0.7922334381786909,-0.0530878810132885,0.0078544428345976
2001,2016-10-01,0.718,-0.178,0.194,0.155,0.7834310670425738,0.0198033140930864,-0.0852343811356602
2002,2016-11-01,0.748,-0.112,0.211,0.1589,0.7754415518660783,0.0079660763265462,-0.0354076281926245
2003,2016-12-01,0.713,-0.249,0.088,0.1604,0.7680910283736999,-0.0059164619519931,-0.0491745664217068
2004,2017-01-01,0.854,-0.139,0.075,0.153,0.761218852064442,0.0456592774392666,0.0471218704962913
2005,2017-02-01,0.946,-0.182,0.42,0.1272,0.7550248176221565,0.0300369491251309,0.1609382332527125
2006,2017-03-01,0.948,-0.153,0.46,0.1003,0.749511959365858,0.1912081536373325,0.0072798869968094
2007,2017-04-01,0.755,-0.165,0.146,0.0932,0.7441812117076033,0.030274499793791,-0.0194557115013943
2008,2017-05-01,0.732,-0.053,0.243,0.0944,0.7387972952027552,-0.035841156997634,0.0290438617948788
2009,2017-06-01,0.578,-0.089,0.152,0.1068,0.7333886726811518,-0.1116869859882975,-0.0437016866928543
2010,2017-07-01,0.68,-0.015,0.225,0.1079,0.7276751655488715,-0.0686639067066043,0.0209887411577329
2011,2017-08-01,0.714,-0.125,0.283,0.1068,0.7213625562026694,-0.0206053231564536,0.0132427669537842
2012,2017-09-01,0.631,-0.116,0.225,0.1133,0.71492673928497,-0.0733093655001194,-0.0106173737848506
2013,2017-10-01,0.722,0.004,0.278,0.1132,0.7092050715057918,0.0232216346990841,-0.0104267062048759
2014,2017-11-01,0.69,-0.058,0.282,0.1146,0.7045352214618377,-0.0231708543141888,0.0086356328523511
2015,2017-12-01,0.753,0.04,0.434,0.1141,0.7009961959348637,0.0104171365644216,0.0415866675007146
2016,2018-01-01,0.643,-0.211,0.542,0.1129,0.698492322253436,0.0142444389856896,-0.0697367612391257
2017,2018-02-01,0.68,-0.266,0.523,0.0912,0.6966121417586015,0.0275977511905111,-0.0442098929491125
2018,2018-03-01,0.679,-0.269,0.174,0.0523,0.6953602830978293,0.1990425310259766,-0.2154028141238058
2019,2018-04-01,0.718,-0.037,0.372,0.049,0.6950488382502935,0.0459255444520986,-0.0229743827023921
2020,2018-05-01,0.645,-0.087,0.305,0.0478,0.6958958323150028,-0.0362399460173356,-0.0146558862976671
2021,2018-06-01,0.627,0.049,0.319,0.04,0.6982721196310911,-0.0944941361377664,0.0232220165066753
2022,2018-07-01,0.662,-0.018,0.226,0.0404,0.7022763420370833,-0.0450364012688141,0.0047600592317308
2023,2018-08-01,0.638,-0.076,0.292,0.0406,0.7077400365236227,-0.0315769011390609,-0.0381631353845617
2024,2018-09-01,0.618,-0.013,0.185,0.042,0.7145712136907277,-0.0674998605757585,-0.0290713531149692
2025,2018-10-01,0.808,0.086,0.305,0.0561,0.7224972635653768,0.0367036498165553,0.0487990866180679
2026,2018-11-01,0.648,-0.042,0.136,0.0567,0.7308760091220075,-0.017154344721251,-0.0657216644007564
2027,2018-12-01,0.756,0.003,0.368,0.0571,0.7389724758851041,0.0257618279115553,-0.0087343037966594
2028,2019-01-01,0.74,0.097,0.252,0.0587,0.7467646272323923,-0.0239437601711215,0.0171791329387291
2029,2019-02-01,0.744,0.064,0.384,0.0611,0.7544909790179912,-0.0245262186774192,0.0140352396594279
2030,2019-03-01,0.966,0.287,0.641,0.1,0.7625500580584786,0.1784171456634485,0.0250327962780728
2031,2019-04-01,0.844,0.126,0.434,0.1069,0.7710994078498177,0.0454223742740016,0.0274782178761806
2032,2019-05-01,0.713,0.068,0.255,0.104,0.7798749258952579,-0.0351471749899349,-0.0317277509053229
2033,2019-06-01,0.729,0.102,0.218,0.0988,0.7881812988650309,-0.0637237803948254,0.0045424815297945
2034,2019-07-01,0.771,0.109,0.189,0.0961,0.7958355650461642,-0.0273284008757663,0.0024928358296021
2035,2019-08-01,0.768,0.13,0.242,0.0897,0.8027980396610118,-0.0402922866258629,0.0054942469648512
2036,2019-09-01,0.739,0.121,0.179,0.0786,0.808348898024264,-0.0371938530400732,-0.0321550449841908
2037,2019-10-01,0.868,0.06,0.352,0.0831,0.8116279608887458,0.0480578731265863,0.0083141659846678
2038,2019-11-01,0.818,0.17,0.218,0.0736,0.8127275264910709,0.0106132262497095,-0.0053407527407806
2039,2019-12-01,0.946,0.19,0.41,0.0856,0.8124214784896179,0.0043590758676496,0.1292194456427323
2040,2020-01-01,0.981,0.241,0.39,0.0968,0.8111211424201,-0.0380910221004541,0.207969879680354
2041,2020-02-01,1.021,0.277,0.359,0.1083,0.8092254693569312,-0.0320898673601649,0.2438643980032335
2042,2020-03-01,0.953,-0.013,0.24,0.1071,0.806307140828861,0.1478642016718583,-0.0011713425007193
2043,2020-04-01,0.955,0.111,0.255,0.1116,0.8021033884725306,0.0171528969365669,0.1357437145909025
2044,2020-05-01,0.819,0.106,0.222,0.1032,0.7967482017299861,-0.0428048079297389,0.0650566061997528
2045,2020-06-01,0.751,0.022,0.223,0.1007,0.7895874132081304,-0.0405204500322748,0.0019330368241444
2046,2020-07-01,0.748,-0.023,0.256,0.1029,0.7794286247091874,-0.0133744814217176,-0.0180541432874696
2047,2020-08-01,0.718,-0.05,0.215,0.108,0.766177041646622,-0.0290602983408626,-0.0191167433057594
2048,2020-09-01,0.792,0.053,0.322,0.1036,0.7520084686910988,-0.0073416596844265,0.0473331909933277
2049,2020-10-01,0.72,-0.148,0.177,0.1116,0.7395068716643496,0.0543376698016911,-0.0738445414660408
2050,2020-11-01,0.908,0.09,0.295,0.1122,0.7295430917907639,0.0404242455055651,0.1380326627036708
2051,2020-12-01,0.636,-0.31,0.304,0.1253,0.7217951208865129,-0.0236744756434534,-0.0621206452430594
2052,2021-01-01,0.636,-0.345,0.271,0.128,0.715673052436119,-0.0449428103536534,-0.0347302420824655
2053,2021-02-01,0.461,-0.56,0.139,0.1431,0.7107244175658926,-0.043990168819052,-0.2057342487468404
2054,2021-03-01,0.656,-0.297,0.206,0.1316,0.7069658697660933,0.1236744524696815,-0.1746403222357748
2055,2021-04-01,0.624,-0.331,0.146,0.1145,0.7044715904306433,-0.0155079663016433,-0.064963624129
2056,2021-05-01,0.636,-0.183,0.271,0.1101,0.7033039345565117,-0.0542244909217174,-0.0130794436347942
2057,2021-06-01,0.663,-0.088,0.202,0.1086,0.7037963275914124,-0.0213058169730637,-0.0194905106183486
2058,2021-07-01,0.728,-0.02,0.178,0.1077,0.7063735988894277,0.003243600684355,0.0183828004262172
2059,2021-08-01,0.706,-0.012,0.149,0.1074,0.7109173854655928,-0.00434516475737,-0.0005722207082227
2060,2021-09-01,0.767,-0.025,0.344,0.1053,0.7166392887505467,0.0072121093539142,0.043148601895539
2061,2021-10-01,0.831,0.111,0.344,0.1138,0.722874555940355,0.065332623753832,0.0427928203058128
2062,2021-11-01,0.756,-0.152,0.357,0.0937,0.7287153912850671,0.0813355386551409,-0.0540509299402079
2063,2021-12-01,0.695,0.059,0.281,0.093,0.7336163435010863,-0.042911037332775,0.0042946938316887
2064,2022-01-01,0.719,0.083,0.432,0.0925,0.7374953189868106,-0.054061622728559,0.0355663037417484
2065,2022-02-01,0.682,0.221,0.359,0.0597,0.7403882421234304,-0.0753080601106134,0.0169198179871831
2066,2022-03-01,0.832,0.176,0.507,0.0676,0.7421900276746147,0.1040060507059767,-0.0141960783805914
2067,2022-04-01,0.676,0.052,0.153,0.0623,0.7430470345255592,-0.05292010700369,-0.0141269275218691
2068,2022-05-01,0.664,0.028,0.083,0.0592,0.7439062653108038,-0.0840023503226541,0.0040960850118503
2069,2022-06-01,0.77,0.107,0.248,0.0567,0.7466380087371683,-0.0179302327906951,0.0412922240535268
2070,2022-07-01,0.745,0.017,0.301,0.0567,0.7523411819199028,0.0099191011355902,-0.017260283055493
2071,2022-08-01,0.766,0.06,0.252,0.0564,0.7610081424741861,0.0184290159862183,-0.0134371584604044
2072,2022-09-01,0.719,-0.048,0.169,0.0562,0.7723230356449654,-0.0052447227833254,-0.0480783128616399
2073,2022-10-01,0.832,0.001,0.199,0.0563,0.7860585802642122,0.0846365256788022,-0.0386951059430143
2074,2022-11-01,0.571,-0.185,-0.031,0.0736,0.802238651647653,0.088738502248076,-0.319977153895729
2075,2022-12-01,0.665,-0.03,0.303,0.0751,0.820586754046925,-0.0208587510144357,-0.1347280030324892
2076,2023-01-01,0.698,-0.021,0.182,0.0754,0.841217313221036,-0.0239059269785591,-0.1193113862424768
2077,2023-02-01,0.787,0.105,0.372,0.0769,0.8641947179409318,-0.0293904499863303,-0.0478042679546014
2078,2023-03-01,1.025,0.193,0.571,0.1127,0.8894406138376773,0.0853699948999457,0.0501893912623768
2079,2023-04-01,0.826,0.15,0.418,0.1129,0.9164060493919126,-0.0433210959857575,-0.0470849534061551
2080,2023-05-01,0.794,0.13,0.337,0.1095,0.9445088140804772,-0.1053067766145228,-0.0452020374659543
2081,2023-06-01,0.944,0.174,0.402,0.1209,0.9724516162220538,-0.0491396801266304,0.0206880639045766
2082,2023-07-01,1.066,0.321,0.616,0.1453,0.998767261916412,-0.0332674491242448,0.1005001872078328
2083,2023-08-01,1.098,0.332,0.573,0.1666,1.0222499777833152,0.0125958034073544,0.0631542188093305
2084,2023-09-01,1.276,0.557,0.678,0.2045,1.0427517192339315,0.0064112528607153,0.2268370279053531
2085,2023-10-01,1.205,0.373,0.689,0.2237,1.0608344081389751,0.0817361733613042,0.0624294184997205
2086,2023-11-01,1.234,0.663,0.588,0.2132,1.076791658794807,0.0832999747243324,0.0739083664808606
2087,2023-12-01,1.192,0.527,0.665,0.1989,1.0904591368737913,-0.012576296440095,0.1141171595663037
2088,2024-01-01,1.08,0.382,0.507,0.1729,1.101350388325148,0.015778673454716,-0.037129061779864
2089,2024-02-01,1.206,0.419,0.829,0.158,1.1086733655115713,0.0067852278469484,0.0905414066414802
2090,2024-03-01,1.131,0.106,0.559,0.1577,1.1116149416388057,0.0760460393824419,-0.0566609810212477
2091,2024-04-01,1.103,0.277,0.492,0.1344,1.1105640315714256,-0.024772903303736,0.0172088717323104
2092,2024-05-01,0.985,0.191,0.335,0.1006,1.1069094398671862,-0.1214055496012331,-0.000503890265953
2093,2024-06-01,1.038,0.094,0.518,0.0879,1.10194757022224,-0.0830104788875887,0.0190629086653486
2094,2024-07-01,1.041,-0.025,0.581,0.0899,1.0962491402228225,-0.0761004701384164,0.0208513299155941
2095,2024-08-01,1.113,0.015,0.465,0.0895,1.0900996511648564,0.0057301452041772,0.0171702036309664
2096,2024-09-01,1.07,-0.206,0.401,0.0789,1.0832589266114654,0.0156098027505766,-0.0288687293620419
2097,2024-10-01,1.153,-0.052,0.522,0.0749,1.0753291215057232,0.0783554933473968,-0.0006846148531201
2098,2024-11-01,1.134,-0.1,0.636,0.065,1.0660612068601822,0.0802936379588527,-0.0123548448190351
2099,2024-12-01,1.083,-0.109,0.476,0.0589,1.0555877875855575,-0.0021004711455278,0.0295126835599701
2100,2025-01-01,1.166,0.086,0.517,0.0621,1.0442896672771984,0.0579747559750172,0.0637355767477843
2101,2025-02-01,1.054,-0.152,0.372,0.0539,1.0307956570046115,0.043516132605759,-0.0203117896103706
2102,2025-03-01,1.112,-0.019,0.405,0.0528,1.0170346723886516,0.0655193176780291,0.0294460099333193
2103,2025-04-01,1.021,-0.082,0.427,0.0559,1.0031870459276373,-0.0018561544823509,0.0196691085547136
2104,2025-05-01,0.886,-0.099,0.247,0.0752,0.9892365030634054,-0.1346103216083942,0.0313738185449887
2105,2025-06-01,0.836,-0.202,0.176,0.1016,0.975148194433985,-0.1205422209228242,-0.0186059735111607
2106,2025-07-01,0.806,-0.235,0.2,0.1248,0.9608973917954896,-0.1226351258364879,-0.0322622659590017
2107,2025-08-01,0.92,-0.193,0.251,0.1264,0.9464824770428102,-0.0038738994181183,-0.0226085776246918
2108,2025-09-01,1.006,-0.064,0.299,0.1254,0.9319216240434453,0.0279247272709091,0.0461536486856456
2109,2025-10-01,0.987,-0.166,0.091,0.1177,0.9172373942764124,0.0732170097936221,-0.0034544040700345
2110,2025-11-01,0.976,-0.158,0.116,0.1101,0.9024342872770652,0.0732553310085148,0.0003103817144198
2111,2025-12-01,0.869,-0.214,-0.093,0.1106,0.8875134226133584,0.0071256461846226,-0.025639068797981
